# file generated by UVMapper
# NumVerts/NumTVerts/NumVNormals/NumFacets   3606/2909/3225/3107
# NumGroups/NumMaterials/NumRegions   0/3/0
# x/y/color/ppu   512/512/0/50.00000000

mtllib Party Hat Package.mtl

v -0.02092600  35.53805542  0.07865200
v -0.05504200  35.74555588  0.05909500
v -0.12745000  36.04424286  0.01758700
v -0.21585301  36.30452728 -0.03308900
v -0.29367000  36.47953033 -0.07769800
v -0.36294800  36.60556793 -0.11741200
v -0.44224501  36.72319031 -0.16286799
v -0.53215498  36.82883835 -0.21440899
v -0.59828401  36.89086533 -0.25231799
v -0.66957200  36.94493866 -0.29318300
v -0.74619401  36.99000931 -0.33710599
v -0.82832599  37.02501678 -0.38418901
v -0.87151301  37.03841782 -0.40894601
v -0.96224201  37.05636597 -0.46095601
v -1.11037195  37.06401443 -0.54569602
v -1.27177095  37.05318451 -0.63772100
v -1.56223202  37.00035477 -0.80280501
v -1.99098599  36.87134552 -1.04568696
v -2.63383889  36.60394287 -1.40873396
v -3.16857791  36.32416916 -1.70999098
v -3.26176691  36.26431274 -1.76242697
v -3.27082801  36.25715256 -1.76752496
v -3.27850008  36.24832916 -1.77184403
v -3.27990699  36.24516678 -1.77267003
v -3.28358102  36.24068832 -1.77483594
v -3.29735303  36.22790527 -1.78295898
v -3.92369699  35.69928360 -2.15265608
v -4.05892897  35.54529190 -2.23247600
v -4.15072680  35.41605759 -2.28665590
v -4.20605421  35.31682968 -2.31930709
v -4.23508406  35.25002289 -2.33643603
v -4.25694799  35.18296051 -2.34933400
v -4.27089310  35.11587524 -2.35755610
v -4.27616310  35.04899979 -2.36065602
v  0.07969100  35.53887939 -0.09777100
v  0.04557500  35.74637985 -0.11732800
v -0.02683300  36.04506302 -0.15883601
v -0.11523500  36.30535126 -0.20951200
v -0.19305199  36.48035431 -0.25412101
v -0.26233101  36.60639191 -0.29383501
v -0.34162799  36.72401428 -0.33929101
v -0.43153700  36.82966232 -0.39083201
v -0.49766701  36.89168930 -0.42874101
v -0.56895500  36.94576263 -0.46960601
v -0.64557600  36.99082947 -0.51352900
v -0.72770798  37.02584076 -0.56061202
v -0.77089602  37.03924179 -0.58536899
v -0.86162400  37.05718613 -0.63737899
v -1.00975502  37.06483841 -0.72211897
v -1.17115295  37.05400848 -0.81414402
v -1.46161497  37.00117493 -0.97922802
v -1.89036798  36.87216949 -1.22211003
v -2.53322196  36.60476685 -1.58515704
v -3.06796002  36.32499313 -1.88641405
v -3.16114998  36.26513290 -1.93885005
v -3.17021108  36.25797272 -1.94394803
v -3.17788196  36.24914932 -1.94826698
v -3.17928910  36.24599075 -1.94909298
v -3.18296409  36.24151230 -1.95125902
v -3.19673610  36.22872543 -1.95938206
v -3.82308006  35.70010757 -2.32907891
v -3.95831108  35.54611206 -2.40889907
v -4.05010986  35.41687775 -2.46307898
v -4.10543680  35.31765366 -2.49572992
v -4.13446617  35.25084686 -2.51285911
v -4.15633106  35.18378067 -2.52575707
v -4.17027617  35.11669540 -2.53397894
v -4.17554617  35.04982376 -2.53707910
v -0.04898700  35.54006195  0.03345700
v -0.06194900  35.74986649  0.01303400
v -0.09496200  36.05381012 -0.03897900
v -0.13931900  36.32079697 -0.10886500
v -0.18046600  36.50183868 -0.17369300
v -0.21825300  36.63332748 -0.23322800
v -0.26253799  36.75726318 -0.30300099
v -0.31382701  36.87014008 -0.38380799
v -0.35215899  36.93752670 -0.44420201
v -0.39397699  36.99740982 -0.51008803
v -0.43943101  37.04875946 -0.58170301
v -0.48866999  37.09053421 -0.65928102
v -0.51475602  37.10750580 -0.70038003
v -0.56995398  37.13298035 -0.78734601
v -0.66099602  37.15297318 -0.93050200
v -0.76107901  37.15562820 -1.08738303
v -0.94273502  37.12714005 -1.37128699
v -1.21323395  37.03416824 -1.79277205
v -1.62220204  36.82094574 -2.42826509
v -1.96495795  36.58636856 -2.95973897
v -2.02515101  36.53441238 -3.05298305
v -2.03105593  36.52802277 -3.06213093
v -2.03616190  36.51986313 -3.07004595
v -2.03714204  36.51682663 -3.07162309
v -2.03955197  36.51267242 -3.07551503
v -2.04842591  36.50107574 -3.08986712
v -2.44984388  36.02652740 -3.73955107
v -2.53805900  35.88431168 -3.88225889
v -2.59890294  35.76314163 -3.98064089
v -2.63640308  35.66883087 -4.04123783
v -2.65665293  35.60463715 -4.07393122
v -2.67255592  35.53958893 -4.09957790
v -2.68364406  35.47385025 -4.11741781
v -2.68945003  35.40759659 -4.12669277
v  0.12228000  35.54091644 -0.07570600
v  0.10931700  35.75071716 -0.09612900
v  0.07630500  36.05466461 -0.14814100
v  0.03194800  36.32165146 -0.21802799
v -0.00919900  36.50268936 -0.28285599
v -0.04698600  36.63418198 -0.34239101
v -0.09127100  36.75811386 -0.41216400
v -0.14256001  36.87099457 -0.49297100
v -0.18089201  36.93838120 -0.55336499
v -0.22271000  36.99826431 -0.61925101
v -0.26816401  37.04961014 -0.69086498
v -0.31740299  37.09138489 -0.76844400
v -0.34348899  37.10836029 -0.80954301
v -0.39868701  37.13383484 -0.89650899
v -0.48972899  37.15382767 -1.03966498
v -0.58981198  37.15648270 -1.19654596
v -0.77146798  37.12799072 -1.48044896
v -1.04196703  37.03502274 -1.90193498
v -1.45093501  36.82179642 -2.53742790
v -1.79369104  36.58722305 -3.06890202
v -1.85388398  36.53526688 -3.16214490
v -1.85978997  36.52887726 -3.17129302
v -1.86489499  36.52071381 -3.17920899
v -1.86587501  36.51768112 -3.18078589
v -1.86828494  36.51352310 -3.18467808
v -1.87715900  36.50193024 -3.19902897
v -2.27857709  36.02738190 -3.84871292
v -2.36679196  35.88516617 -3.99142194
v -2.42763591  35.76399231 -4.08980417
v -2.46513605  35.66968155 -4.15040016
v -2.48538589  35.60549164 -4.18309402
v -2.50128889  35.54044342 -4.20874119
v -2.51237702  35.47470474 -4.22658110
v -2.51818299  35.40845108 -4.23585606
v -0.03439100  35.53752899 -0.04893100
v -0.01967100  35.74413681 -0.09014700
v  0.01054800  36.04096222 -0.17476100
v  0.04669000  36.29900360 -0.27595800
v  0.07811300  36.47204590 -0.36394399
v  0.10587400  36.59634018 -0.44167501
v  0.13745700  36.71197510 -0.53010702
v  0.17306800  36.81537628 -0.62981600
v  0.19914600  36.87575531 -0.70283699
v  0.22716700  36.92805481 -0.78129399
v  0.25718999  36.97121429 -0.86535800
v  0.28927600  37.00418472 -0.95520002
v  0.30611101  37.01651764 -1.00233996
v  0.34140599  37.03221512 -1.10116601
v  0.39870301  37.03620529 -1.26204801
v  0.46069199  37.02139282 -1.43690002
v  0.57149100  36.96140671 -1.75080705
v  0.73388600  36.82186127 -2.21299601
v  0.97573900  36.53868484 -2.90428901
v  1.17578197  36.24581146 -3.47803307
v  1.21050096  36.18367386 -3.57778502
v  1.21386600  36.17629242 -3.58745694
v  1.21669805  36.16728210 -3.59559011
v  1.21724105  36.16408539 -3.59705710
v  1.21869004  36.15951920 -3.60096502
v  1.22416103  36.14639282 -3.61569309
v  1.47359002  35.60229492 -4.28663588
v  1.52715695  35.44496918 -4.43069220
v  1.56333697  35.31348038 -4.52798080
v  1.58498502  35.21289825 -4.58618593
v  1.59623504  35.14538574 -4.61642694
v  1.60458398  35.07778931 -4.63886499
v  1.60973001  35.01037216 -4.65268421
v  1.61136794  34.94338226 -4.65706682
v  0.15703200  35.53834152  0.01893900
v  0.17175201  35.74494934 -0.02227700
v  0.20197099  36.04177856 -0.10689000
v  0.23811200  36.29981995 -0.20808700
v  0.26953599  36.47285843 -0.29607299
v  0.29729700  36.59715271 -0.37380400
v  0.32888001  36.71278763 -0.46223700
v  0.36449000  36.81618881 -0.56194597
v  0.39056900  36.87656784 -0.63496602
v  0.41858900  36.92886734 -0.71342403
v  0.44861200  36.97203064 -0.79748797
v  0.48069799  37.00499725 -0.88732898
v  0.49753401  37.01733017 -0.93446898
v  0.53282899  37.03302765 -1.03329504
v  0.59012502  37.03701782 -1.19417799
v  0.65211499  37.02220535 -1.36903000
v  0.76291400  36.96221924 -1.68293703
v  0.92530900  36.82267380 -2.14512610
v  1.16716099  36.53949738 -2.83641911
v  1.36720502  36.24662781 -3.41016293
v  1.40192294  36.18448639 -3.50991511
v  1.40528905  36.17710495 -3.51958704
v  1.40812099  36.16809464 -3.52771997
v  1.40866303  36.16490173 -3.52918696
v  1.41011298  36.16033173 -3.53309393
v  1.41558301  36.14720535 -3.54782200
v  1.66501296  35.60310745 -4.21876621
v  1.71857905  35.44578552 -4.36282206
v  1.75475895  35.31429291 -4.46011114
v  1.77640796  35.21371460 -4.51831484
v  1.78765702  35.14619827 -4.54855585
v  1.79600704  35.07860565 -4.57099485
v  1.80115294  35.01118851 -4.58481407
v  1.80279100  34.94419861 -4.58919621
v  0.00888200  35.53989792 -0.08724800
v  0.02817900  35.74956512 -0.10367000
v  0.07636000  36.05316925 -0.14467600
v  0.14050899  36.31969833 -0.19927099
v  0.19973700  36.50031662 -0.24967800
v  0.25398499  36.63142014 -0.29584599
v  0.31743500  36.75489807 -0.34984699
v  0.39079100  36.86724854 -0.41227800
v  0.44554499  36.93424225 -0.45887700
v  0.50522202  36.99369812 -0.50966603
v  0.57002997  37.04458237 -0.56482202
v  0.64017802  37.08584976 -0.62452197
v  0.67731899  37.10255814 -0.65613198
v  0.75586498  37.12746811 -0.72298002
v  0.88504601  37.14653015 -0.83312100
v  1.02648699  37.14816666 -0.95406300
v  1.28223705  37.11783218 -1.17334294
v  1.66159999  37.02211761 -1.49951100
v  2.23312211  36.80475616 -1.99214399
v  2.71076202  36.56672287 -2.40466309
v  2.79450607  36.51415634 -2.47705698
v  2.80271697  36.50770950 -2.48415494
v  2.80981112  36.49949646 -2.49028206
v  2.81122398  36.49645233 -2.49146199
v  2.81472611  36.49227142 -2.49437499
v  2.82765388  36.48058319 -2.50511789
v  3.41318989  36.00185776 -2.99131894
v  3.54164410  35.85872650 -3.09802294
v  3.63009906  35.73692322 -3.17153096
v  3.68449402  35.64222336 -3.21675992
v  3.71378493  35.57781982 -3.24113297
v  3.73669791  35.51260757 -3.26021791
v  3.75254798  35.44675827 -3.27344704
v  3.76064801  35.38044357 -3.28025103
v  0.14081299  35.54074860  0.06716500
v  0.16010900  35.75041580  0.05074200
v  0.20829099  36.05402374  0.00973600
v  0.27243999  36.32054901 -0.04485900
v  0.33166799  36.50116730 -0.09526600
v  0.38591501  36.63227081 -0.14143400
v  0.44936499  36.75574875 -0.19543400
v  0.52272099  36.86810303 -0.25786501
v  0.57747602  36.93509674 -0.30446401
v  0.63715303  36.99455261 -0.35525399
v  0.70196098  37.04543304 -0.41040999
v  0.77210802  37.08670425 -0.47011000
v  0.80924898  37.10340881 -0.50171900
v  0.88779497  37.12831879 -0.56856698
v  1.01697600  37.14738083 -0.67870802
v  1.15841806  37.14902115 -0.79965001
v  1.41416705  37.11868286 -1.01893103
v  1.79353094  37.02296829 -1.34509897
v  2.36505294  36.80561066 -1.83773196
v  2.84269190  36.56757355 -2.25025010
v  2.92643690  36.51501083 -2.32264400
v  2.93464804  36.50856018 -2.32974195
v  2.94174194  36.50034714 -2.33587003
v  2.94315410  36.49730301 -2.33704901
v  2.94665599  36.49312210 -2.33996201
v  2.95958495  36.48143387 -2.35070491
v  3.54512095  36.00270844 -2.83690691
v  3.67357492  35.85957718 -2.94361091
v  3.76202893  35.73777390 -3.01711798
v  3.81642509  35.64307404 -3.06234789
v  3.84571600  35.57867050 -3.08671999
v  3.86862898  35.51345825 -3.10580492
v  3.88447809  35.44760895 -3.11903405
v  3.89257908  35.38129425 -3.12583899
v  0.01282400  35.53347778 -0.08419800
v  0.12536500  35.70743179 -0.12515999
v  0.31044999  35.94697952 -0.19252500
v  0.49681500  36.14395523 -0.26035699
v  0.64032900  36.26783752 -0.31259099
v  0.75680298  36.35089874 -0.35498500
v  0.88001001  36.42159653 -0.39982799
v  1.00919104  36.47639847 -0.44684601
v  1.09825504  36.50236511 -0.47926301
v  1.18941295  36.51865387 -0.51244199
v  1.28243899  36.52422333 -0.54629999
v  1.37710798  36.51802063 -0.58075702
v  1.42498899  36.51018143 -0.59818399
v  1.52170205  36.48437119 -0.63338500
v  1.67126203  36.42245865 -0.68798202
v  1.82672405  36.33752823 -0.74502403
v  2.09346700  36.15428543 -0.84342402
v  2.46727109  35.83728790 -0.98215503
v  2.99885297  35.29454041 -1.18068397
v  3.41874599  34.79076385 -1.33838797
v  3.48766208  34.69282150 -1.36438000
v  3.49385405  34.68207550 -1.36672294
v  3.49804997  34.67044830 -1.36832297
v  3.49826002  34.66689682 -1.36838102
v  3.50024390  34.66107941 -1.36904800
v  3.50920510  34.64292526 -1.37209904
v  3.93698096  33.86565399 -1.51796806
v  4.01421499  33.66136932 -1.54395604
v  4.05726910  33.50009918 -1.55818999
v  4.07511902  33.38338470 -1.56382298
v  4.07888699  33.30865479 -1.56474495
v  4.07536983  33.23705292 -1.56312799
v  4.06389809  33.16914368 -1.55874205
v  4.04380178  33.10549545 -1.55135405
v  0.08298500  35.53404999  0.10639700
v  0.19552600  35.70800018  0.06543600
v  0.38061199  35.94755173 -0.00193000
v  0.56697601  36.14452744 -0.06976100
v  0.71048999  36.26840973 -0.12199600
v  0.82696402  36.35147095 -0.16438900
v  0.95017099  36.42216873 -0.20923300
v  1.07935202  36.47697067 -0.25625101
v  1.16841698  36.50293732 -0.28866699
v  1.25957406  36.51922607 -0.32184601
v  1.35259998  36.52479553 -0.35570499
v  1.44727004  36.51859283 -0.39016199
v  1.49514997  36.51075363 -0.40758899
v  1.59186304  36.48494339 -0.44278899
v  1.74142301  36.42303085 -0.49738601
v  1.89688504  36.33810043 -0.55442798
v  2.16362906  36.15485764 -0.65282899
v  2.53743196  35.83786011 -0.79155999
v  3.06901407  35.29511261 -0.99008799
v  3.48890710  34.79133224 -1.14779198
v  3.55782294  34.69339371 -1.17378402
v  3.56401491  34.68264771 -1.17612696
v  3.56821203  34.67102051 -1.17772698
v  3.56842089  34.66746902 -1.17778504
v  3.57040596  34.66165161 -1.17845297
v  3.57936597  34.64349747 -1.18150401
v  4.00714207  33.86622238 -1.32737195
v  4.08437586  33.66194153 -1.35336101
v  4.12743092  33.50067139 -1.36759400
v  4.14527988  33.38395691 -1.37322795
v  4.14904881  33.30922699 -1.37414896
v  4.14553213  33.23762512 -1.37253201
v  4.13405895  33.16971588 -1.36814594
v  4.11396313  33.10606766 -1.36075902
v  0.05586400  35.53350067 -0.09120700
v  0.17598499  35.70674515 -0.07858200
v  0.37326500  35.94513702 -0.05784700
v  0.57165003  36.14094543 -0.03699600
v  0.72425801  36.26392746 -0.02095600
v  0.84801000  36.34626007 -0.00795000
v  0.97881597  36.41618729  0.00579900
v  1.11585200  36.47018433  0.02020200
v  1.21026397  36.49559402  0.03012500
v  1.30683398  36.51131439  0.04027500
v  1.40531802  36.51630020  0.05062600
v  1.50547302  36.50950623  0.06115300
v  1.55610096  36.50136948  0.06647400
v  1.65830505  36.47495270  0.07721600
v  1.81629801  36.41210938  0.09366900
v  1.98053300  36.32620621  0.11049700
v  2.26234198  36.14130020  0.13887601
v  2.65727305  35.82196808  0.17785500
v  3.21890807  35.27589798  0.23211500
v  3.66249108  34.76949692  0.27412999
v  3.73525310  34.67112732  0.28091899
v  3.74178290  34.66033936  0.28152201
v  3.74618793  34.64868927  0.28191599
v  3.74638104  34.64513779  0.28195301
v  3.74842310  34.63930511  0.28222001
v  3.75770807  34.62109756  0.28339499
v  4.20159101  33.84118652  0.33933601
v  4.28120804  33.63642883  0.34970900
v  4.32520199  33.47489548  0.35569099
v  4.34303379  33.35807419  0.35838100
v  4.34638786  33.28332138  0.35915899
v  4.34210110  33.21174240  0.35902601
v  4.32947111  33.14390945  0.35789800
v  4.30779886  33.08038712  0.35568899
v  0.03537600  35.53406906  0.11085600
v  0.15549700  35.70731354  0.12348100
v  0.35277700  35.94570541  0.14421600
v  0.55116200  36.14151382  0.16506700
v  0.70376998  36.26449585  0.18110700
v  0.82752299  36.34682846  0.19411400
v  0.95832902  36.41675568  0.20786200
v  1.09536397  36.47075272  0.22226501
v  1.18977594  36.49616241  0.23218800
v  1.28634596  36.51187897  0.24233800
v  1.38483000  36.51686478  0.25268900
v  1.48498595  36.51007462  0.26321599
v  1.53561294  36.50193787  0.26853701
v  1.63781703  36.47552109  0.27927899
v  1.79580998  36.41267395  0.29573199
v  1.96004498  36.32677460  0.31256101
v  2.24185395  36.14186859  0.34093899
v  2.63678598  35.82253647  0.37991801
v  3.19842005  35.27646637  0.43417799
v  3.64200306  34.77006531  0.47619399
v  3.71476507  34.67169571  0.48298201
v  3.72129512  34.66090775  0.48358500
v  3.72569990  34.64925766  0.48397899
v  3.72589302  34.64570236  0.48401701
v  3.72793603  34.63987350  0.48428300
v  3.73722100  34.62166595  0.48545799
v  4.18110323  33.84175491  0.54139900
v  4.26071978  33.63699722  0.55177200
v  4.30471516  33.47546387  0.55775398
v  4.32254601  33.35864258  0.56044400
v  4.32590103  33.28388977  0.56122202
v  4.32161283  33.21231079  0.56108898
v  4.30898285  33.14447403  0.55996102
v  4.28731108  33.08095169  0.55775201
v  0.13442101  35.54013824 -0.05083300
v  0.15285000  35.75000381 -0.03601500
v  0.20025000  36.05411148  0.00209500
v  0.26422200  36.32130814  0.05353000
v  0.32369801  36.50254440  0.10135000
v  0.37838799  36.63421631  0.14532200
v  0.44254401  36.75836563  0.19690400
v  0.51690602  36.87149048  0.25669301
v  0.57251698  36.93906021  0.30140600
v  0.63321400  36.99914551  0.35020700
v  0.69921499  37.05071259  0.40327299
v  0.77073997  37.09272385  0.46078101
v  0.80864298  37.10982132  0.49125600
v  0.88886702  37.13556290  0.55575699
v  1.02113903  37.15599442  0.66191202
v  1.16642702  37.15913010  0.77817398
v  1.42992795  37.13150787  0.98844999
v  1.82199299  37.03982925  1.30044997
v  2.41433811  36.82855988  1.77062094
v  2.91053009  36.59561539  2.16369009
v  2.99766111  36.54394531  2.23265004
v  3.00621200  36.53758621  2.23941803
v  3.01361203  36.52944946  2.24527907
v  3.01505399  36.52642059  2.24646091
v  3.01859808  36.52227402  2.24937606
v  3.03164601  36.51072311  2.26012111
v  3.62194204  36.03814697  2.74658298
v  3.75172091  35.89636612  2.85348606
v  3.84126210  35.77549362  2.92721295
v  3.89647698  35.68136597  2.97264695
v  3.92631006  35.61727142  2.99717593
v  3.94975901  35.55230331  3.01643610
v  3.96613693  35.48662186  3.02985811
v  3.97475410  35.42039490  3.03687501
v  0.00745900  35.54099274  0.10769000
v  0.02588900  35.75085831  0.12250800
v  0.07328800  36.05496216  0.16061801
v  0.13726100  36.32216263  0.21205300
v  0.19673599  36.50339890  0.25987300
v  0.25142601  36.63507462  0.30384499
v  0.31558201  36.75922012  0.35542801
v  0.38994500  36.87234497  0.41521701
v  0.44555601  36.93991470  0.45992899
v  0.50625199  37.00000000  0.50872999
v  0.57225400  37.05156708  0.56179702
v  0.64377898  37.09357834  0.61930501
v  0.68168199  37.11067581  0.64977902
v  0.76190501  37.13641739  0.71428102
v  0.89417702  37.15684509  0.82043499
v  1.03946495  37.15998459  0.93669701
v  1.30296600  37.13236237  1.14697301
v  1.69503105  37.04068375  1.45897305
v  2.28737712  36.82941437  1.92914402
v  2.78356910  36.59646988  2.32221389
v  2.87069988  36.54479980  2.39117289
v  2.87925100  36.53844070  2.39794111
v  2.88665009  36.53030396  2.40380311
v  2.88809299  36.52727127  2.40498400
v  2.89163589  36.52312851  2.40789890
v  2.90468502  36.51157761  2.41864491
v  3.49498010  36.03900146  2.90510607
v  3.62475896  35.89722061  3.01201010
v  3.71430111  35.77634430  3.08573604
v  3.76951504  35.68222046  3.13117003
v  3.79934812  35.61812592  3.15569997
v  3.82279706  35.55315781  3.17495894
v  3.83917499  35.48747635  3.18838096
v  3.84779310  35.42124557  3.19539809
v  0.15062000  35.53807449  0.00596400
v  0.16062699  35.74560165  0.04383700
v  0.18189000  36.04434967  0.12431700
v  0.20787100  36.30471039  0.22265001
v  0.23075099  36.47977829  0.30924600
v  0.25112599  36.60587692  0.38636199
v  0.27445200  36.72356415  0.47464800
v  0.30090499  36.82928848  0.57476902
v  0.32036501  36.89137268  0.64842099
v  0.34134400  36.94550705  0.72782701
v  0.36389700  36.99063873  0.81318301
v  0.38807300  37.02571869  0.90468699
v  0.40078700  37.03915787  0.95280600
v  0.42749700  37.05717850  1.05390298
v  0.47123599  37.06495285  1.21885300
v  0.51911402  37.05426025  1.39837599
v  0.60566002  37.00167465  1.72110903
v  0.73399103  36.87302780  2.19697189
v  0.92721498  36.60616302  2.90972495
v  1.08847499  36.32684326  3.50213289
v  1.11662602  36.26706314  3.60533595
v  1.11936402  36.25991058  3.61537194
v  1.12168002  36.25109482  3.62387109
v  1.12208104  36.24793243  3.62545609
v  1.12312198  36.24345779  3.62959504
v  1.12701702  36.23068619  3.64511204
v  1.30395997  35.70259857  4.35097218
v  1.34217000  35.54872131  4.50339890
v  1.36811602  35.41956329  4.60688591
v  1.38375902  35.32038498  4.66927004
v  1.39197195  35.25360489  4.70201111
v  1.39816296  35.18655777  4.72668123
v  1.40211904  35.11948395  4.74242878
v  1.40362704  35.05261230  4.74840498
v -0.04562500  35.53889847  0.05827800
v -0.03561900  35.74642563  0.09615000
v -0.01435500  36.04517365  0.17663001
v  0.01162600  36.30553436  0.27496299
v  0.03450500  36.48060226  0.36155900
v  0.05488000  36.60670090  0.43867499
v  0.07820600  36.72438812  0.52696103
v  0.10466000  36.83011246  0.62708199
v  0.12411900  36.89219666  0.70073402
v  0.14509900  36.94633102  0.78013998
v  0.16765100  36.99146271  0.86549598
v  0.19182800  37.02653885  0.95700002
v  0.20454100  37.03998184  1.00512004
v  0.23125200  37.05800247  1.10621595
v  0.27499101  37.06577682  1.27116597
v  0.32286900  37.05508423  1.45069003
v  0.40941501  37.00249481  1.77342200
v  0.53774601  36.87385178  2.24928498
v  0.73097003  36.60698700  2.96203804
v  0.89222997  36.32766724  3.55444694
v  0.92038101  36.26788712  3.65764999
v  0.92311901  36.26073456  3.66768503
v  0.92543501  36.25191879  3.67618489
v  0.92583603  36.24875641  3.67776895
v  0.92687601  36.24428177  3.68190789
v  0.93077099  36.23151016  3.69742608
v  1.10771406  35.70342255  4.40328503
v  1.14592505  35.54954529  4.55571318
v  1.17186999  35.42038727  4.65920019
v  1.18751395  35.32120895  4.72158289
v  1.19572699  35.25442505  4.75432396
v  1.20191801  35.18738174  4.77899408
v  1.20587397  35.12030792  4.79474306
v  1.20738196  35.05343628  4.80071783
v  0.14234400  35.54560852  0.05686800
v  0.14337300  35.75659943  0.04768800
v  0.14194199  36.06645966  0.06045100
v  0.13752900  36.34316635  0.09978900
v  0.13226400  36.53405762  0.14673100
v  0.12681600  36.67503357  0.19529600
v  0.11990100  36.81045914  0.25694701
v  0.11135300  36.93703461  0.33315599
v  0.10466500  37.01486969  0.39277700
v  0.09713000  37.08632278  0.45995900
v  0.08869700  37.15041733  0.53513902
v  0.07931800  37.20617676  0.61875099
v  0.07425900  37.23062134  0.66385698
v  0.06337000  37.27203751  0.76093799
v  0.04519900  37.31856537  0.92430001
v  0.02519100  37.35057068  1.10653806
v -0.01118300  37.37565231  1.44188797
v -0.06544300  37.36291504  1.94820595
v -0.14766200  37.27168274  2.72376108
v -0.21684600  37.13989258  3.38164997
v -0.22912800  37.10610962  3.49880290
v -0.23035499  37.10152054  3.51049900
v -0.23146801  37.09494781  3.52103090
v -0.23174299  37.09224319  3.52332711
v -0.23237100  37.08886337  3.52846503
v -0.23462901  37.08007813  3.54681897
v -0.33621299  36.73204422  4.36960506
v -0.35916299  36.61810303  4.55632114
v -0.37537000  36.51671219  4.68868780
v -0.38567901  36.43483353  4.77332020
v -0.39146200  36.37751770  4.82108021
v -0.39624199  36.31805038  4.86086178
v -0.39990801  36.25645447  4.89176512
v -0.40234700  36.19275665  4.91289091
v -0.05951600  35.54651260  0.03447600
v -0.05848600  35.75750351  0.02529500
v -0.05991800  36.06736374  0.03805900
v -0.06433000  36.34407043  0.07739600
v -0.06959600  36.53496170  0.12433800
v -0.07504300  36.67593765  0.17290300
v -0.08195900  36.81136322  0.23455399
v -0.09050700  36.93793869  0.31076300
v -0.09719400  37.01577377  0.37038401
v -0.10473000  37.08722687  0.43756601
v -0.11316300  37.15132141  0.51274598
v -0.12254100  37.20708084  0.59635901
v -0.12760100  37.23152542  0.64146399
v -0.13849001  37.27294159  0.73854500
v -0.15666100  37.31946945  0.90190703
v -0.17666900  37.35147476  1.08414495
v -0.21304300  37.37655640  1.41949606
v -0.26730299  37.36381912  1.92581296
v -0.34952199  37.27258301  2.70136809
v -0.41870600  37.14079666  3.35925698
v -0.43098700  37.10701370  3.47641110
v -0.43221501  37.10242462  3.48810697
v -0.43332699  37.09585190  3.49863791
v -0.43360201  37.09314728  3.50093389
v -0.43423000  37.08976746  3.50607300
v -0.43648800  37.08098221  3.52442598
v -0.53807300  36.73294830  4.34721279
v -0.56102300  36.61900711  4.53392792
v -0.57722998  36.51761627  4.66629601
v -0.58753800  36.43573761  4.75092697
v -0.59332198  36.37842178  4.79868698
v -0.59810197  36.31895447  4.83846903
v -0.60176802  36.25735855  4.86937284
v -0.60420603  36.19366074  4.89049816
v  0.10031400  35.53889465  0.09439000
v  0.07742500  35.74753571  0.11776400
v  0.02569700  36.04872131  0.17058700
v -0.03977700  36.31211472  0.23744699
v -0.09861400  36.48987579  0.29752901
v -0.15165700  36.61838913  0.35169500
v -0.21296100  36.73885345  0.41429701
v -0.28308600  36.84774017  0.48590600
v -0.33501300  36.91215515  0.53893203
v -0.39127401  36.96881104  0.59638298
v -0.45203400  37.01666260  0.65842998
v -0.51745999  37.05466080  0.72524101
v -0.55197400  37.06963730  0.76048499
v -0.62470800  37.09089279  0.83475900
v -0.74377102  37.10396194  0.95655900
v -0.87362897  37.09903717  1.08978105
v -1.10755706  37.05684280  1.33042502
v -1.45322001  36.94355011  1.68700004
v -1.97205102  36.69972610  2.22359395
v -2.40419102  36.43959045  2.67142892
v -2.47968507  36.38315582  2.74974203
v -2.48705506  36.37632751  2.75738692
v -2.49335790  36.36779022  2.76392102
v -2.49458194  36.36468124  2.76514602
v -2.49769998  36.36034012  2.76825690
v -2.50930691  36.34807205  2.77982593
v -3.03622794  35.84281158  3.30469894
v -3.15087891  35.69388580  3.41892695
v -3.22925305  35.56809998  3.49702907
v -3.27695894  35.47096634  3.54458594
v -3.30231500  35.40526199  3.56987405
v -3.32178211  35.33903885  3.58930111
v -3.33473396  35.27250290  3.60224509
v -3.34054494  35.20585251  3.60807991
v -0.04508900  35.53973007 -0.04740800
v -0.06797800  35.74837112 -0.02403500
v -0.11970600  36.04956055  0.02878800
v -0.18517999  36.31295013  0.09564900
v -0.24401700  36.49071503  0.15573099
v -0.29706001  36.61922455  0.20989600
v -0.35836399  36.73968887  0.27249801
v -0.42849001  36.84857559  0.34410799
v -0.48041600  36.91299438  0.39713299
v -0.53667700  36.96965027  0.45458499
v -0.59743702  37.01749802  0.51663101
v -0.66286302  37.05549622  0.58344197
v -0.69737703  37.07047272  0.61868697
v -0.77011102  37.09173203  0.69296002
v -0.88917398  37.10479736  0.81476098
v -1.01903200  37.09987259  0.94798303
v -1.25295997  37.05767822  1.18862605
v -1.59862304  36.94438553  1.54520202
v -2.11745405  36.70056152  2.08179498
v -2.54959393  36.44042587  2.52962995
v -2.62508798  36.38399124  2.60794306
v -2.63245797  36.37716675  2.61558795
v -2.63876104  36.36862564  2.62212300
v -2.63998508  36.36552048  2.62334800
v -2.64310408  36.36117935  2.62645888
v -2.65471005  36.34890747  2.63802791
v -3.18163109  35.84365082  3.16290092
v -3.29628205  35.69472122  3.27712798
v -3.37465596  35.56893921  3.35523105
v -3.42236209  35.47180176  3.40278792
v -3.44771791  35.40609741  3.42807603
v -3.46718597  35.33987427  3.44750309
v -3.48013806  35.27333832  3.46044588
v -3.48594809  35.20669174  3.46628094
v  0.06805100  35.53413773  0.10297800
v -0.01192800  35.72810364  0.12712499
v -0.15214799  36.00146103  0.16946000
v -0.30159301  36.23332977  0.21458000
v -0.42186701  36.38461304  0.25089300
v -0.52274197  36.49024963  0.28134900
v -0.63265300  36.58515549  0.31453300
v -0.75150001  36.66571808  0.35041499
v -0.83564597  36.70966721  0.37582099
v -0.92369097  36.74456024  0.40240300
v -1.01560295  36.76932144  0.43015301
v -1.11135399  36.78288651  0.45906201
v -1.16066003  36.78513336  0.47394800
v -1.26211405  36.77988434  0.50457901
v -1.42312002  36.75020981  0.55334800
v -1.59433496  36.69919968  0.60549098
v -1.89513803  36.57491684  0.69759798
v -2.32795095  36.34175110  0.83090001
v -2.96067691  35.92007065  1.02688706
v -3.47451997  35.51342010  1.18681097
v -3.56170893  35.43172455  1.21402705
v -3.56990695  35.42247009  1.21658897
v -3.57627392  35.41194534  1.21858299
v -3.57714510  35.40850449  1.21882796
v -3.58021092  35.40320587  1.21970105
v -3.59254289  35.38724518  1.22321701
v -4.16458893  34.71300888  1.38627994
v -4.27979088  34.52853012  1.41897798
v -4.35284519  34.37919617  1.43962300
v -4.39242506  34.26836777  1.45072603
v -4.41011906  34.19582748  1.45562601
v -4.41995382  34.12484360  1.45826495
v -4.42115784  34.05584335  1.45842195
v -4.41295624  33.98924255  1.45587397
v  0.00875900  35.53484344 -0.09127300
v -0.07122100  35.72880936 -0.06712600
v -0.21144000  36.00216675 -0.02479100
v -0.36088499  36.23403549  0.02032900
v -0.48115900  36.38531876  0.05664200
v -0.58203399  36.49095535  0.08709800
v -0.69194502  36.58586121  0.12028200
v -0.81079203  36.66642380  0.15616401
v -0.89493901  36.71037292  0.18156900
v -0.98298299  36.74526215  0.20815100
v -1.07489502  36.77002716  0.23590100
v -1.17064595  36.78359222  0.26481000
v -1.21995199  36.78583908  0.27969700
v -1.32140601  36.78059387  0.31032801
v -1.48241198  36.75091553  0.35909700
v -1.65362704  36.69990540  0.41124001
v -1.95442998  36.57562256  0.50334698
v -2.38724303  36.34245682  0.63664901
v -3.01996899  35.92077255  0.83263600
v -3.53381205  35.51412582  0.99256003
v -3.62100101  35.43243027  1.01977599
v -3.62919903  35.42317963  1.02233803
v -3.63556600  35.41265106  1.02433205
v -3.63643694  35.40921021  1.02457702
v -3.63950396  35.40391159  1.02544904
v -3.65183496  35.38795471  1.02896595
v -4.22388077  34.71371460  1.19202805
v -4.33908319  34.52923584  1.22472703
v -4.41213703  34.37990189  1.24537206
v -4.45171785  34.26907349  1.25647497
v -4.46941090  34.19653320  1.26137495
v -4.47924614  34.12554932  1.26401401
v -4.48045015  34.05655289  1.26417100
v -4.47224808  33.98994827  1.26162302
v  0.02413500  35.53813171  0.10418000
v -0.01455300  35.74575043  0.10418000
v -0.09709900  36.04469299  0.10418000
v -0.19819900  36.30529022  0.10418000
v -0.28735900  36.48056793  0.10418000
v -0.36682701  36.60684967  0.10418000
v -0.45786801  36.72475052  0.10418000
v -0.56117898  36.83071518  0.10418000
v -0.63721400  36.89297485  0.10418000
v -0.71921802  36.94729996  0.10418000
v -0.80739802  36.99263763  0.10418000
v -0.90196002  37.02793884  0.10418000
v -0.95169902  37.04149246  0.10418000
v -1.05622196  37.05975723  0.10418000
v -1.22685397  37.06793213  0.10433200
v -1.41267598  37.05767059  0.10476300
v -1.74693096  37.00585938  0.10599700
v -2.24008608  36.87836456  0.10851300
v -2.97917104  36.61322021  0.11325700
v -3.59376693  36.33533096  0.11783800
v -3.70087600  36.27579880  0.11869200
v -3.71129394  36.26867294  0.11877600
v -3.72012401  36.25987625  0.11884500
v -3.72176600  36.25671768  0.11882700
v -3.72604394  36.25225449  0.11877600
v -3.74207091  36.23951721  0.11857800
v -4.47094011  35.71312714  0.10934200
v -4.62842894  35.55961609  0.10734700
v -4.73541117  35.43070984  0.10599700
v -4.79995203  35.33168030  0.10518600
v -4.83385992  35.26497650  0.10476300
v -4.85944891  35.19799042  0.10444600
v -4.87584209  35.13095474  0.10424800
v -4.88216019  35.06409836  0.10418000
v  0.02368900  35.53895950 -0.09891800
v -0.01499900  35.74657440 -0.09891800
v -0.09754500  36.04551697 -0.09891800
v -0.19864500  36.30611420 -0.09891800
v -0.28780499  36.48139191 -0.09891800
v -0.36727300  36.60767365 -0.09891800
v -0.45831400  36.72557449 -0.09891800
v -0.56162500  36.83153915 -0.09891800
v -0.63765901  36.89379883 -0.09891800
v -0.71966302  36.94812393 -0.09891800
v -0.80784303  36.99346161 -0.09891800
v -0.90240598  37.02876282 -0.09891800
v -0.95214498  37.04231644 -0.09891800
v -1.05666804  37.06058121 -0.09891800
v -1.22730005  37.06875610 -0.09876600
v -1.41312206  37.05849457 -0.09833500
v -1.74737704  37.00668716 -0.09710100
v -2.24053192  36.87918854 -0.09458500
v -2.97961593  36.61404419 -0.08984100
v -3.59421301  36.33615494 -0.08525900
v -3.70132208  36.27662277 -0.08440500
v -3.71174002  36.26949692 -0.08432200
v -3.72057009  36.26070023 -0.08425300
v -3.72221208  36.25754547 -0.08427100
v -3.72649002  36.25307846 -0.08432200
v -3.74251699  36.24034119 -0.08452000
v -4.47138596  35.71395111 -0.09375600
v -4.62887478  35.56044006 -0.09575000
v -4.73585701  35.43153381 -0.09710100
v -4.80039787  35.33250427 -0.09791200
v -4.83430576  35.26580048 -0.09833500
v -4.85989523  35.19881439 -0.09865200
v -4.87628698  35.13177872 -0.09885000
v -4.88260603  35.06492233 -0.09891800
v -0.06057200  35.56166840  0.10418000
v  0.01653100  35.75828171  0.10418000
v  0.10477800  36.05558777  0.10418000
v  0.15698500  36.33019257  0.10418000
v  0.17414799  36.52609253  0.10418000
v  0.17359200  36.67529678  0.10418000
v  0.15878101  36.82351685  0.10418000
v  0.12724200  36.96811295  0.10418000
v  0.09570300  37.06118774  0.10418000
v  0.05489800  37.15068817  0.10418000
v  0.00409600  37.23583984  0.10418000
v -0.05743700  37.31584930  0.10418000
v -0.09245500  37.35368347  0.10418000
v -0.17145599  37.42451859  0.10418000
v -0.31188199  37.52179337  0.10433200
v -0.47495601  37.61147308  0.10476300
v -0.78594798  37.74449158  0.10599700
v -1.27181399  37.89743423  0.10851300
v -2.03919005  38.06381226  0.11325700
v -2.70770597  38.15346527  0.11783800
v -2.83008909  38.15967178  0.11869200
v -2.84270191  38.15914154  0.11877600
v -2.85485005  38.15635300  0.11884500
v -2.85791397  38.15454483  0.11882700
v -2.86390591  38.15302277  0.11877600
v -2.88424611  38.15070343  0.11857800
v -3.78127408  38.09004593  0.10934200
v -3.99615502  38.04319763  0.10734700
v -4.15516186  37.99048233  0.10599700
v -4.26234484  37.94064713  0.10518600
v -4.32642794  37.90201187  0.10476300
v -4.38360214  37.85873032  0.10444600
v -4.43300009  37.81054306  0.10424800
v -4.47375679  37.75717163  0.10418000
v -0.06051400  35.56260300 -0.09891800
v  0.01658900  35.75921631 -0.09891800
v  0.10483700  36.05652237 -0.09891800
v  0.15704300  36.33112717 -0.09891800
v  0.17420600  36.52702713 -0.09891800
v  0.17365000  36.67623138 -0.09891800
v  0.15883900  36.82445526 -0.09891800
v  0.12729999  36.96904755 -0.09891800
v  0.09576100  37.06212234 -0.09891800
v  0.05495600  37.15162659 -0.09891800
v  0.00415400  37.23677444 -0.09891800
v -0.05737800  37.31678391 -0.09891800
v -0.09239700  37.35461807 -0.09891800
v -0.17139800  37.42545319 -0.09891800
v -0.31182399  37.52272797 -0.09876600
v -0.47489700  37.61240768 -0.09833500
v -0.78588903  37.74542999 -0.09710100
v -1.27175605  37.89836884 -0.09458500
v -2.03913093  38.06474686 -0.08984100
v -2.70764709  38.15440369 -0.08525900
v -2.83003092  38.16060638 -0.08440500
v -2.84264398  38.16007614 -0.08432200
v -2.85479212  38.15728760 -0.08425300
v -2.85785508  38.15547943 -0.08427100
v -2.86384797  38.15395737 -0.08432200
v -2.88418794  38.15164185 -0.08452000
v -3.78121591  38.09098053 -0.09375600
v -3.99609709  38.04413605 -0.09575000
v -4.15510416  37.99142075 -0.09710100
v -4.26228714  37.94158173 -0.09791200
v -4.32636976  37.90294647 -0.09833500
v -4.38354301  37.85966873 -0.09865200
v -4.43294191  37.81147766 -0.09885000
v -4.47369909  37.75810623 -0.09891800
v -5.90318680  22.29387093 -0.00227500
v -5.90286303  22.29373360  0.00643800
v -5.90115499  22.29300117  0.01495700
v -5.89810419  22.29169464  0.02302000
v -5.89380884  22.28985596  0.03038100
v -5.88840485  22.28754234  0.03682100
v -5.88205624  22.28482437  0.04214300
v -5.87495184  22.28178406  0.04618100
v -5.86730909  22.27851105  0.04880500
v -5.85936117  22.27510834  0.04994800
v -5.85135078  22.27168083  0.04959600
v -5.84352016  22.26832771  0.04773800
v -5.83610821  22.26515388  0.04441900
v -5.82934093  22.26225662  0.03974700
v -5.82342100  22.25972176  0.03386800
v -5.81852818  22.25762749  0.02696200
v -5.81481600  22.25603867  0.01923400
v -5.81240320  22.25500679  0.01092000
v -5.81135178  22.25455666  0.00227500
v -5.81167603  22.25469398 -0.00643800
v -5.81338406  22.25542641 -0.01495700
v -5.81643486  22.25673294 -0.02302000
v -5.82073021  22.25857162 -0.03038100
v -5.82613516  22.26088333 -0.03682100
v -5.83248281  22.26360130 -0.04214300
v -5.83958817  22.26664352 -0.04618100
v -5.84723091  22.26991653 -0.04880500
v -5.85517788  22.27331734 -0.04994800
v -5.86318779  22.27674675 -0.04959600
v -5.87101889  22.28009987 -0.04773800
v -5.87843180  22.28327370 -0.04441900
v -5.88519907  22.28616905 -0.03974700
v -5.89111900  22.28870583 -0.03386800
v -5.89601183  22.29079819 -0.02696200
v -5.89972401  22.29238892 -0.01923400
v -5.90213585  22.29342270 -0.01092000
v -6.46045494  20.99207878 -0.00227300
v -6.46012497  20.99195290  0.00644000
v -6.45838785  20.99129295  0.01495800
v -6.45528603  20.99011230  0.02302100
v -6.45091820  20.98845291  0.03038200
v -6.44542313  20.98636246  0.03682200
v -6.43896818  20.98390961  0.04214400
v -6.43174410  20.98116112  0.04618100
v -6.42397308  20.97820663  0.04880600
v -6.41589212  20.97513390  0.04994800
v -6.40774822  20.97203827  0.04959600
v -6.39978504  20.96900940  0.04773800
v -6.39224911  20.96614456  0.04441900
v -6.38536787  20.96352768  0.03974600
v -6.37935019  20.96124077  0.03386700
v -6.37437487  20.95934868  0.02696100
v -6.37060118  20.95791245  0.01923300
v -6.36814785  20.95698166  0.01091900
v -6.36708021  20.95657539  0.00227300
v -6.36741018  20.95669937 -0.00644000
v -6.36914682  20.95735931 -0.01495800
v -6.37224913  20.95853996 -0.02302100
v -6.37661600  20.96020126 -0.03038200
v -6.38211107  20.96228981 -0.03682200
v -6.38856697  20.96474457 -0.04214400
v -6.39579010  20.96749115 -0.04618100
v -6.40356207  20.97044563 -0.04880600
v -6.41164303  20.97351837 -0.04994800
v -6.41978693  20.97661591 -0.04959600
v -6.42774916  20.97964287 -0.04773800
v -6.43528605  20.98250961 -0.04441900
v -6.44216585  20.98512459 -0.03974600
v -6.44818497  20.98741341 -0.03386700
v -6.45315981  20.98930550 -0.02696100
v -6.45693398  20.99073982 -0.01923300
v -6.45938683  20.99167252 -0.01091900
v -7.16343689  18.88640785 -0.00226500
v -7.16309690  18.88631058  0.00644900
v -7.16130495  18.88580132  0.01496700
v -7.15810823  18.88489532  0.02302900
v -7.15360594  18.88361931  0.03038900
v -7.14794302  18.88201332  0.03682800
v -7.14129114  18.88012695  0.04214900
v -7.13384819  18.87801743  0.04618500
v -7.12584019  18.87574577  0.04880800
v -7.11751318  18.87338448  0.04994900
v -7.10912180  18.87100601  0.04959500
v -7.10091782  18.86867905  0.04773500
v -7.09315300  18.86647797  0.04441500
v -7.08606482  18.86446762  0.03974100
v -7.07986403  18.86271095  0.03386100
v -7.07473993  18.86125755  0.02695400
v -7.07085180  18.86015511  0.01922500
v -7.06832600  18.85943985  0.01091000
v -7.06722689  18.85912704  0.00226500
v -7.06756783  18.85922432 -0.00644900
v -7.06935883  18.85973167 -0.01496700
v -7.07255697  18.86063766 -0.02302900
v -7.07705879  18.86191559 -0.03038900
v -7.08272219  18.86351967 -0.03682800
v -7.08937407  18.86540794 -0.04214900
v -7.09681702  18.86751747 -0.04618500
v -7.10482502  18.86978722 -0.04880800
v -7.11315107  18.87214851 -0.04994900
v -7.12154293  18.87452888 -0.04959500
v -7.12974691  18.87685394 -0.04773500
v -7.13751078  18.87905693 -0.04441500
v -7.14459991  18.88106537 -0.03974100
v -7.15080118  18.88282394 -0.03386100
v -7.15592480  18.88427734 -0.02695400
v -7.15981197  18.88537979 -0.01922500
v -7.16233921  18.88609505 -0.01091000
v -7.62124395  16.93453979 -0.00225500
v -7.62089396  16.93447495  0.00645800
v -7.61906195  16.93413162  0.01497600
v -7.61579418  16.93351936  0.02303700
v -7.61119413  16.93265724  0.03039700
v -7.60540724  16.93157387  0.03683400
v -7.59860992  16.93029976  0.04215400
v -7.59100485  16.92887497  0.04618800
v -7.58282423  16.92734146  0.04881000
v -7.57431793  16.92574883  0.04994900
v -7.56574488  16.92414284  0.04959400
v -7.55736399  16.92257118  0.04773200
v -7.54943180  16.92108536  0.04441000
v -7.54219103  16.91972733  0.03973500
v -7.53585815  16.91854286  0.03385400
v -7.53062391  16.91756058  0.02694600
v -7.52665377  16.91681671  0.01921600
v -7.52407503  16.91633415  0.01090100
v -7.52295399  16.91612434  0.00225500
v -7.52330399  16.91618919 -0.00645800
v -7.52513504  16.91653252 -0.01497600
v -7.52840424  16.91714478 -0.02303700
v -7.53300381  16.91800690 -0.03039700
v -7.53879023  16.91909027 -0.03683400
v -7.54558706  16.92036438 -0.04215400
v -7.55319214  16.92178917 -0.04618800
v -7.56137323  16.92332268 -0.04881000
v -7.56988001  16.92491531 -0.04994900
v -7.57845306  16.92652321 -0.04959400
v -7.58683300  16.92809296 -0.04773200
v -7.59476519  16.92957878 -0.04441000
v -7.60200596  16.93093681 -0.03973500
v -7.60833979  16.93212318 -0.03385400
v -7.61357403  16.93310356 -0.02694600
v -7.61754322  16.93384743 -0.01921600
v -7.62012291  16.93432999 -0.01090100
v -7.84928513  15.31679058 -0.00224700
v -7.84892988  15.31675625  0.00646600
v -7.84707594  15.31656933  0.01498300
v -7.84377003  15.31623745  0.02304500
v -7.83911705  15.31577015  0.03040300
v -7.83326387  15.31518173  0.03684000
v -7.82638884  15.31449223  0.04215800
v -7.81869793  15.31371880  0.04619200
v -7.81042385  15.31288815  0.04881200
v -7.80182123  15.31202412  0.04994900
v -7.79315186  15.31115437  0.04959200
v -7.78467703  15.31030178  0.04773000
v -7.77665615  15.30949688  0.04440700
v -7.76933384  15.30876064  0.03973000
v -7.76292992  15.30811787  0.03384800
v -7.75763893  15.30758667  0.02693900
v -7.75362492  15.30718422  0.01920900
v -7.75101805  15.30692196  0.01089300
v -7.74988604  15.30680847  0.00224700
v -7.75024080  15.30684376 -0.00646600
v -7.75209522  15.30702972 -0.01498300
v -7.75540113  15.30736160 -0.02304500
v -7.76005411  15.30782890 -0.03040300
v -7.76590681  15.30841732 -0.03684000
v -7.77278185  15.30910778 -0.04215800
v -7.78047323  15.30988026 -0.04619200
v -7.78874683  15.31071091 -0.04881200
v -7.79734993  15.31157494 -0.04994900
v -7.80601883  15.31244564 -0.04959200
v -7.81449413  15.31329727 -0.04773000
v -7.82251501  15.31410313 -0.04440700
v -7.82983685  15.31483841 -0.03973000
v -7.83624077  15.31548119 -0.03384800
v -7.84153223  15.31601334 -0.02693900
v -7.84554577  15.31641579 -0.01920900
v -7.84815311  15.31667805 -0.01089300
v -7.91705322  14.19106960 -0.00223900
v -7.91669512  14.19106388  0.00647400
v -7.91483116  14.19103241  0.01499100
v -7.91150713  14.19097614  0.02305100
v -7.90682983  14.19089699  0.03040900
v -7.90094805  14.19079781  0.03684500
v -7.89403915  14.19068241  0.04216200
v -7.88630915  14.19055080  0.04619400
v -7.87799406  14.19041061  0.04881300
v -7.86934996  14.19026470  0.04995000
v -7.86063814  14.19011879  0.04959100
v -7.85212183  14.18997478  0.04772700
v -7.84406185  14.18983936  0.04440300
v -7.83670616  14.18971539  0.03972500
v -7.83027077  14.18960667  0.03384200
v -7.82495403  14.18951702  0.02693200
v -7.82092285  14.18944931  0.01920100
v -7.81830406  14.18940544  0.01088500
v -7.81716824  14.18938637  0.00223900
v -7.81752586  14.18939209 -0.00647400
v -7.81938982  14.18942261 -0.01499100
v -7.82271385  14.18947887 -0.02305100
v -7.82739115  14.18955803 -0.03040900
v -7.83327293  14.18965721 -0.03684500
v -7.84018183  14.18977356 -0.04216200
v -7.84791183  14.18990421 -0.04619400
v -7.85622692  14.19004440 -0.04881300
v -7.86487198  14.19019032 -0.04995000
v -7.87358379  14.19033718 -0.04959100
v -7.88209915  14.19048023 -0.04772700
v -7.89015913  14.19061565 -0.04440300
v -7.89751577  14.19073963 -0.03972500
v -7.90395021  14.19084930 -0.03384200
v -7.90926695  14.19093800 -0.02693200
v -7.91329908  14.19100571 -0.01920100
v -7.91591692  14.19105053 -0.01088500
v -7.87924910  12.75848579 -0.00221700
v -7.87888479  12.75839329  0.00649600
v -7.87701607  12.75840759  0.01501200
v -7.87369013  12.75852871  0.02307100
v -7.86901379  12.75875378  0.03042700
v -7.86313391  12.75907516  0.03686000
v -7.85622978  12.75948143  0.04217400
v -7.84850788  12.75996208  0.04620300
v -7.84020185  12.76050186  0.04881800
v -7.83156776  12.76108456  0.04995100
v -7.82286787  12.76169300  0.04958900
v -7.81436491  12.76230717  0.04772100
v -7.80631924  12.76290894  0.04439300
v -7.79897499  12.76348114  0.03971200
v -7.79255390  12.76400566  0.03382600
v -7.78725004  12.76446724  0.02691300
v -7.78322983  12.76484966  0.01918100
v -7.78062201  12.76514339  0.01086400
v -7.77949381  12.76533794  0.00221700
v -7.77985907  12.76543045 -0.00649600
v -7.78172684  12.76541519 -0.01501200
v -7.78505278  12.76529408 -0.02307100
v -7.78973007  12.76506901 -0.03042700
v -7.79560900  12.76474857 -0.03686000
v -7.80251312  12.76434231 -0.04217400
v -7.81023598  12.76386166 -0.04620300
v -7.81854200  12.76332092 -0.04881800
v -7.82717609  12.76273823 -0.04995100
v -7.83587599  12.76213074 -0.04958900
v -7.84437895  12.76151562 -0.04772100
v -7.85242510  12.76091385 -0.04439300
v -7.85976791  12.76034164 -0.03971200
v -7.86618900  12.75981808 -0.03382600
v -7.87149286  12.75935745 -0.02691300
v -7.87551308  12.75897408 -0.01918100
v -7.87812090  12.75868130 -0.01086400
v -7.70967388  11.25004673 -0.04302300
v -7.70925999  11.24962902 -0.03432000
v -7.70735788  11.24944401 -0.02581200
v -7.70401287  11.24950123 -0.01775900
v -7.69933414  11.24979782 -0.01040800
v -7.69346905  11.25032425 -0.00397800
v -7.68659401  11.25106239  0.00133600
v -7.67891693  11.25199318  0.00536600
v -7.67067003  11.25308704  0.00798500
v -7.66210604  11.25430965  0.00912300
v -7.65348577  11.25562477  0.00876700
v -7.64507008  11.25699234  0.00690800
v -7.63711596  11.25837040  0.00359000
v -7.62986612  11.25971699 -0.00108100
v -7.62353802  11.26099205 -0.00695500
v -7.61832285  11.26215744 -0.01385600
v -7.61438513  11.26317501 -0.02157700
v -7.61184978  11.26401520 -0.02988300
v -7.61078405  11.26465225 -0.03851900
v -7.61119795  11.26507092 -0.04722300
v -7.61310005  11.26525497 -0.05573100
v -7.61644506  11.26519775 -0.06378300
v -7.62112379  11.26490211 -0.07113500
v -7.62698889  11.26437569 -0.07756500
v -7.63386297  11.26363659 -0.08287800
v -7.64154100  11.26270676 -0.08690900
v -7.64978790  11.26161289 -0.08952700
v -7.65835190  11.26038933 -0.09066500
v -7.66697216  11.25907516 -0.09031000
v -7.67538786  11.25770760 -0.08845000
v -7.68334198  11.25632954 -0.08513200
v -7.69059181  11.25498295 -0.08046200
v -7.69691992  11.25370789 -0.07458700
v -7.70213509  11.25254345 -0.06768600
v -7.70607281  11.25152493 -0.05996500
v -7.70860815  11.25068474 -0.05165900
v -7.52698517  10.28096771 -0.12415900
v -7.52647400  10.28013611 -0.11549100
v -7.52449799  10.27966499 -0.10701100
v -7.52110577  10.27957153 -0.09897900
v -7.51640892  10.27985668 -0.09164000
v -7.51055193  10.28051090 -0.08521200
v -7.50371599  10.28151321 -0.07989200
v -7.49610281  10.28283596 -0.07584600
v -7.48794603  10.28443813 -0.07320400
v -7.47949409  10.28627110 -0.07203400
v -7.47100496  10.28827381 -0.07235100
v -7.46273518  10.29039192 -0.07416700
v -7.45493698  10.29255867 -0.07743700
v -7.44784880  10.29470921 -0.08205600
v -7.44168377  10.29677773 -0.08787800
v -7.43662691  10.29870129 -0.09472700
v -7.43283892  10.30042076 -0.10239800
v -7.43043995  10.30188274 -0.11065800
v -7.42949295  10.30304527 -0.11925200
v -7.43000412  10.30387592 -0.12792000
v -7.43198013  10.30434704 -0.13640000
v -7.43537092  10.30444145 -0.14443199
v -7.44006920  10.30415630 -0.15177201
v -7.44592524  10.30350208 -0.15819900
v -7.45276213  10.30249882 -0.16351900
v -7.46037483  10.30117702 -0.16756500
v -7.46853209  10.29957390 -0.17020699
v -7.47698402  10.29774189 -0.17137700
v -7.48547316  10.29573822 -0.17106000
v -7.49374294  10.29362106 -0.16924401
v -7.50154114  10.29145336 -0.16597401
v -7.50862789  10.28930283 -0.16135500
v -7.51479387  10.28723526 -0.15553300
v -7.51984978  10.28531075 -0.14868400
v -7.52363920  10.28359222 -0.14101300
v -7.52603722  10.28213024 -0.13275400
v -7.31579924  9.51710320 -0.22795600
v -7.31518316  9.51596165 -0.21933199
v -7.31313992  9.51531506 -0.21088000
v -7.30972099  9.51518345 -0.20286100
v -7.30503511  9.51556969 -0.19551800
v -7.29923010  9.51646137 -0.18907100
v -7.29248285  9.51782894 -0.18371600
v -7.28499508  9.51963520 -0.17962100
v -7.27699423  9.52182484 -0.17691700
v -7.26872492  9.52432919 -0.17567401
v -7.26043987  9.52706909 -0.17590900
v -7.25238895  9.52996540 -0.17763700
v -7.24481916  9.53292942 -0.18081500
v -7.23795986  9.53587055 -0.18534200
v -7.23201799  9.53870106 -0.19107400
v -7.22717285  9.54133415 -0.19783700
v -7.22357702  9.54368877 -0.20543000
v -7.22134495  9.54569054 -0.21362101
v -7.22053623  9.54728317 -0.22215900
v -7.22115088  9.54842377 -0.23078400
v -7.22319508  9.54907131 -0.23923500
v -7.22661400  9.54920292 -0.24725400
v -7.23129988  9.54881668 -0.25459701
v -7.23710489  9.54792500 -0.26104400
v -7.24385214  9.54655743 -0.26639900
v -7.25133991  9.54475117 -0.27049401
v -7.25934076  9.54256058 -0.27319899
v -7.26760912  9.54005718 -0.27444100
v -7.27589512  9.53731728 -0.27420601
v -7.28394508  9.53442097 -0.27247801
v -7.29151583  9.53145695 -0.26930001
v -7.29837513  9.52851486 -0.26477301
v -7.30431700  9.52568531 -0.25904101
v -7.30916214  9.52305222 -0.25227800
v -7.31275797  9.52069664 -0.24468499
v -7.31498909  9.51869488 -0.23649400
v -7.08474016  8.90553284 -0.33538401
v -7.08408594  8.90432072 -0.32677299
v -7.08205223  8.90372944 -0.31831399
v -7.07869101  8.90377998 -0.31026700
v -7.07411003  8.90447044 -0.30287701
v -7.06845379  8.90577507 -0.29636499
v -7.06189299  8.90765572 -0.29092899
v -7.05462503  8.91005802 -0.28673899
v -7.04687023  8.91290855 -0.28392899
v -7.03886604  8.91611862 -0.28257301
v -7.03085613  8.91958809 -0.28269100
v -7.02308416  8.92321301 -0.28430101
v -7.01578522  8.92688560 -0.28736499
v -7.00918388  8.93049431 -0.29178300
v -7.00347710  8.93392754 -0.29741701
v -6.99883795  8.93708420 -0.30409500
v -6.99541283  8.93986320 -0.31161699
v -6.99331093  8.94217968 -0.31975600
v -6.99258709  8.94396687 -0.32826000
v -6.99324083  8.94517899 -0.33687201
v -6.99527407  8.94577122 -0.34533000
v -6.99863482  8.94571972 -0.35337701
v -7.00321579  8.94503021 -0.36076701
v -7.00887299  8.94372368 -0.36727899
v -7.01543379  8.94184303 -0.37271500
v -7.02270222  8.93944073 -0.37690499
v -7.03045702  8.93659019 -0.37971500
v -7.03845978  8.93338013 -0.38107100
v -7.04647017  8.92991161 -0.38095301
v -7.05424309  8.92628574 -0.37934300
v -7.06154203  8.92261314 -0.37628001
v -7.06814289  8.91900539 -0.37186101
v -7.07384920  8.91557121 -0.36622700
v -7.07848787  8.91241646 -0.35955000
v -7.08191395  8.90963745 -0.35202700
v -7.08401489  8.90732002 -0.34388801
v -6.74586582  8.20703602 -0.45489201
v -6.74539185  8.20617867 -0.44622600
v -6.74357510  8.20601845 -0.43770099
v -6.74046087  8.20656300 -0.42957500
v -6.73614979  8.20779514 -0.42209700
v -6.73077822  8.20967293 -0.41549101
v -6.72450686  8.21214008 -0.40995800
v -6.71752596  8.21512413 -0.40567100
v -6.71004581  8.21853447 -0.40276599
v -6.70229721  8.22226524 -0.40132099
v -6.69451523  8.22620010 -0.40135801
v -6.68693495  8.23022270 -0.40289700
v -6.67978907  8.23421288 -0.40590400
v -6.67329407  8.23804569 -0.41027901
v -6.66764593  8.24160767 -0.41588601
v -6.66301489  8.24479103 -0.42255300
v -6.65954685  8.24749374 -0.43008199
v -6.65735292  8.24963474 -0.43824399
v -6.65648985  8.25115204 -0.44678801
v -6.65696478  8.25200844 -0.45545399
v -6.65878105  8.25216866 -0.46397901
v -6.66189480  8.25162411 -0.47210500
v -6.66620684  8.25039196 -0.47958300
v -6.67157888  8.24851418 -0.48618901
v -6.67784977  8.24604702 -0.49172199
v -6.68483114  8.24306297 -0.49600899
v -6.69231081  8.23965263 -0.49891400
v -6.70005894  8.23592186 -0.50035900
v -6.70784092  8.23198700 -0.50032198
v -6.71542215  8.22796440 -0.49878201
v -6.72256804  8.22397423 -0.49577600
v -6.72906208  8.22014141 -0.49140000
v -6.73471117  8.21657944 -0.48579401
v -6.73934221  8.21339703 -0.47912699
v -6.74280882  8.21069336 -0.47159800
v -6.74500322  8.20855236 -0.46343601
v -6.50486708  7.74809122 -0.49232700
v -6.50475788  7.74794388 -0.48359600
v -6.50330019  7.74848080 -0.47500700
v -6.50052691  7.74969006 -0.46682101
v -6.49652910  7.75153112 -0.45928800
v -6.49143219  7.75394583 -0.45263401
v -6.48539114  7.75686216 -0.44706100
v -6.47858715  7.76019096 -0.44274300
v -6.47122478  7.76383400 -0.43981799
v -6.46353292  7.76767683 -0.43836400
v -6.45574522  7.77160215 -0.43840301
v -6.44809484  7.77549314 -0.43995601
v -6.44081783  7.77923012 -0.44298601
v -6.43413496  7.78270006 -0.44739601
v -6.42824697  7.78579807 -0.45304501
v -6.42333221  7.78842878 -0.45976299
v -6.41954422  7.79051304 -0.46734899
v -6.41700411  7.79198313 -0.47557300
v -6.41578007  7.79279804 -0.48418099
v -6.41588879  7.79294395 -0.49291199
v -6.41734695  7.79240799 -0.50150102
v -6.42011976  7.79119921 -0.50968701
v -6.42411804  7.78935814 -0.51722002
v -6.42921495  7.78694296 -0.52387398
v -6.43525600  7.78402710 -0.52944702
v -6.44205999  7.78069687 -0.53376502
v -6.44942188  7.77705479 -0.53669000
v -6.45711422  7.77321196 -0.53814399
v -6.46490192  7.76928616 -0.53810501
v -6.47255182  7.76539516 -0.53655201
v -6.47982883  7.76165819 -0.53352201
v -6.48651218  7.75818920 -0.52911198
v -6.49240017  7.75509119 -0.52346301
v -6.49731493  7.75245905 -0.51674497
v -6.50110292  7.75037479 -0.50915903
v -6.50364304  7.74890614 -0.50093502
v -6.31973219  7.36489296 -0.47905400
v -6.31997108  7.36550808 -0.47035000
v -6.31882620  7.36673498 -0.46178699
v -6.31632280  7.36854076 -0.45362800
v -6.31254101  7.37086678 -0.44612101
v -6.30760288  7.37364292 -0.43949100
v -6.30165815  7.37678194 -0.43393901
v -6.29488182  7.38019180 -0.42964000
v -6.28748083  7.38376713 -0.42672899
v -6.27968407  7.38740015 -0.42528600
v -6.27172899  7.39097977 -0.42533100
v -6.26385498  7.39439821 -0.42688501
v -6.25630093  7.39754915 -0.42991200
v -6.24929905  7.40033817 -0.43431500
v -6.24305916  7.40268087 -0.43995300
v -6.23777103  7.40450716 -0.44665501
v -6.23359823  7.40575790 -0.45422101
v -6.23067522  7.40639400 -0.46242300
v -6.22908020  7.40640020 -0.47100699
v -6.22884083  7.40578413 -0.47971100
v -6.22998524  7.40455818 -0.48827299
v -6.23248911  7.40275192 -0.49643299
v -6.23626995  7.40042591 -0.50393999
v -6.24120808  7.39764977 -0.51056999
v -6.24715281  7.39451122 -0.51612198
v -6.25393009  7.39110088 -0.52042103
v -6.26133013  7.38752604 -0.52333099
v -6.26912689  7.38389301 -0.52477503
v -6.27708197  7.38031292 -0.52473003
v -6.28495693  7.37689495 -0.52317500
v -6.29251003  7.37374306 -0.52014798
v -6.29951191  7.37095499 -0.51574600
v -6.30575180  7.36861181 -0.51010799
v -6.31104088  7.36678600 -0.50340599
v -6.31521320  7.36553478 -0.49583900
v -6.31813622  7.36489916 -0.48763800
v -6.18808699  7.05022907 -0.43775800
v -6.18857813  7.05149603 -0.42913800
v -6.18764877  7.05328703 -0.42065200
v -6.18531799  7.05555201 -0.41255799
v -6.18166113  7.05821896 -0.40510499
v -6.17679596  7.06120586 -0.39851400
v -6.17086887  7.06442213 -0.39298701
v -6.16405678  7.06777000 -0.38869601
v -6.15656614  7.07114792 -0.38577700
v -6.14862919  7.07445288 -0.38431001
v -6.14048719  7.07758713 -0.38431600
v -6.13238621  7.08045387 -0.38581699
v -6.12457085  7.08296299 -0.38877901
v -6.11728191  7.08503914 -0.39310500
v -6.11073685  7.08662224 -0.39865899
v -6.10513496  7.08766222 -0.40527099
v -6.10065222  7.08812618 -0.41274601
v -6.09742880  7.08799791 -0.42085400
v -6.09555292  7.08728504 -0.42934799
v -6.09506178  7.08601809 -0.43796799
v -6.09599113  7.08422709 -0.44645399
v -6.09832191  7.08196211 -0.45454800
v -6.10197878  7.07929516 -0.46200100
v -6.10684395  7.07630777 -0.46859199
v -6.11277103  7.07309198 -0.47411901
v -6.11958313  7.06974411 -0.47841001
v -6.12707281  7.06636620 -0.48132899
v -6.13501120  7.06306219 -0.48279601
v -6.14315319  7.05992699 -0.48278999
v -6.15125418  7.05706120 -0.48128900
v -6.15906906  7.05455112 -0.47832701
v -6.16635799  7.05247498 -0.47400099
v -6.17290306  7.05089283 -0.46844700
v -6.17850399  7.04985189 -0.46183500
v -6.18298817  7.04938793 -0.45436099
v -6.18621111  7.04951715 -0.44625199
v -6.06428909  6.69874620 -0.36508799
v -6.06495190  6.70056295 -0.35658500
v -6.06416416  6.70281410 -0.34819901
v -6.06193876  6.70543480 -0.34018600
v -6.05834913  6.70834303 -0.33279201
v -6.05351114  6.71144819 -0.32623601
v -6.04757118  6.71465778 -0.32071999
v -6.04070377  6.71787310 -0.31641400
v -6.03312016  6.72099495 -0.31345701
v -6.02505207  6.72393084 -0.31192699
v -6.01674891  6.72659492 -0.31185001
v -6.00845909  6.72890377 -0.31324801
v -6.00043297  6.73078299 -0.31609201
v -5.99291801  6.73217678 -0.32028699
v -5.98613882  6.73304510 -0.32570201
v -5.98030281  6.73336220 -0.33217201
v -5.97559023  6.73311520 -0.33950299
v -5.97214985  6.73230982 -0.34747401
v -5.97007799  6.73097515 -0.35583901
v -5.96941614  6.72915697 -0.36434200
v -5.97020388  6.72690582 -0.37272799
v -5.97242880  6.72428513 -0.38074100
v -5.97601795  6.72137690 -0.38813600
v -5.98085690  6.71827221 -0.39469099
v -5.98679686  6.71506310 -0.40020800
v -5.99366379  6.71184683 -0.40451300
v -6.00124788  6.70872498 -0.40746999
v -6.00931501  6.70578909 -0.40900001
v -6.01761913  6.70312500 -0.40907800
v -6.02590895  6.70081711 -0.40767899
v -6.03393412  6.69893694 -0.40483600
v -6.04144907  6.69754314 -0.40064001
v -6.04822779  6.69667482 -0.39522499
v -6.05406523  6.69635820 -0.38875601
v -6.05877781  6.69660521 -0.38142401
v -6.06221724  6.69741011 -0.37345299
v -5.95022392  6.29897785 -0.25689399
v -5.95101118  6.30129099 -0.24852200
v -5.95031977  6.30394220 -0.24024500
v -5.94816208  6.30685616 -0.23231600
v -5.94460917  6.30994081 -0.22497500
v -5.93977308  6.31310177 -0.21844500
v -5.93380308  6.31624413 -0.21292201
v -5.92687511  6.31927204 -0.20857900
v -5.91919899  6.32209015 -0.20555501
v -5.91101217  6.32461691 -0.20393100
v -5.90256596  6.32677984 -0.20373499
v -5.89411402  6.32850885 -0.20499501
v -5.88591194  6.32974815 -0.20768200
v -5.87821198  6.33046007 -0.21170899
v -5.87124395  6.33062601 -0.21694800
v -5.86522102  6.33024216 -0.22324000
v -5.86033010  6.32931614 -0.23039900
v -5.85672522  6.32787514 -0.23820600
v -5.85450602  6.32596684 -0.24642000
v -5.85372019  6.32365513 -0.25479200
v -5.85441113  6.32100296 -0.26306900
v -5.85656881  6.31808901 -0.27099901
v -5.86012220  6.31500483 -0.27833900
v -5.86495686  6.31184292 -0.28486899
v -5.87092781  6.30870104 -0.29039201
v -5.87785578  6.30567312 -0.29473501
v -5.88553190  6.30285501 -0.29775900
v -5.89371920  6.30032778 -0.29938301
v -5.90216494  6.29816484 -0.29957899
v -5.91061687  6.29643583 -0.29831901
v -5.91881895  6.29519701 -0.29563299
v -5.92651892  6.29448509 -0.29160500
v -5.93348694  6.29431915 -0.28636599
v -5.93950987  6.29470301 -0.28007400
v -5.94440079  6.29562902 -0.27291501
v -5.94800615  6.29707003 -0.26510799
v -5.81584883  5.66808605 -0.04943100
v -5.81674385  5.67088413 -0.04122000
v -5.81615210  5.67398024 -0.03309100
v -5.81408119  5.67728186 -0.02529200
v -5.81059790  5.68068695 -0.01806000
v -5.80581617  5.68409204 -0.01161400
v -5.79987907  5.68739414 -0.00614700
v -5.79296398  5.69049120 -0.00183200
v -5.78528118  5.69328690  0.00119400
v -5.77706623  5.69570017  0.00285100
v -5.76857281  5.69766378  0.00310700
v -5.76005602  5.69911194  0.00193600
v -5.75177288  5.69999695 -0.00063900
v -5.74397707  5.70029306 -0.00453300
v -5.73690414  5.69999313 -0.00962200
v -5.73076677  5.69910812 -0.01575200
v -5.72575808  5.69766092 -0.02274100
v -5.72203493  5.69569588 -0.03037600
v -5.71970081  5.69327402 -0.03842200
v -5.71880579  5.69047499 -0.04663200
v -5.71939802  5.68737888 -0.05476100
v -5.72146988  5.68407822 -0.06256100
v -5.72495317  5.68067217 -0.06979200
v -5.72973490  5.67726707 -0.07623900
v -5.73567104  5.67396593 -0.08170500
v -5.74258614  5.67086887 -0.08602000
v -5.75026989  5.66807318 -0.08904600
v -5.75848389  5.66565895 -0.09070300
v -5.76697683  5.66369581 -0.09095900
v -5.77549410  5.66224813 -0.08978800
v -5.78377819  5.66136312 -0.08721300
v -5.79157305  5.66106701 -0.08331900
v -5.79864693  5.66136599 -0.07823000
v -5.80478287  5.66225100 -0.07210000
v -5.80979204  5.66369820 -0.06511100
v -5.81351519  5.66566420 -0.05747700
v -5.70100784  5.16346693  0.15320200
v -5.70203781  5.16677284  0.16121100
v -5.70159721  5.17044210  0.16911601
v -5.69968510  5.17436600  0.17667501
v -5.69636822  5.17842293  0.18365800
v -5.69175100  5.18248892  0.18985499
v -5.68597603  5.18644190  0.19507800
v -5.67921305  5.19015980  0.19916400
v -5.67166615  5.19352818  0.20198300
v -5.66357088  5.19644594  0.20345899
v -5.65517521  5.19883490  0.20356700
v -5.64672995  5.20061302  0.20228501
v -5.63849115  5.20172310  0.19964100
v -5.63071203  5.20213318  0.19572000
v -5.62362623  5.20183182  0.19064701
v -5.61744785  5.20083094  0.18457600
v -5.61237001  5.19915581  0.17768800
v -5.60855293  5.19685793  0.17019300
v -5.60610294  5.19400883  0.16232100
v -5.60507298  5.19070292  0.15431100
v -5.60551500  5.18703413  0.14640699
v -5.60742617  5.18311119  0.13884801
v -5.61074305  5.17905378  0.13186499
v -5.61535978  5.17498684  0.12566800
v -5.62113523  5.17103386  0.12044400
v -5.62789917  5.16731596  0.11635800
v -5.63544512  5.16394806  0.11353900
v -5.64354086  5.16102982  0.11206300
v -5.65193605  5.15864086  0.11195500
v -5.66038084  5.15686321  0.11323700
v -5.66862011  5.15575314  0.11588200
v -5.67639923  5.15534401  0.11980300
v -5.68348503  5.15564394  0.12487600
v -5.68966389  5.15664482  0.13094600
v -5.69474077  5.15831995  0.13783400
v -5.69855785  5.16061783  0.14532900
v -5.54478598  4.69416714  0.38681701
v -5.54599619  4.69793987  0.39458901
v -5.54576921  4.70218420  0.40220901
v -5.54410124  4.70677280  0.40944201
v -5.54104900  4.71156502  0.41606799
v -5.53671122  4.71641397  0.42188901
v -5.53121901  4.72117186  0.42672801
v -5.52473497  4.72569418  0.43043399
v -5.51745510  4.72983980  0.43288699
v -5.50960588  4.73348808  0.43402401
v -5.50142908  4.73653507  0.43382999
v -5.49316883  4.73888111  0.43228999
v -5.48507500  4.74044895  0.42944100
v -5.47739506  4.74119282  0.42537701
v -5.47036123  4.74109602  0.42022401
v -5.46418619  4.74015808  0.41413999
v -5.45906210  4.73840618  0.40730700
v -5.45515108  4.73589087  0.39993101
v -5.45256090  4.73269415  0.39223900
v -5.45135117  4.72892094  0.38446701
v -5.45157814  4.72467709  0.37684700
v -5.45324612  4.72008705  0.36961401
v -5.45629787  4.71529484  0.36298800
v -5.46063614  4.71044683  0.35716701
v -5.46612787  4.70568895  0.35232800
v -5.47261190  4.70116711  0.34862199
v -5.47989178  4.69702101  0.34616899
v -5.48774099  4.69337320  0.34503201
v -5.49591780  4.69032621  0.34522700
v -5.50417805  4.68798018  0.34676600
v -5.51227188  4.68641186  0.34961501
v -5.51995182  4.68566704  0.35367900
v -5.52698612  4.68576479  0.35883200
v -5.53316116  4.68670177  0.36491600
v -5.53828478  4.68845415  0.37175000
v -5.54219723  4.69096899  0.37912500
v -5.35314989  4.26071978  0.64510202
v -5.35456514  4.26490688  0.65262502
v -5.35458612  4.26966286  0.65993899
v -5.35320282  4.27484703  0.66682202
v -5.35046196  4.28029919  0.67306298
v -5.34645224  4.28585291  0.67847598
v -5.34129620  4.29133987  0.68289697
v -5.33514404  4.29659224  0.68618602
v -5.32818508  4.30144596  0.68823802
v -5.32063293  4.30575991  0.68900102
v -5.31272316  4.30941105  0.68847001
v -5.30468893  4.31228113  0.68664199
v -5.29677391  4.31427479  0.68356401
v -5.28922081  4.31533480  0.67933297
v -5.28225899  4.31543303  0.67408401
v -5.27609682  4.31456709  0.66797698
v -5.27092791  4.31275797  0.66119200
v -5.26691294  4.31006002  0.65393698
v -5.26416683  4.30655909  0.64643502
v -5.26275206  4.30237198  0.63891202
v -5.26273108  4.29761696  0.63159800
v -5.26411390  4.29243183  0.62471497
v -5.26685476  4.28698015  0.61847401
v -5.27086496  4.28142595  0.61306101
v -5.27602100  4.27593899  0.60864002
v -5.28217316  4.27068806  0.60535097
v -5.28913212  4.26583290  0.60329902
v -5.29668379  4.26151896  0.60253602
v -5.30459404  4.25786781  0.60306698
v -5.31262779  4.25499916  0.60489500
v -5.32054281  4.25300503  0.60797298
v -5.32809591  4.25194407  0.61220402
v -5.33505821  4.25184584  0.61745203
v -5.34121990  4.25271177  0.62356001
v -5.34638882  4.25452089  0.63034499
v -5.35040379  4.25721979  0.63760000
v -5.05273485  3.73755503  1.01743805
v -5.05438519  3.74211001  1.02469301
v -5.05469513  3.74732804  1.03167903
v -5.05364323  3.75305295  1.03817999
v -5.05126810  3.75910997  1.04399896
v -5.04764700  3.76531100  1.04896295
v -5.04289103  3.77147007  1.05292106
v -5.03713799  3.77739906  1.05574703
v -5.03056288  3.78291297  1.05735195
v -5.02337122  3.78784990  1.05769396
v -5.01578522  3.79206991  1.05678296
v -5.00802898  3.79543495  1.05462801
v -5.00033808  3.79783702  1.05128396
v -4.99294806  3.79920411  1.04685903
v -4.98608208  3.79949999  1.04149199
v -4.97994709  3.79871607  1.03534496
v -4.97473621  3.79687095  1.02860296
v -4.97061014  3.79401898  1.02147102
v -4.96768713  3.79025197  1.01416695
v -4.96603680  3.78569603  1.00691199
v -4.96572685  3.78047895  0.99992698
v -4.96677923  3.77475309  0.99342602
v -4.96915388  3.76869702  0.98760599
v -4.97277498  3.76249504  0.98264199
v -4.97753096  3.75633597  0.97868401
v -4.98328400  3.75040793  0.97585797
v -4.98985910  3.74489307  0.97425401
v -4.99705076  3.73995709  0.97391099
v -5.00463676  3.73573589  0.97482198
v -5.01239300  3.73237109  0.97697800
v -5.02008390  3.72996998  0.98032099
v -5.02747393  3.72860289  0.98474598
v -5.03433990  3.72830606  0.99011302
v -5.04047489  3.72908998  0.99625999
v -5.04568577  3.73093510  1.00300205
v -5.04981184  3.73378801  1.01013505
v -4.71256304  3.27330709  1.41015100
v -4.71445704  3.27816391  1.41714597
v -4.71506882  3.28376508  1.42380404
v -4.71437120  3.28994608  1.42992306
v -4.71238899  3.29651499  1.43531597
v -4.70918894  3.30327106  1.43982100
v -4.70486784  3.31000900  1.44330394
v -4.69955301  3.31652308  1.44565201
v -4.69340420  3.32261205  1.44678903
v -4.68661308  3.32809591  1.44669199
v -4.67939091  3.33281803  1.44537795
v -4.67195177  3.33662605  1.44287205
v -4.66451979  3.33939600  1.43924105
v -4.65732384  3.34104705  1.43459904
v -4.65057993  3.34153390  1.42909205
v -4.64449406  3.34084201  1.42288697
v -4.63925314  3.33898592  1.41617000
v -4.63502216  3.33601999  1.40914702
v -4.63192177  3.33204198  1.40203094
v -4.63002777  3.32718492  1.39503706
v -4.62941599  3.32158399  1.38837802
v -4.63011408  3.31540298  1.38225901
v -4.63209486  3.30883408  1.37686706
v -4.63529491  3.30207801  1.37236094
v -4.63961601  3.29534006  1.36887896
v -4.64493179  3.28882599  1.36653101
v -4.65108109  3.28273702  1.36539304
v -4.65787220  3.27725291  1.36549103
v -4.66509390  3.27253008  1.36680400
v -4.67253208  3.26872301  1.36931002
v -4.67996407  3.26595306  1.37294197
v -4.68716097  3.26430202  1.37758398
v -4.69390488  3.26381493  1.38309097
v -4.69999123  3.26450706  1.38929605
v -4.70523214  3.26636291  1.39601195
v -4.70946312  3.26932907  1.40303600
v -4.25207901  2.77237010  1.90876496
v -4.25420523  2.77745605  1.91552496
v -4.25511503  2.78336000  1.92188001
v -4.25477314  2.78990889  1.92763400
v -4.25319290  2.79689908  1.93261302
v -4.25043011  2.80411601  1.93666804
v -4.24656582  2.81134105  1.93967795
v -4.24171495  2.81835294  1.94154501
v -4.23602390  2.82493711  1.94220805
v -4.22966909  2.83089709  1.94165599
v -4.22284985  2.83606195  1.93992305
v -4.21576691  2.84026599  1.93704402
v -4.20863390  2.84337401  1.93309903
v -4.20167017  2.84529305  1.92821097
v -4.19508505  2.84597111  1.92253399
v -4.18907881  2.84538603  1.91623902
v -4.18383789  2.84355211  1.90951705
v -4.17952585  2.84052110  1.90257204
v -4.17626715  2.83639312  1.89561498
v -4.17414093  2.83130598  1.88885605
v -4.17323112  2.82540202  1.88250101
v -4.17357302  2.81885290  1.87674701
v -4.17515182  2.81186295  1.87176800
v -4.17791605  2.80464602  1.86771202
v -4.18177891  2.79742193  1.86470199
v -4.18662977  2.79040909  1.86283505
v -4.19232178  2.78382492  1.86217201
v -4.19867706  2.77786589  1.86272395
v -4.20549583  2.77270007  1.86445701
v -4.21257782  2.76849604  1.86733603
v -4.21971083  2.76538801  1.87128198
v -4.22667503  2.76346898  1.87616897
v -4.23326015  2.76279211  1.88184702
v -4.23926592  2.76337600  1.88814104
v -4.24450684  2.76520991  1.89486396
v -4.24881887  2.76824093  1.90180898
v -3.68123507  2.27997708  2.48458409
v -3.68354297  2.28520608  2.49117088
v -3.68471289  2.29132009  2.49727798
v -3.68470001  2.29814100  2.50271392
v -3.68351007  2.30545592  2.50731707
v -3.68118405  2.31304097  2.51094890
v -3.67779112  2.32066488  2.51349998
v -3.67343092  2.32809806  2.51488805
v -3.66823602  2.33510900  2.51506591
v -3.66236711  2.34148908  2.51403809
v -3.65600991  2.34705710  2.51185107
v -3.64934993  2.35163307  2.50855589
v -3.64258790  2.35507011  2.50424290
v -3.63593102  2.35726595  2.49904990
v -3.62958193  2.35816002  2.49313593
v -3.62373209  2.35772491  2.48668289
v -3.61856294  2.35596800  2.47988391
v -3.61423612  2.35294008  2.47294688
v -3.61087489  2.34874010  2.46608305
v -3.60856700  2.34351110  2.45949602
v -3.60739803  2.33739710  2.45338988
v -3.60740995  2.33057594  2.44795299
v -3.60859990  2.32326102  2.44335008
v -3.61092710  2.31567597  2.43971801
v -3.61431909  2.30805111  2.43716693
v -3.61867905  2.30061889  2.43577909
v -3.62387490  2.29360795  2.43560100
v -3.62974405  2.28722811  2.43662906
v -3.63610101  2.28166008  2.43881607
v -3.64276004  2.27708411  2.44211102
v -3.64952302  2.27364707  2.44642401
v -3.65617895  2.27145100  2.45161700
v -3.66252804  2.27055693  2.45753098
v -3.66837811  2.27099204  2.46398401
v -3.67354703  2.27274895  2.47078300
v -3.67787409  2.27577710  2.47772002
v -2.96216202  1.79314804  3.14011788
v -2.96447992  1.79838395  3.14669490
v -2.96574998  1.80456400  3.15271211
v -2.96592402  1.81150806  3.15798306
v -2.96499991  1.81899905  3.16234708
v -2.96301198  1.82680798  3.16567802
v -2.96002007  1.83469796  3.16787195
v -2.95611000  1.84242904  3.16885996
v -2.95140100  1.84976101  3.16860509
v -2.94603896  1.85647798  3.16712499
v -2.94019508  1.86238599  3.16448212
v -2.93403792  1.86729503  3.16073895
v -2.92775393  1.87104905  3.15600109
v -2.92153597  1.87353504  3.15041804
v -2.91557288  1.87468505  3.14416194
v -2.91004395  1.87446296  3.13742304
v -2.90512109  1.87286901  3.13040495
v -2.90095806  1.86995006  3.12332296
v -2.89767408  1.86580098  3.11639094
v -2.89535499  1.86056495  3.10981393
v -2.89408588  1.85438502  3.10379696
v -2.89391208  1.84744096  3.09852600
v -2.89483595  1.83994997  3.09416199
v -2.89682388  1.83214104  3.09083104
v -2.89981604  1.82425106  3.08863711
v -2.90372610  1.81651998  3.08764911
v -2.90843511  1.80918801  3.08790398
v -2.91379690  1.80247104  3.08938408
v -2.91964102  1.79656303  3.09202695
v -2.92579699  1.79165399  3.09576988
v -2.93208098  1.78789997  3.10050797
v -2.93829894  1.78541303  3.10609102
v -2.94426298  1.78426397  3.11234689
v -2.94979191  1.78448606  3.11908603
v -2.95471406  1.78607905  3.12610412
v -2.95887804  1.78899896  3.13318610
v -2.51085210  1.54281795  3.49032092
v -2.51289511  1.54790998  3.49710488
v -2.51397491  1.55399501  3.50325894
v -2.51405191  1.56089497  3.50859189
v -2.51312590  1.56839502  3.51294208
v -2.51123190  1.57626498  3.51618290
v -2.50842500  1.58426595  3.51821494
v -2.50478792  1.59215498  3.51897097
v -2.50042892  1.59968805  3.51842403
v -2.49548602  1.60664105  3.51659989
v -2.49011493  1.61281395  3.51357102
v -2.48447204  1.61800897  3.50941205
v -2.47872710  1.62206101  3.50424099
v -2.47305608  1.62484801  3.49821997
v -2.46763206  1.62629294  3.49153590
v -2.46261811  1.62635005  3.48439097
v -2.45816994  1.62501299  3.47700191
v -2.45442605  1.62231803  3.46959400
v -2.45149493  1.61835599  3.46239209
v -2.44945192  1.61326396  3.45560908
v -2.44837189  1.60717905  3.44945407
v -2.44829512  1.60027897  3.44412088
v -2.44922090  1.59277904  3.43977094
v -2.45111489  1.58490896  3.43653107
v -2.45392203  1.57690799  3.43449903
v -2.45755911  1.56901896  3.43374205
v -2.46191812  1.56148601  3.43428898
v -2.46686101  1.55453300  3.43611407
v -2.47223210  1.54835999  3.43914199
v -2.47787499  1.54316497  3.44330096
v -2.48361993  1.53911304  3.44847202
v -2.48929095  1.53632605  3.45449305
v -2.49471498  1.53488100  3.46117711
v -2.49972892  1.53482294  3.46832204
v -2.50417709  1.53615999  3.47571111
v -2.50792003  1.53885496  3.48311901
v -2.32851696  1.45111406  3.60433602
v -2.33004189  1.45596194  3.61143208
v -2.33068204  1.46184003  3.61784697
v -2.33041000  1.46857595  3.62338209
v -2.32923698  1.47596204  3.62787008
v -2.32720399  1.48377001  3.63117790
v -2.32437110  1.49176300  3.63320804
v -2.32082295  1.49969804  3.63388991
v -2.31666493  1.50732994  3.63319993
v -2.31202793  1.51443303  3.63116789
v -2.30705595  1.52079999  3.62787509
v -2.30189705  1.52622795  3.62340212
v -2.29670501  1.53054500  3.61787510
v -2.29164004  1.53362298  3.61146903
v -2.28685498  1.53537297  3.60438204
v -2.28249502  1.53574300  3.59682798
v -2.27869511  1.53471398  3.58903599
v -2.27557397  1.53231502  3.58124590
v -2.27322197  1.52862704  3.57369089
v -2.27169609  1.52377903  3.56659603
v -2.27105689  1.51790094  3.56017995
v -2.27132893  1.51116395  3.55464506
v -2.27250195  1.50377798  3.55015707
v -2.27453494  1.49597096  3.54684901
v -2.27736712  1.48797798  3.54481912
v -2.28091598  1.48004305  3.54413700
v -2.28507400  1.47240996  3.54482698
v -2.28971100  1.46530795  3.54685903
v -2.29468298  1.45894098  3.55015206
v -2.29984188  1.45351303  3.55462503
v -2.30503392  1.44919503  3.56015205
v -2.31009889  1.44611704  3.56655788
v -2.31488395  1.44436705  3.57364511
v -2.31924391  1.44399703  3.58119893
v -2.32304406  1.44502604  3.58899093
v -2.32616496  1.44742596  3.59678102
v -2.22674489  1.40160000  3.65377307
v -2.22765088  1.40616202  3.66115999
v -2.22773910  1.41178501  3.66783094
v -2.22700191  1.41830599  3.67357802
v -2.22546411  1.42552400  3.67822790
v -2.22317696  1.43321502  3.68164396
v -2.22020793  1.44114602  3.68372297
v -2.21664691  1.44907606  3.68439507
v -2.21259999  1.45676100  3.68363595
v -2.20819306  1.46397102  3.68147802
v -2.20356297  1.47049701  3.67800498
v -2.19884706  1.47613204  3.67330599
v -2.19418812  1.48069704  3.66751194
v -2.18972898  1.48405695  3.66080499
v -2.18560410  1.48611403  3.65339398
v -2.18193889  1.48680496  3.64550209
v -2.17884588  1.48610497  3.63736892
v -2.17642403  1.48402905  3.62924409
v -2.17474008  1.48065102  3.62137294
v -2.17383504  1.47608900  3.61398602
v -2.17374706  1.47046602  3.60731506
v -2.17448401  1.46394396  3.60156798
v -2.17602110  1.45672703  3.59691811
v -2.17830896  1.44903600  3.59350204
v -2.18127704  1.44110501  3.59142303
v -2.18483901  1.43317497  3.59075093
v -2.18888593  1.42549002  3.59151006
v -2.19329309  1.41828001  3.59366798
v -2.19792295  1.41175401  3.59714103
v -2.20263791  1.40611899  3.60184002
v -2.20729709  1.40155399  3.60763407
v -2.21175599  1.39819396  3.61434102
v -2.21588111  1.39613700  3.62175202
v -2.21954703  1.39544594  3.62964392
v -2.22263908  1.39614606  3.63777709
v -2.22506094  1.39822197  3.64590192
v -2.18148708  1.37978601  3.67024207
v -2.18153691  1.38395500  3.67792511
v -2.18085194  1.38922298  3.68485999
v -2.17944694  1.39543903  3.69082999
v -2.17736697  1.40240800  3.69565606
v -2.17467904  1.40991497  3.69919491
v -2.17146397  1.41773295  3.70134091
v -2.16781807  1.42562401  3.70202088
v -2.16385198  1.43334603  3.70121002
v -2.15968800  1.44066703  3.69894409
v -2.15545201  1.44737399  3.69531107
v -2.15127301  1.45325398  3.69040108
v -2.14727807  1.45812404  3.68435407
v -2.14358902  1.46183598  3.67735910
v -2.14031601  1.46428299  3.66963291
v -2.13755894  1.46539104  3.66141105
v -2.13540506  1.46511996  3.65294003
v -2.13391995  1.46347404  3.64448190
v -2.13314700  1.46051204  3.63629103
v -2.13309598  1.45634305  3.62860703
v -2.13378191  1.45107400  3.62167311
v -2.13518691  1.44485903  3.61570191
v -2.13726592  1.43789005  3.61087704
v -2.13995409  1.43038201  3.60733795
v -2.14316893  1.42256498  3.60519195
v -2.14681506  1.41467297  3.60451198
v -2.15078092  1.40695202  3.60532188
v -2.15494609  1.39963102  3.60758805
v -2.15918112  1.39292395  3.61122203
v -2.16336012  1.38704300  3.61613202
v -2.16735601  1.38217402  3.62217903
v -2.17104506  1.37846196  3.62917399
v -2.17431808  1.37601495  3.63689899
v -2.17707396  1.37490702  3.64512205
v -2.17922902  1.37517798  3.65359211
v -2.18071294  1.37682402  3.66205096
v -2.10581803  1.34299695  3.68421602
v -2.10503507  1.34680402  3.69202805
v -2.10363603  1.35176504  3.69906402
v -2.10165906  1.35773599  3.70510411
v -2.09916711  1.36453199  3.70996499
v -2.09623790  1.37194204  3.71350598
v -2.09296203  1.37974203  3.71561909
v -2.08943510  1.38769495  3.71623302
v -2.08576608  1.39555705  3.71532393
v -2.08206701  1.40309203  3.71293211
v -2.07844901  1.41007805  3.70914698
v -2.07502198  1.41629696  3.70406604
v -2.07189202  1.42155302  3.69783306
v -2.06915498  1.42568898  3.69064403
v -2.06689095  1.42858303  3.68271899
v -2.06517005  1.43014896  3.67430091
v -2.06404495  1.43033099  3.66564393
v -2.06355500  1.42912102  3.65701294
v -2.06370807  1.42656398  3.64866805
v -2.06449199  1.42275703  3.64085603
v -2.06589103  1.41779697  3.63382006
v -2.06786799  1.41182494  3.62777996
v -2.07035899  1.40502906  3.62291908
v -2.07328796  1.39761901  3.61937809
v -2.07656503  1.38981903  3.61726499
v -2.08009195  1.38186598  3.61665106
v -2.08376002  1.37400401  3.61755991
v -2.08745909  1.36646903  3.61995196
v -2.09107804  1.35948300  3.62373710
v -2.09450412  1.35326397  3.62881804
v -2.09763408  1.34800804  3.63505101
v -2.10037088  1.34387195  3.64224005
v -2.10263491  1.34097803  3.65016508
v -2.10435700  1.33941197  3.65858293
v -2.10548091  1.33922994  3.66723990
v -2.10597205  1.34044003  3.67587090
v -2.02726102  1.31008995  3.68909407
v -2.02660608  1.31396198  3.69689298
v -2.02544093  1.31903100  3.70390701
v -2.02379799  1.32515204  3.70991802
v -2.02172899  1.33213198  3.71474290
v -2.01929903  1.33975697  3.71824193
v -2.01658201  1.34779406  3.72030902
v -2.01365805  1.35600102  3.72087407
v -2.01061702  1.36412501  3.71991491
v -2.00755310  1.37192202  3.71747208
v -2.00455594  1.37916303  3.71363902
v -2.00171900  1.38562202  3.70851302
v -1.99913001  1.39109504  3.70223808
v -1.99686599  1.39541900  3.69501305
v -1.99499500  1.39846599  3.68706012
v -1.99357402  1.40014398  3.67862105
v -1.99264801  1.40039694  3.66995096
v -1.99224699  1.39921200  3.66131592
v -1.99238002  1.39663398  3.65297604
v -1.99303496  1.39276099  3.64517689
v -1.99419999  1.38769197  3.63816309
v -1.99584305  1.38157201  3.63215208
v -1.99791205  1.37459195  3.62732697
v -2.00034189  1.36696696  3.62382793
v -2.00305891  1.35892999  3.62176108
v -2.00598311  1.35072303  3.62119603
v -2.00902390  1.34259903  3.62215495
v -2.01208806  1.33480203  3.62459803
v -2.01508498  1.32755995  3.62843108
v -2.01792192  1.32110202  3.63355708
v -2.02051091  1.31562805  3.63983202
v -2.02277493  1.31130505  3.64705706
v -2.02464604  1.30825806  3.65500998
v -2.02606702  1.30657899  3.66344905
v -2.02699304  1.30632603  3.67211890
v -2.02739406  1.30751204  3.68075395
v -1.86855304  1.26112294  3.70960498
v -1.86865699  1.26520503  3.71731806
v -1.86832297  1.27050805  3.72424102
v -1.86755705  1.27688003  3.73015690
v -1.86638606  1.28412199  3.73488808
v -1.86484504  1.29200900  3.73829603
v -1.86298203  1.30030406  3.74027801
v -1.86085296  1.30875397  3.74076605
v -1.85852098  1.31709898  3.73974109
v -1.85605896  1.32509005  3.73724389
v -1.85354197  1.33249199  3.73337197
v -1.85104597  1.33907104  3.72822094
v -1.84864604  1.34462297  3.72194004
v -1.84641695  1.34897995  3.71472406
v -1.84442401  1.35201395  3.70679593
v -1.84272897  1.35363495  3.69839811
v -1.84138405  1.35378599  3.68978310
v -1.84043300  1.35245800  3.68121505
v -1.83990002  1.34970105  3.67295408
v -1.83979595  1.34561896  3.66524100
v -1.84012997  1.34031606  3.65831804
v -1.84089506  1.33394396  3.65240192
v -1.84206700  1.32670200  3.64767098
v -1.84360802  1.31881404  3.64426303
v -1.84546995  1.31052005  3.64228201
v -1.84759998  1.30207002  3.64179301
v -1.84993196  1.29372394  3.64281893
v -1.85239398  1.28573406  3.64531493
v -1.85491097  1.27833200  3.64918804
v -1.85740697  1.27175295  3.65433788
v -1.85980701  1.26620102  3.66061997
v -1.86203599  1.26184404  3.66783595
v -1.86402905  1.25881004  3.67576289
v -1.86572397  1.25718904  3.68416190
v -1.86706805  1.25703800  3.69277692
v -1.86802006  1.25836599  3.70134401
v -1.42275703  1.16564095  3.78642607
v -1.42334402  1.16980505  3.79406595
v -1.42358196  1.17521095  3.80090189
v -1.42346096  1.18170202  3.80672193
v -1.42298496  1.18907595  3.81135106
v -1.42217100  1.19710398  3.81465292
v -1.42104399  1.20554495  3.81652689
v -1.41963506  1.21414101  3.81691098
v -1.41798902  1.22262800  3.81578708
v -1.41615605  1.23075199  3.81320095
v -1.41419399  1.23827505  3.80925107
v -1.41215897  1.24495995  3.80403709
v -1.41011500  1.25059700  3.79770708
v -1.40812302  1.25501704  3.79046011
v -1.40624297  1.25809205  3.78252006
v -1.40453398  1.25972700  3.77412796
v -1.40304601  1.25986695  3.76553798
v -1.40182805  1.25850201  3.75701404
v -1.40091395  1.25568497  3.74881196
v -1.40032697  1.25152099  3.74117208
v -1.40008903  1.24611497  3.73433590
v -1.40021002  1.23962402  3.72851491
v -1.40068603  1.23224998  3.72388697
v -1.40149999  1.22422194  3.72058511
v -1.40262699  1.21578097  3.71871090
v -1.40403497  1.20718503  3.71832705
v -1.40568197  1.19869804  3.71945095
v -1.40751505  1.19057405  3.72203708
v -1.40947700  1.18305099  3.72598696
v -1.41151094  1.17636597  3.73120093
v -1.41355598  1.17072904  3.73753095
v -1.41554797  1.16630900  3.74477792
v -1.41742694  1.16323400  3.75271702
v -1.41913700  1.16159904  3.76110911
v -1.42062402  1.16145897  3.76970005
v -1.42184198  1.16282403  3.77822399
v -0.30606601  1.02122700  3.97416711
v -0.30671999  1.02539897  3.98179793
v -0.30714199  1.03082800  3.98860598
v -0.30731800  1.03735900  3.99438000
v -0.30724299  1.04478800  3.99894595
v -0.30692101  1.05288506  4.00216913
v -0.30636200  1.06140399  4.00395298
v -0.30557999  1.07008803  4.00423717
v -0.30460101  1.07867002  4.00300598
v -0.30345401  1.08689201  4.00030899
v -0.30217701  1.09451199  3.99624801
v -0.30080500  1.10129201  3.99092603
v -0.29938200  1.10701799  3.98449492
v -0.29794899  1.11151898  3.97715712
v -0.29655099  1.11466396  3.96913791
v -0.29523000  1.11635602  3.96068192
v -0.29402599  1.11653900  3.95204401
v -0.29297799  1.11520100  3.94349003
v -0.29211599  1.11239302  3.93527699
v -0.29146200  1.10822105  3.92764711
v -0.29104000  1.10279202  3.92083812
v -0.29086399  1.09626102  3.91506410
v -0.29093900  1.08883202  3.91049910
v -0.29126099  1.08073497  3.90727496
v -0.29181999  1.07221603  3.90549111
v -0.29260200  1.06353199  3.90520811
v -0.29358101  1.05495000  3.90643907
v -0.29472801  1.04672801  3.90913510
v -0.29600501  1.03910804  3.91319609
v -0.29737601  1.03232801  3.91851807
v -0.29879999  1.02660203  3.92494893
v -0.30023301  1.02210104  3.93228698
v -0.30163100  1.01895595  3.94030595
v -0.30295199  1.01726401  3.94876289
v -0.30415499  1.01708102  3.95740104
v -0.30520400  1.01841903  3.96595407
v  0.59760100  0.96692902  4.07085800
v  0.59724498  0.97109401  4.07851410
v  0.59698200  0.97652400  4.08533096
v  0.59682000  0.98306298  4.09109688
v  0.59676498  0.99050701  4.09563684
v  0.59681600  0.99862498  4.09882021
v  0.59697402  1.00717103  4.10054779
v  0.59723198  1.01588702  4.10076189
v  0.59758502  1.02450502  4.09945107
v  0.59802002  1.03276503  4.09666586
v  0.59852302  1.04042602  4.09251022
v  0.59908003  1.04724598  4.08709097
v  0.59967399  1.05301297  4.08056307
v  0.60028797  1.05755198  4.07313013
v  0.60090202  1.06073105  4.06502295
v  0.60149801  1.06245399  4.05648613
v  0.60205698  1.06266201  4.04777908
v  0.60256201  1.06134403  4.03916883
v  0.60299897  1.05855000  4.03091478
v  0.60335398  1.05438399  4.02325916
v  0.60361701  1.04895401  4.01644182
v  0.60377902  1.04241502  4.01067591
v  0.60383499  1.03497195  4.00613594
v  0.60378301  1.02685404  4.00295305
v  0.60362601  1.01830697  4.00122595
v  0.60336697  1.00959098  4.00101089
v  0.60301399  1.00097406  4.00232220
v  0.60257900  0.99271399  4.00510693
v  0.60207599  0.98505300  4.00926304
v  0.60151899  0.97823298  4.01468182
v  0.60092503  0.97246599  4.02121019
v  0.60031098  0.96792698  4.02864313
v  0.59969699  0.96474701  4.03675079
v  0.59910202  0.96302402  4.04528713
v  0.59854198  0.96281600  4.05399418
v  0.59803700  0.96413499  4.06260395
v  1.13873899  0.96557701  4.08196592
v  1.13882101  0.96975899  4.08962202
v  1.13885605  0.97520399  4.09643316
v  1.13884199  0.98175597  4.10218716
v  1.13878202  0.98921001  4.10670900
v  1.13867497  0.99733502  4.10986996
v  1.13852704  1.00588703  4.11157179
v  1.13834000  1.01460397  4.11175680
v  1.13812196  1.02321994  4.11041498
v  1.13787699  1.03147602  4.10759687
v  1.13761497  1.03912902  4.10340786
v  1.13734305  1.04593897  4.09795618
v  1.13706899  1.05169201  4.09139681
v  1.13680196  1.05621696  4.08393621
v  1.13654900  1.05938005  4.07580423
v  1.13631797  1.06108499  4.06724596
v  1.13611698  1.06127501  4.05852318
v  1.13595104  1.05993903  4.04990292
v  1.13582599  1.05712700  4.04164410
v  1.13574505  1.05294502  4.03398895
v  1.13571000  1.04750001  4.02717781
v  1.13572299  1.04094803  4.02142382
v  1.13578403  1.03349400  4.01690102
v  1.13589001  1.02536798  4.01374102
v  1.13603902  1.01681697  4.01203918
v  1.13622499  1.00810003  4.01185322
v  1.13644397  0.99948400  4.01319599
v  1.13668799  0.99122798  4.01601410
v  1.13695002  0.98357499  4.02020216
v  1.13722205  0.97676498  4.02565384
v  1.13749599  0.97101200  4.03221321
v  1.13776398  0.96648699  4.03967381
v  1.13801706  0.96332401  4.04780722
v  1.13824701  0.96161801  4.05636406
v  1.13844895  0.96142900  4.06508684
v  1.13861406  0.96276498  4.07370806
v  1.44001198  0.97960299  4.06229877
v  1.44056594  0.98382598  4.06991291
v  1.44093597  0.98930299  4.07668877
v  1.44111001  0.99587798  4.08241415
v  1.44108200  1.00334406  4.08691597
v  1.44085598  1.01147199  4.09006405
v  1.44043803  1.02001500  4.09176302
v  1.43983901  1.02871394  4.09195423
v  1.43907702  1.03730202  4.09062576
v  1.43817699  1.04551995  4.08783102
v  1.43716800  1.05312800  4.08367205
v  1.43607795  1.05988598  4.07825708
v  1.43493998  1.06558394  4.07174110
v  1.43378901  1.07004905  4.06432676
v  1.43265998  1.07315099  4.05624390
v  1.43158805  1.07479703  4.04773808
v  1.43060505  1.07492900  4.03906584
v  1.42974198  1.07353902  4.03049421
v  1.42902398  1.07067895  4.02228212
v  1.42847002  1.06645703  4.01466799
v  1.42809999  1.06097901  4.00789213
v  1.42792594  1.05440497  4.00216722
v  1.42795396  1.04693794  3.99766397
v  1.42817998  1.03881001  3.99451590
v  1.42859805  1.03026700  3.99281693
v  1.42919695  1.02156794  3.99262691
v  1.42995906  1.01298106  3.99395490
v  1.43085897  1.00476301  3.99675012
v  1.43186796  0.99715501  4.00090790
v  1.43295801  0.99039602  4.00632286
v  1.43409598  0.98469800  4.01283979
v  1.43524694  0.98023403  4.02025414
v  1.43637598  0.97713101  4.02833700
v  1.43744802  0.97548503  4.03684282
v  1.43843102  0.97535300  4.04551506
v  1.43929398  0.97674400  4.05408621
v  1.71471405  1.00619900  4.01861286
v  1.71578300  1.01049399  4.02613211
v  1.71652305  1.01602697  4.03283215
v  1.71690905  1.02263904  4.03850412
v  1.71693206  1.03012395  4.04297590
v  1.71659005  1.03824997  4.04611778
v  1.71589601  1.04677200  4.04783583
v  1.71486795  1.05543005  4.04806900
v  1.71353805  1.06395805  4.04680586
v  1.71194696  1.07210100  4.04409695
v  1.71014595  1.07962096  4.04004192
v  1.70818806  1.08627999  4.03474617
v  1.70613098  1.09186900  4.02835894
v  1.70403695  1.09622097  4.02108192
v  1.70197201  1.09920895  4.01314020
v  1.69999695  1.10074306  4.00477314
v  1.69817305  1.10076797  3.99623394
v  1.69655704  1.09927905  3.98778796
v  1.69519603  1.09633303  3.97968602
v  1.69412804  1.09203804  3.97216702
v  1.69338799  1.08650506  3.96546698
v  1.69300103  1.07989299  3.95979500
v  1.69297898  1.07240796  3.95532298
v  1.69332004  1.06428194  3.95218110
v  1.69401395  1.05576098  3.95046306
v  1.69504201  1.04710305  3.95022988
v  1.69637299  1.03857398  3.95149302
v  1.69796395  1.03043103  3.95420194
v  1.69976401  1.02291203  3.95825696
v  1.70172203  1.01625299  3.96355295
v  1.70378006  1.01066303  3.96993995
v  1.70587301  1.00631106  3.97721696
v  1.70793903  1.00332296  3.98515892
v  1.70991302  1.00179005  3.99352598
v  1.71173704  1.00176501  4.00206423
v  1.71335304  1.00325298  4.01051092
v  1.88124204  1.03175998  3.97405696
v  1.88284504  1.03616297  3.98141694
v  1.88397002  1.04177797  3.98799491
v  1.88458002  1.04844403  3.99358296
v  1.88465595  1.05595303  3.99801493
v  1.88419998  1.06407201  4.00116014
v  1.88322401  1.07255602  4.00292301
v  1.88175702  1.08114803  4.00324392
v  1.87984204  1.08958304  4.00210905
v  1.87753999  1.09760797  3.99956203
v  1.87492502  1.10498905  3.99569988
v  1.87207305  1.11149299  3.99062109
v  1.86906695  1.11691594  3.98446989
v  1.86600101  1.12109399  3.97743893
v  1.86296797  1.12390697  3.96974611
v  1.86006105  1.12526798  3.96162510
v  1.85736799  1.12513101  3.95332003
v  1.85497296  1.12349498  3.94508791
v  1.85294604  1.12041903  3.93717599
v  1.85134196  1.11601603  3.92981505
v  1.85021698  1.11040103  3.92323804
v  1.84960794  1.10373497  3.91764903
v  1.84953105  1.09622598  3.91321802
v  1.84998798  1.08810699  3.91007304
v  1.85096300  1.07962298  3.90830994
v  1.85242999  1.07103097  3.90798807
v  1.85434496  1.06259596  3.90912390
v  1.85664701  1.05457103  3.91166997
v  1.85926199  1.04718995  3.91553211
v  1.86211503  1.04068601  3.92061210
v  1.86512005  1.03526294  3.92676306
v  1.86818600  1.03108501  3.93379307
v  1.87121904  1.02827203  3.94148588
v  1.87412596  1.02691102  3.94960809
v  1.87681997  1.02704799  3.95791197
v  1.87921500  1.02868402  3.96614504
v  2.03132200  1.06399596  3.91591001
v  2.03350210  1.06855595  3.92302608
v  2.03504109  1.07429004  3.92941499
v  2.03588891  1.08103299  3.93488002
v  2.03602195  1.08857405  3.93925500
v  2.03543901  1.09668100  3.94241095
v  2.03415704  1.10510802  3.94425392
v  2.03221297  1.11360002  3.94472098
v  2.02966499  1.12189400  3.94379306
v  2.02659297  1.12974298  3.94150901
v  2.02309704  1.13691795  3.93795490
v  2.01927710  1.14319098  3.93322206
v  2.01524591  1.14836705  3.92744493
v  2.01112890  1.15228796  3.92080402
v  2.00705194  1.15484095  3.91350508
v  2.00313711  1.15595102  3.90576911
v  1.99950600  1.15557504  3.89783096
v  1.99626994  1.15372002  3.88993311
v  1.99352503  1.15045404  3.88231492
v  1.99134600  1.14589500  3.87519908
v  1.98980701  1.14016104  3.86880898
v  1.98895895  1.13341796  3.86334395
v  1.98882604  1.12587702  3.85896993
v  1.98940897  1.11776900  3.85581303
v  1.99069095  1.10934198  3.85397005
v  1.99263406  1.10085106  3.85350394
v  1.99518299  1.09255600  3.85443091
v  1.99825501  1.08470798  3.85671592
v  2.00175095  1.07753301  3.86026907
v  2.00557089  1.07125902  3.86500192
v  2.00960207  1.06608403  3.87077904
v  2.01371789  1.06216300  3.87741995
v  2.01779604  1.05960906  3.88471889
v  2.02170992  1.05850005  3.89245510
v  2.02534199  1.05887604  3.90039396
v  2.02857709  1.06072998  3.90829110
v  2.16247606  1.10323203  3.84312105
v  2.16520309  1.10799301  3.84990692
v  2.16713500  1.11387801  3.85604692
v  2.16820598  1.12071705  3.86135006
v  2.16838598  1.12829602  3.86565709
v  2.16767406  1.13638198  3.86884093
v  2.16609192  1.14472902  3.87080598
v  2.16368389  1.15308499  3.87148595
v  2.16052103  1.16119206  3.87085509
v  2.15670490  1.16880703  3.86894298
v  2.15235806  1.17570996  3.86582494
v  2.14760494  1.18168104  3.86157894
v  2.14258695  1.18653095  3.85632396
v  2.13745904  1.19011605  3.85022497
v  2.13237810  1.19233203  3.84347200
v  2.12749696  1.19311297  3.83626890
v  2.12296700  1.19242597  3.82883406
v  2.11892700  1.19028997  3.82139492
v  2.11549711  1.18677998  3.81417608
v  2.11277008  1.18201804  3.80739093
v  2.11083794  1.17613304  3.80125093
v  2.10976696  1.16929495  3.79594707
v  2.10958695  1.16171598  3.79164004
v  2.11029911  1.15363002  3.78845596
v  2.11188102  1.14528203  3.78649211
v  2.11428905  1.13692605  3.78581190
v  2.11745191  1.12881899  3.78644300
v  2.12126899  1.12120402  3.78835511
v  2.12561607  1.11430097  3.79147196
v  2.13036895  1.10833001  3.79571891
v  2.13538599  1.10347998  3.80097389
v  2.14051390  1.09989500  3.80707312
v  2.14559507  1.09767902  3.81382608
v  2.15047598  1.09689903  3.82102895
v  2.15500593  1.09758496  3.82846403
v  2.15904593  1.09972095  3.83590293
v  2.22151804  1.12608695  3.80000901
v  2.22464991  1.13102996  3.80647802
v  2.22687101  1.13705099  3.81238198
v  2.22810602  1.14397395  3.81753898
v  2.22831988  1.15158296  3.82179093
v  2.22751093  1.15964401  3.82501411
v  2.22570491  1.16791296  3.82711005
v  2.22295094  1.17613900  3.82801008
v  2.21933103  1.18406701  3.82768297
v  2.21496105  1.19146204  3.82614708
v  2.20998192  1.19810903  3.82346511
v  2.20453691  1.20379698  3.81970310
v  2.19878697  1.20834506  3.81496692
v  2.19290900  1.21161699  3.80940390
v  2.18708396  1.21352005  3.80318809
v  2.18148708  1.21399701  3.79650807
v  2.17629004  1.21302497  3.78956389
v  2.17165494  1.21063101  3.78257108
v  2.16771793  1.20689595  3.77573800
v  2.16458511  1.20195198  3.76926899
v  2.16236496  1.19593203  3.76336503
v  2.16112995  1.18900895  3.75820899
v  2.16091609  1.18139994  3.75395703
v  2.16172409  1.17333901  3.75073409
v  2.16353106  1.16507006  3.74863696
v  2.16628504  1.15684402  3.74773693
v  2.16990495  1.14891505  3.74806499
v  2.17427492  1.14152098  3.74960089
v  2.17925406  1.13487303  3.75228190
v  2.18469906  1.12918603  3.75604391
v  2.19044900  1.12463796  3.76078105
v  2.19632697  1.12136495  3.76634312
v  2.20215201  1.11946201  3.77255893
v  2.20774889  1.11898601  3.77923989
v  2.21294594  1.11995804  3.78618312
v  2.21758008  1.12235200  3.79317689
v  2.27446795  1.15066695  3.75306511
v  2.27792501  1.15578198  3.75922894
v  2.28037691  1.16192901  3.76490688
v  2.28174210  1.16892898  3.76992393
v  2.28198195  1.17656398  3.77412796
v  2.28109503  1.18460000  3.77739501
v  2.27910709  1.19279206  3.77962494
v  2.27607393  1.20089197  3.78074598
v  2.27208591  1.20864904  3.78072000
v  2.26727009  1.21583295  3.77955604
v  2.26178288  1.22223604  3.77730489
v  2.25578094  1.22765398  3.77401900
v  2.24944210  1.23191404  3.76979089
v  2.24296188  1.23488903  3.76475406
v  2.23653793  1.23649597  3.75906396
v  2.23036599  1.23668396  3.75289392
v  2.22463489  1.23544204  3.74642992
v  2.21952200  1.23280394  3.73986912
v  2.21517801  1.22885799  3.73341107
v  2.21172094  1.22374296  3.72724795
v  2.20926809  1.21759605  3.72156906
v  2.20790291  1.21059597  3.71655202
v  2.20766306  1.20296097  3.71234798
v  2.20855093  1.19492602  3.70908189
v  2.21053910  1.18673396  3.70685196
v  2.21357203  1.17863405  3.70573092
v  2.21756005  1.17087603  3.70575690
v  2.22237492  1.16369295  3.70692110
v  2.22786188  1.15728903  3.70917201
v  2.23386502  1.15187097  3.71245694
v  2.24020410  1.14761102  3.71668506
v  2.24668407  1.14463603  3.72172189
v  2.25310707  1.14303005  3.72741199
v  2.25927901  1.14284205  3.73358202
v  2.26501107  1.14408398  3.74004698
v  2.27012300  1.14672196  3.74660707
v  2.32169509  1.17731297  3.70163703
v  2.32531190  1.18253899  3.70760798
v  2.32783699  1.18874705  3.71318507
v  2.32918596  1.19575500  3.71819496
v  2.32932210  1.20334494  3.72248697
v  2.32824397  1.21128500  3.72593403
v  2.32598710  1.21933305  3.72843003
v  2.32261300  1.22724497  3.72989511
v  2.31822300  1.23477602  3.73028207
v  2.31295705  1.24170303  3.72958493
v  2.30698395  1.24782598  3.72784209
v  2.30047607  1.25294805  3.72509098
v  2.29362607  1.25690699  3.72140598
v  2.28664589  1.25958395  3.71690607
v  2.27974796  1.26090395  3.71172810
v  2.27314210  1.26082695  3.70603204
v  2.26703000  1.25934899  3.69998789
v  2.26160192  1.25651205  3.69378090
v  2.25701690  1.25240898  3.68759990
v  2.25340009  1.24718297  3.68162894
v  2.25087500  1.24097598  3.67605209
v  2.24952507  1.23396802  3.67104197
v  2.24938989  1.22637701  3.66674995
v  2.25046802  1.21843696  3.66330409
v  2.25272489  1.21038902  3.66080809
v  2.25609899  1.20247698  3.65934205
v  2.26048899  1.19494605  3.65895605
v  2.26575494  1.18801999  3.65965199
v  2.27172804  1.18189704  3.66139507
v  2.27823591  1.17677402  3.66414690
v  2.28508592  1.17281604  3.66783094
v  2.29206610  1.17013800  3.67233205
v  2.29896402  1.16881800  3.67750907
v  2.30556989  1.16889501  3.68320489
v  2.31168199  1.17037296  3.68924904
v  2.31711006  1.17321098  3.69545603
v  2.62978911  1.40254700  3.31536889
v  2.63329911  1.40769398  3.32147503
v  2.63564801  1.41377294  3.32727408
v  2.63675499  1.42060399  3.33258700
v  2.63659191  1.42797601  3.33725309
v  2.63516808  1.43566298  3.34113312
v  2.63252807  1.44343102  3.34410906
v  2.62874508  1.45104396  3.34608793
v  2.62393308  1.45826697  3.34700298
v  2.61824393  1.46488404  3.34683704
v  2.61186099  1.47070801  3.34560800
v  2.60496807  1.47554803  3.34333897
v  2.59776998  1.47925198  3.34009099
v  2.59048891  1.48170900  3.33596802
v  2.58334589  1.48285103  3.33109689
v  2.57655907  1.48264205  3.32562804
v  2.57033610  1.48108196  3.31972408
v  2.56487012  1.47821605  3.31356502
v  2.56031990  1.47414005  3.30733895
v  2.55681109  1.46899199  3.30123305
v  2.55446196  1.46291399  3.29543495
v  2.55335402  1.45608306  3.29012203
v  2.55351806  1.44870996  3.28545594
v  2.55494094  1.44102395  3.28157592
v  2.55758190  1.43325603  3.27859902
v  2.56136489  1.42564297  3.27662110
v  2.56617689  1.41841996  3.27570510
v  2.57186604  1.41180205  3.27587199
v  2.57824802  1.40597904  3.27710104
v  2.58514190  1.40113902  3.27936912
v  2.59233999  1.39743495  3.28261709
v  2.59962106  1.39497697  3.28674102
v  2.60676289  1.39383602  3.29161096
v  2.61355090  1.39404500  3.29708004
v  2.61977410  1.39560497  3.30298495
v  2.62524009  1.39847004  3.30914402
v  3.20316601  1.93613899  2.57409501
v  3.20641303  1.94102097  2.58054996
v  3.20845604  1.94679296  2.58675694
v  3.20922303  1.95328605  2.59252501
v  3.20869398  1.96029997  2.59767795
v  3.20689297  1.96761799  2.60206294
v  3.20387292  1.97501802  2.60554600
v  3.19972110  1.98227596  2.60801792
v  3.19456100  1.98916698  2.60939908
v  3.18855596  1.99548602  2.60965490
v  3.18189907  2.00105190  2.60879493
v  3.17477989  2.00568509  2.60682797
v  3.16741395  2.00923896  2.60380697
v  3.16002607  2.01160693  2.59982705
v  3.15284204  2.01272297  2.59501290
v  3.14608002  2.01255298  2.58951211
v  3.13994694  2.01109600  2.58348799
v  3.13463402  2.00839305  2.57712507
v  3.13029695  2.00453496  2.57061791
v  3.12704897  1.99965298  2.56416297
v  3.12500691  1.99388099  2.55795598
v  3.12423992  1.98738694  2.55218792
v  3.12476802  1.98037398  2.54703498
v  3.12656999  1.97305596  2.54264998
v  3.12959003  1.96565497  2.53916597
v  3.13374209  1.95839798  2.53669405
v  3.13890195  1.95150697  2.53531408
v  3.14490604  1.94518805  2.53505802
v  3.15156388  1.93962204  2.53591800
v  3.15868211  1.93498802  2.53788400
v  3.16604900  1.93143404  2.54090595
v  3.17343593  1.92906594  2.54488611
v  3.18061996  1.92795002  2.54970002
v  3.18738294  1.92812097  2.55520105
v  3.19351602  1.92957795  2.56122494
v  3.19882798  1.93228102  2.56758690
v  3.94171309  2.72879505  1.66758895
v  3.94462609  2.73331404  1.67445505
v  3.94632101  2.73870897  1.68109095
v  3.94673705  2.74482203  1.68729305
v  3.94586492  2.75146508  1.69287300
v  3.94373703  2.75843191  1.69766498
v  3.94041896  2.76551294  1.70152104
v  3.93600512  2.77249193  1.70432198
v  3.93062901  2.77915311  1.70597601
v  3.92445993  2.78529906  1.70644295
v  3.91769195  2.79075193  1.70572603
v  3.91052389  2.79533696  1.70382798
v  3.90316892  2.79890895  1.70079994
v  3.89585400  2.80136204  1.69673800
v  3.88880205  2.80262494  1.69176900
v  3.88222504  2.80265999  1.68604505
v  3.87632704  2.80146194  1.67973602
v  3.87129092  2.79906201  1.67303503
v  3.86726403  2.79554200  1.66614795
v  3.86435103  2.79102397  1.65928197
v  3.86265612  2.78562903  1.65264595
v  3.86224008  2.77951503  1.64644301
v  3.86311197  2.77287197  1.64086294
v  3.86524010  2.76590490  1.63607204
v  3.86855793  2.75882411  1.63221502
v  3.87297201  2.75184488  1.62941504
v  3.87834811  2.74518394  1.62776101
v  3.88451695  2.73903894  1.62729394
v  3.89128494  2.73358607  1.62801099
v  3.89845300  2.72900009  1.62990797
v  3.90580797  2.72542810  1.63293600
v  3.91312289  2.72297597  1.63699901
v  3.92017508  2.72171211  1.64196801
v  3.92675209  2.72167706  1.64769197
v  3.93265009  2.72287512  1.65400100
v  3.93768597  2.72527504  1.66070104
v  4.31694412  3.14433098  1.26964498
v  4.31944418  3.14839792  1.27695501
v  4.32073784  3.15335488  1.28401995
v  4.32077980  3.15906000  1.29062295
v  4.31957006  3.16533399  1.29656398
v  4.31715298  3.17198396  1.30166399
v  4.31360102  3.17880988  1.30577004
v  4.30901718  3.18560195  1.30875099
v  4.30354023  3.19215298  1.31051195
v  4.29733992  3.19826603  1.31100905
v  4.29061413  3.20376492  1.31024396
v  4.28355789  3.20847297  1.30822396
v  4.27638388  3.21224308  1.30499995
v  4.26931286  3.21496201  1.30067396
v  4.26255798  3.21655107  1.29538405
v  4.25632477  3.21696305  1.28928995
v  4.25080585  3.21617889  1.28257298
v  4.24617386  3.21422005  1.27543902
v  4.24256086  3.21115398  1.26810598
v  4.24006081  3.20708799  1.26079702
v  4.23876715  3.20213008  1.25373197
v  4.23872614  3.19642496  1.24712896
v  4.23993492  3.19015098  1.24118805
v  4.24235201  3.18350101  1.23608804
v  4.24590397  3.17667508  1.23198199
v  4.25048780  3.16988301  1.22900105
v  4.25596523  3.16333199  1.22723997
v  4.26216507  3.15721893  1.22674298
v  4.26889086  3.15172005  1.22750700
v  4.27594709  3.14701200  1.22952795
v  4.28312111  3.14324188  1.23275197
v  4.29019213  3.14052296  1.23707700
v  4.29694700  3.13893390  1.24236798
v  4.30318022  3.13852191  1.24846196
v  4.30869913  3.13930607  1.25517905
v  4.31333113  3.14126492  1.26231301
v  4.66210079  3.51584005  0.97768497
v  4.66413593  3.51939392  0.98539400
v  4.66497183  3.52384591  0.99285400
v  4.66457510  3.52906799  0.99983698
v  4.66296101  3.53489709  1.00612903
v  4.66018486  3.54115295  1.01154399
v  4.65633106  3.54764605  1.01591599
v  4.65151119  3.55417991  1.01910698
v  4.64587116  3.56055188  1.02101600
v  4.63958597  3.56657290  1.02159500
v  4.63285494  3.57206702  1.02084398
v  4.62587404  3.57686090  1.01876795
v  4.61885500  3.58080196  1.01541996
v  4.61201096  3.58377290  1.01090598
v  4.60555220  3.58568907  1.00536895
v  4.59967089  3.58648992  0.99897802
v  4.59455204  3.58614802  0.99192202
v  4.59035492  3.58467007  0.98441702
v  4.58719921  3.58210707  0.97669399
v  4.58516407  3.57855296  0.96898502
v  4.58432817  3.57410097  0.96152502
v  4.58472395  3.56887889  0.95454198
v  4.58633804  3.56305003  0.94825000
v  4.58911419  3.55679393  0.94283497
v  4.59296894  3.55030107  0.93846297
v  4.59778881  3.54376698  0.93527198
v  4.60342884  3.53739405  0.93336201
v  4.60971308  3.53137398  0.93278402
v  4.61644411  3.52587891  0.93353498
v  4.62342501  3.52108598  0.93561101
v  4.63044500  3.51714492  0.93895900
v  4.63728809  3.51417303  0.94347298
v  4.64374781  3.51225805  0.94901001
v  4.64962816  3.51145601  0.95540100
v  4.65474701  3.51179910  0.96245700
v  4.65894508  3.51327705  0.96996099
v  4.98594284  3.89175105  0.74634099
v  4.98765898  3.89490104  0.75429100
v  4.98813486  3.89890289  0.76202703
v  4.98734713  3.90364003  0.76931000
v  4.98532295  3.90896392  0.77591902
v  4.98212910  3.91471195  0.78165698
v  4.97786379  3.92070889  0.78635001
v  4.97265196  3.92677307  0.78984803
v  4.96665096  3.93271804  0.79204202
v  4.96004677  3.93836498  0.79287398
v  4.95304680  3.94355011  0.79233903
v  4.94585705  3.94810891  0.79043299
v  4.93869400  3.95189810  0.78720403
v  4.93177700  3.95480394  0.78275502
v  4.92531681  3.95674300  0.77722800
v  4.91950798  3.95765495  0.77078903
v  4.91453123  3.95750904  0.76363099
v  4.91054201  3.95630503  0.75597298
v  4.90765381  3.95408702  0.74804801
v  4.90593815  3.95093703  0.74009800
v  4.90546179  3.94693589  0.73236197
v  4.90625000  3.94219899  0.72507900
v  4.90827417  3.93687391  0.71846998
v  4.91146708  3.93112612  0.71273202
v  4.91573191  3.92512894  0.70803899
v  4.92094421  3.91906500  0.70454103
v  4.92694616  3.91312003  0.70234698
v  4.93354893  3.90747309  0.70151502
v  4.94054985  3.90228796  0.70205098
v  4.94774008  3.89772892  0.70395601
v  4.95490313  3.89393997  0.70718497
v  4.96182013  3.89103389  0.71163398
v  4.96827984  3.88909507  0.71716100
v  4.97408915  3.88818312  0.72359997
v  4.97906590  3.88832903  0.73075801
v  4.98305511  3.88953304  0.73841602
v  5.40762377  4.48334122  0.43858999
v  5.40912580  4.48616314  0.44670400
v  5.40933180  4.48975801  0.45464399
v  5.40822792  4.49402285  0.46216801
v  5.40585089  4.49882507  0.46904600
v  5.40227890  4.50401688  0.47507200
v  5.39762115  4.50943995  0.48006400
v  5.39201403  4.51492977  0.48386401
v  5.38562679  4.52031803  0.48635200
v  5.37865877  4.52544212  0.48746201
v  5.37132597  4.53015423  0.48718101
v  5.36384583  4.53430414  0.48549601
v  5.35644388  4.53776217  0.48245001
v  5.34934807  4.54042292  0.47813901
v  5.34277201  4.54221201  0.47270101
v  5.33691502  4.54307318  0.46630001
v  5.33195782  4.54297590  0.45912701
v  5.32805920  4.54192114  0.45140100
v  5.32532597  4.53994703  0.44335800
v  5.32382488  4.53712606  0.43524399
v  5.32361794  4.53353119  0.42730400
v  5.32472181  4.52926588  0.41977999
v  5.32709885  4.52446318  0.41290200
v  5.33067083  4.51927185  0.40687501
v  5.33532906  4.51384878  0.40188399
v  5.34093618  4.50835896  0.39808300
v  5.34732294  4.50297117  0.39559600
v  5.35429096  4.49784613  0.39448601
v  5.36162376  4.49313498  0.39476699
v  5.36910391  4.48898506  0.39645100
v  5.37650585  4.48552704  0.39949799
v  5.38360214  4.48286486  0.40380901
v  5.39017916  4.48107719  0.40924701
v  5.39603615  4.48021507  0.41564801
v  5.40099192  4.48031187  0.42282099
v  5.40489101  4.48136711  0.43054700
v  5.77711678  5.08732510  0.18300800
v  5.77834892  5.08968115  0.19131300
v  5.77825022  5.09275389  0.19947200
v  5.77681398  5.09645700  0.20723400
v  5.77408886  5.10067177  0.21436299
v  5.77016497  5.10527086  0.22064599
v  5.76515913  5.11011410  0.22589099
v  5.75922012  5.11505413  0.22993501
v  5.75252724  5.11993885  0.23264700
v  5.74528790  5.12462187  0.23395801
v  5.73772812  5.12896681  0.23384599
v  5.73007011  5.13283587  0.23229600
v  5.72254705  5.13610792  0.22934400
v  5.71538877  5.13868618  0.22508401
v  5.70881224  5.14049292  0.21965300
v  5.70301580  5.14147520  0.21321400
v  5.69818020  5.14159918  0.20596001
v  5.69445705  5.14085722  0.19811100
v  5.69195080  5.13927889  0.18990900
v  5.69072008  5.13692284  0.18160300
v  5.69081783  5.13385010  0.17344500
v  5.69225407  5.13014698  0.16568200
v  5.69497919  5.12593222  0.15855300
v  5.69890404  5.12133312  0.15227100
v  5.70390892  5.11648989  0.14702500
v  5.70984888  5.11154985  0.14298201
v  5.71654081  5.10666513  0.14026900
v  5.72378016  5.10198212  0.13895901
v  5.73133993  5.09763718  0.13907000
v  5.73899794  5.09376812  0.14061999
v  5.74652100  5.09049606  0.14357300
v  5.75367880  5.08791780  0.14783201
v  5.76025581  5.08611107  0.15326400
v  5.76605177  5.08512878  0.15970300
v  5.77088785  5.08500481  0.16695701
v  5.77461100  5.08574677  0.17480600
v  5.99786186  5.48868608  0.05490700
v  5.99877882  5.49045086  0.06340600
v  5.99834490  5.49289799  0.07177200
v  5.99656391  5.49595785  0.07975000
v  5.99349594  5.49953413  0.08709600
v  5.98923683  5.50351477  0.09359000
v  5.98391914  5.50778103  0.09903500
v  5.97769785  5.51220322  0.10326100
v  5.97076321  5.51664495  0.10613200
v  5.96332884  5.52097416  0.10757300
v  5.95562410  5.52506113  0.10756100
v  5.94787884  5.52877808  0.10607500
v  5.94032812  5.53201103  0.10314900
v  5.93320417  5.53466082  0.09887800
v  5.92671919  5.53665113  0.09339800
v  5.92107105  5.53792095  0.08687500
v  5.91643620  5.53842783  0.07950300
v  5.91296005  5.53815317  0.07150600
v  5.91073895  5.53711319  0.06313000
v  5.90982199  5.53534698  0.05463100
v  5.91025496  5.53289986  0.04626500
v  5.91203594  5.52984095  0.03828800
v  5.91510487  5.52626514  0.03094200
v  5.91936302  5.52228308  0.02444700
v  5.92468119  5.51801682  0.01900200
v  5.93090200  5.51359510  0.01477700
v  5.93783712  5.50915289  0.01190500
v  5.94527197  5.50482416  0.01046400
v  5.95297623  5.50073814  0.01047600
v  5.96072102  5.49701977  0.01196200
v  5.96827221  5.49378681  0.01488800
v  5.97539711  5.49113703  0.01915900
v  5.98188210  5.48914719  0.02463900
v  5.98753023  5.48787785  0.03116200
v  5.99216509  5.48737097  0.03853500
v  5.99564123  5.48764515  0.04653200
v  6.11011124  5.70778084  0.00819900
v  6.11071014  5.70889902  0.01682700
v  6.10994720  5.71067715  0.02532800
v  6.10783577  5.71306705  0.03344300
v  6.10444593  5.71599197  0.04092500
v  6.09988499  5.71936083  0.04754800
v  6.09429121  5.72307301  0.05311200
v  6.08783197  5.72701502  0.05744300
v  6.08070183  5.73106813  0.06040300
v  6.07312202  5.73510695  0.06191200
v  6.06532478  5.73901176  0.06194700
v  6.05754423  5.74266291  0.06048600
v  6.05001593  5.74594784  0.05756000
v  6.04297018  5.74876595  0.05326500
v  6.03661919  5.75103378  0.04773800
v  6.03115606  5.75268316  0.04114600
v  6.02675104  5.75366020  0.03368600
v  6.02354193  5.75393391  0.02558300
v  6.02161884  5.75349903  0.01708900
v  6.02101994  5.75238085  0.00846100
v  6.02178288  5.75060320 -0.00004000
v  6.02389383  5.74821281 -0.00815500
v  6.02728415  5.74528790 -0.01563700
v  6.03184605  5.74191904 -0.02226000
v  6.03743887  5.73820686 -0.02782400
v  6.04389811  5.73426485 -0.03215500
v  6.05102777  5.73021221 -0.03511500
v  6.05860806  5.72617292 -0.03662500
v  6.06640482  5.72226810 -0.03666000
v  6.07418585  5.71861696 -0.03519800
v  6.08171415  5.71533203 -0.03227200
v  6.08875990  5.71251392 -0.02797800
v  6.09511089  5.71024609 -0.02245000
v  6.10057402  5.70859718 -0.01585900
v  6.10497904  5.70762014 -0.00839800
v  6.10818815  5.70734596 -0.00029600
v  6.16683102  5.82397699 -0.00544200
v  6.16707182  5.82434082  0.00328100
v  6.16594505  5.82535124  0.01188100
v  6.16347218  5.82698011  0.02009600
v  6.15973377  5.82917595  0.02767500
v  6.15485096  5.83186913  0.03439100
v  6.14897013  5.83497906  0.04003900
v  6.14226723  5.83841181  0.04444400
v  6.13494492  5.84206390  0.04746500
v  6.12722921  5.84582186  0.04902200
v  6.11935711  5.84957314  0.04908800
v  6.11156321  5.85320282  0.04764000
v  6.10408592  5.85660124  0.04471100
v  6.09715509  5.85966396  0.04039500
v  6.09097624  5.86229897  0.03483100
v  6.08573818  5.86442709  0.02818600
v  6.08160496  5.86598110  0.02065800
v  6.07870722  5.86690998  0.01247700
v  6.07712317  5.86719179  0.00389400
v  6.07688189  5.86682796 -0.00482800
v  6.07801008  5.86581802 -0.01342800
v  6.08048296  5.86419010 -0.02164300
v  6.08421993  5.86199379 -0.02922200
v  6.08910322  5.85930014 -0.03593800
v  6.09498405  5.85619020 -0.04158700
v  6.10168791  5.85275698 -0.04599200
v  6.10901022  5.84910583 -0.04901300
v  6.11672497  5.84534693 -0.05056900
v  6.12459803  5.84159613 -0.05063500
v  6.13239098  5.83796597 -0.04918800
v  6.13986778  5.83456802 -0.04625800
v  6.14680004  5.83150578 -0.04194300
v  6.15297794  5.82886982 -0.03637800
v  6.15821600  5.82674217 -0.02973400
v  6.16234922  5.82518911 -0.02220600
v  6.16524696  5.82425880 -0.01402500
v  6.22888899  5.95780802 -0.00476600
v  6.22885180  5.95750618  0.00394900
v  6.22742319  5.95779991  0.01254500
v  6.22463512  5.95868492  0.02075900
v  6.22057915  5.96013212  0.02834000
v  6.21538401  5.96209478  0.03506200
v  6.20920706  5.96451378  0.04072000
v  6.20223093  5.96731806  0.04513600
v  6.19467020  5.97042084  0.04817100
v  6.18675518  5.97372818  0.04974400
v  6.17872906  5.97713614  0.04982800
v  6.17083311  5.98054504  0.04839900
v  6.16330719  5.98385000  0.04548900
v  6.15638304  5.98694992  0.04119200
v  6.15026617  5.98975277  0.03564600
v  6.14514399  5.99217176  0.02901900
v  6.14117479  5.99413300  0.02150600
v  6.13848782  5.99557400  0.01333800
v  6.13715219  5.99645519  0.00476600
v  6.13718987  5.99675703 -0.00394900
v  6.13861895  5.99646282 -0.01254500
v  6.14140606  5.99557781 -0.02075900
v  6.14546204  5.99413109 -0.02834000
v  6.15065813  5.99216795 -0.03506200
v  6.15683508  5.98974895 -0.04072000
v  6.16380978  5.98694515 -0.04513600
v  6.17137194  5.98384190 -0.04817100
v  6.17928600  5.98053503 -0.04974400
v  6.18731213  5.97712612 -0.04982800
v  6.19520903  5.97371817 -0.04839900
v  6.20273399  5.97041321 -0.04548900
v  6.20965910  5.96731186 -0.04119200
v  6.21577501  5.96450996 -0.03564600
v  6.22089815  5.96209097 -0.02901900
v  6.22486591  5.96013021 -0.02150600
v  6.22755384  5.95868921 -0.01333800
v  6.26275921  6.04523993  0.00097100
v  6.26272917  6.04494905  0.00969100
v  6.26126289  6.04514217  0.01828500
v  6.25839520  6.04581499  0.02649200
v  6.25421810  6.04694700  0.03406100
v  6.24886417  6.04850101  0.04076500
v  6.24249506  6.05042982  0.04640100
v  6.23530102  6.05267715  0.05079200
v  6.22750187  6.05517387  0.05379800
v  6.21933603  6.05784321  0.05534000
v  6.21105385  6.06060314  0.05539200
v  6.20290422  6.06337118  0.05393000
v  6.19513512  6.06606293  0.05098900
v  6.18798494  6.06859589  0.04666300
v  6.18166780  6.07089376  0.04108900
v  6.17637491  6.07288790  0.03443800
v  6.17227221  6.07451582  0.02690600
v  6.16949081  6.07572603  0.01872300
v  6.16810417  6.07648420  0.01014100
v  6.16813278  6.07677507  0.00142200
v  6.16959906  6.07658195 -0.00717300
v  6.17246723  6.07590914 -0.01538000
v  6.17664480  6.07477713 -0.02294900
v  6.18199921  6.07322311 -0.02965300
v  6.18836784  6.07129383 -0.03528900
v  6.19556093  6.06904697 -0.03968000
v  6.20336103  6.06654978 -0.04268600
v  6.21152592  6.06387997 -0.04422800
v  6.21980906  6.06112099 -0.04427900
v  6.22795820  6.05835295 -0.04281800
v  6.23572683  6.05566120 -0.03987700
v  6.24287701  6.05312777 -0.03555000
v  6.24919510  6.05082989 -0.02997700
v  6.25448799  6.04883480 -0.02332500
v  6.25859022  6.04720783 -0.01579400
v  6.26137209  6.04599810 -0.00761100
v  7.22708702  9.47046661  0.01353200
v  7.22712994  9.47046757  0.02225200
v  7.22571278  9.47086716  0.03084500
v  7.22286892  9.47165489  0.03905000
v  7.21868896  9.47280693  0.04661500
v  7.21330595  9.47428608  0.05331300
v  7.20688391  9.47604656  0.05894100
v  7.19961405  9.47803783  0.06332400
v  7.19171715  9.48019791  0.06632100
v  7.18343592  9.48246098  0.06785200
v  7.17502308  9.48475742  0.06789400
v  7.16673183  9.48701763  0.06642200
v  7.15881586  9.48917484  0.06347000
v  7.15151691  9.49116135  0.05913500
v  7.14505291  9.49291801  0.05355300
v  7.13962078  9.49439144  0.04689400
v  7.13539124  9.49553490  0.03935600
v  7.13249588  9.49631310  0.03116900
v  7.13101578  9.49670506  0.02258400
v  7.13097286  9.49670410  0.01386300
v  7.13238907  9.49630547  0.00527000
v  7.13523388  9.49551678 -0.00293500
v  7.13941288  9.49436474 -0.01049900
v  7.14479589  9.49288559 -0.01719700
v  7.15121794  9.49112511 -0.02282600
v  7.15848780  9.48913383 -0.02720800
v  7.16638517  9.48697376 -0.03020500
v  7.17466688  9.48471069 -0.03173700
v  7.18307877  9.48241520 -0.03177800
v  7.19137001  9.48015404 -0.03030600
v  7.19928598  9.47799683 -0.02735500
v  7.20658493  9.47601128 -0.02301900
v  7.21304893  9.47425461 -0.01743700
v  7.21848106  9.47278118 -0.01077800
v  7.22271204  9.47163773 -0.00324100
v  7.22560596  9.47085857  0.00494700
v  7.96248007  12.25139332 -0.00451900
v  7.96252203  12.25141430  0.00420200
v  7.96106577  12.25168991  0.01279500
v  7.95814610  12.25221539  0.02099900
v  7.95385599  12.25297165  0.02856300
v  7.94833183  12.25393677  0.03526000
v  7.94174290  12.25508118  0.04088800
v  7.93428278  12.25636864  0.04526900
v  7.92618084  12.25776291  0.04826500
v  7.91768503  12.25921917  0.04979500
v  7.90905380  12.26069260  0.04983500
v  7.90054989  12.26214123  0.04836200
v  7.89242983  12.26351833  0.04541000
v  7.88494301  12.26478291  0.04107300
v  7.87831306  12.26589775  0.03549000
v  7.87274218  12.26682758  0.02883000
v  7.86840391  12.26754475  0.02129100
v  7.86543703  12.26802540  0.01310400
v  7.86392021  12.26825714  0.00451900
v  7.86387920  12.26823616 -0.00420200
v  7.86533403  12.26795959 -0.01279500
v  7.86825418  12.26743507 -0.02099900
v  7.87254477  12.26667786 -0.02856300
v  7.87806797  12.26571274 -0.03526000
v  7.88465786  12.26456928 -0.04088800
v  7.89211702  12.26328087 -0.04526900
v  7.90021992  12.26188755 -0.04826500
v  7.90871620  12.26043224 -0.04979500
v  7.91734600  12.25895691 -0.04983500
v  7.92585087  12.25750923 -0.04836200
v  7.93397093  12.25613213 -0.04541000
v  7.94145823  12.25486660 -0.04107300
v  7.94808817  12.25375175 -0.03549000
v  7.95365906  12.25282192 -0.02883000
v  7.95799685  12.25210476 -0.02129100
v  7.96096420  12.25162506 -0.01310400
v  8.03465366  13.15375805 -0.00450000
v  8.03468990  13.15375614  0.00422100
v  8.03321648  13.15383530  0.01281400
v  8.03026390  13.15399170  0.02101600
v  8.02593136  13.15422344  0.02857900
v  8.02035332  13.15452003  0.03527400
v  8.01370144  13.15487480  0.04089900
v  8.00617123  13.15527630  0.04527700
v  7.99799395  13.15571213  0.04827000
v  7.98941994  13.15616894  0.04979700
v  7.98071194  13.15663338  0.04983400
v  7.97213221  13.15709019  0.04835700
v  7.96394014  13.15752697  0.04540200
v  7.95638895  13.15792942  0.04106200
v  7.94970322  13.15828514  0.03547600
v  7.94408607  13.15858459  0.02881400
v  7.93971395  13.15881824  0.02127400
v  7.93672514  13.15897655  0.01308500
v  7.93520021  13.15905762  0.00450000
v  7.93516397  13.15905952 -0.00422100
v  7.93663788  13.15898228 -0.01281400
v  7.93958998  13.15882397 -0.02101600
v  7.94392300  13.15859318 -0.02857900
v  7.94950104  13.15829563 -0.03527400
v  7.95615292  13.15794182 -0.04089900
v  7.96368313  13.15754032 -0.04527700
v  7.97185993  13.15710545 -0.04827000
v  7.98043394  13.15664768 -0.04979700
v  7.98914194  13.15618420 -0.04983400
v  7.99772215  13.15572643 -0.04835700
v  8.00591373  13.15528965 -0.04540200
v  8.01346493  13.15488720 -0.04106200
v  8.02015114  13.15453053 -0.03547600
v  8.02576828  13.15423203 -0.02881400
v  8.03013992  13.15399933 -0.02127400
v  8.03312874  13.15383911 -0.01308500
v  8.10644817  15.84672832 -0.00449000
v  8.10648346  15.84672928  0.00423000
v  8.10500526  15.84671211  0.01282300
v  8.10204792  15.84667778  0.02102500
v  8.09770679  15.84662819  0.02858600
v  8.09212112  15.84656429  0.03528100
v  8.08545780  15.84648800  0.04090400
v  8.07791805  15.84640121  0.04528100
v  8.06972885  15.84630680  0.04827200
v  8.06114388  15.84620857  0.04979800
v  8.05242443  15.84610939  0.04983300
v  8.04383183  15.84601021  0.04835500
v  8.03563023  15.84591579  0.04539800
v  8.02806854  15.84582901  0.04105700
v  8.02137470  15.84575272  0.03547000
v  8.01575184  15.84568787  0.02880700
v  8.01137543  15.84563828  0.02126600
v  8.00838375  15.84560394  0.01307600
v  8.00685883  15.84558582  0.00449000
v  8.00682354  15.84558582 -0.00423000
v  8.00830173  15.84560299 -0.01282300
v  8.01125908  15.84563732 -0.02102500
v  8.01560020  15.84568596 -0.02858600
v  8.02118587  15.84575081 -0.03528100
v  8.02784920  15.84582710 -0.04090400
v  8.03538895  15.84591293 -0.04528100
v  8.04357815  15.84600735 -0.04827200
v  8.05216408  15.84610558 -0.04979800
v  8.06088448  15.84620571 -0.04983300
v  8.06947517  15.84630394 -0.04835500
v  8.07767677  15.84639835 -0.04539800
v  8.08523846  15.84648514 -0.04105700
v  8.09193230  15.84656239 -0.03547000
v  8.09755516  15.84662628 -0.02880700
v  8.10193157  15.84667683 -0.02126600
v  8.10492325  15.84671116 -0.01307600
v  8.08423519  16.29501343 -0.00447400
v  8.08426666  16.29501534  0.00424700
v  8.08279228  16.29487228  0.01283800
v  8.07984161  16.29458427  0.02104000
v  8.07551384  16.29416275  0.02860000
v  8.06994534  16.29361916  0.03529200
v  8.06330395  16.29297256  0.04091400
v  8.05578899  16.29224014  0.04528800
v  8.04762840  16.29144478  0.04827700
v  8.03907204  16.29061127  0.04979900
v  8.03038311  16.28976440  0.04983200
v  8.02182198  16.28893089  0.04835100
v  8.01364994  16.28813362  0.04539100
v  8.00611687  16.28739929  0.04104700
v  7.99944878  16.28675079  0.03545800
v  7.99384689  16.28620338  0.02879300
v  7.98948908  16.28577995  0.02125100
v  7.98651123  16.28548813  0.01306000
v  7.98499393  16.28534126  0.00447400
v  7.98496103  16.28533745 -0.00424700
v  7.98643684  16.28548241 -0.01283800
v  7.98938608  16.28577042 -0.02104000
v  7.99371386  16.28619194 -0.02860000
v  7.99928284  16.28673363 -0.03529200
v  8.00592422  16.28738022 -0.04091400
v  8.01344013  16.28811455 -0.04528800
v  8.02160072  16.28890991 -0.04827700
v  8.03015614  16.28974342 -0.04979900
v  8.03884602  16.29058838 -0.04983200
v  8.04740715  16.29142380 -0.04835100
v  8.05557919  16.29221916 -0.04539100
v  8.06311226  16.29295349 -0.04104700
v  8.06978035  16.29360390 -0.03545800
v  8.07538128  16.29414940 -0.02879300
v  8.07973957  16.29457474 -0.02125100
v  8.08271790  16.29486465 -0.01306000
v  7.99225616  16.92626381 -0.00445300
v  7.99228382  16.92626762  0.00426700
v  7.99082613  16.92598152  0.01285900
v  7.98791409  16.92541122  0.02105900
v  7.98364401  16.92457390  0.02861700
v  7.97814989  16.92349625  0.03530700
v  7.97160006  16.92221069  0.04092600
v  7.96418810  16.92075729  0.04529700
v  7.95614004  16.91917801  0.04828200
v  7.94770288  16.91752243  0.04980100
v  7.93913507  16.91584206  0.04983000
v  7.93069410  16.91418648  0.04834500
v  7.92263794  16.91260529  0.04538200
v  7.91521215  16.91114807  0.04103500
v  7.90863895  16.90986061  0.03544300
v  7.90311909  16.90877724  0.02877600
v  7.89882421  16.90793419  0.02123200
v  7.89589214  16.90735817  0.01304000
v  7.89439917  16.90706635  0.00445300
v  7.89437103  16.90706062 -0.00426700
v  7.89582920  16.90734673 -0.01285900
v  7.89874077  16.90791893 -0.02105900
v  7.90301085  16.90875626 -0.02861700
v  7.90850496  16.90983391 -0.03530700
v  7.91505623  16.91111755 -0.04092600
v  7.92246819  16.91257286 -0.04529700
v  7.93051577  16.91415024 -0.04828200
v  7.93895292  16.91580582 -0.04980100
v  7.94751978  16.91748619 -0.04983000
v  7.95596123  16.91914368 -0.04834500
v  7.96401691  16.92072296 -0.04538200
v  7.97144318  16.92218018 -0.04103500
v  7.97801590  16.92346954 -0.03544300
v  7.98353577  16.92455292 -0.02877600
v  7.98783112  16.92539406 -0.02123200
v  7.99076414  16.92597008 -0.01304000
v  7.74804592  17.91256714 -0.00443200
v  7.74806976  17.91257477  0.00428800
v  7.74664307  17.91214752  0.01287900
v  7.74379683  17.91129494  0.02107800
v  7.73962593  17.91004562  0.02863400
v  7.73426008  17.90843773  0.03532200
v  7.72786379  17.90652084  0.04093800
v  7.72062683  17.90435219  0.04530600
v  7.71276903  17.90199852  0.04828800
v  7.70453310  17.89953041  0.04980300
v  7.69616985  17.89702415  0.04982800
v  7.68793106  17.89455605  0.04834000
v  7.68006802  17.89220047  0.04537300
v  7.67282104  17.89002991  0.04102300
v  7.66640711  17.88810730  0.03542900
v  7.66102123  17.88649368  0.02875900
v  7.65683079  17.88523865  0.02121300
v  7.65397215  17.88438225  0.01302000
v  7.65251780  17.88394737  0.00443200
v  7.65249491  17.88393974 -0.00428800
v  7.65392208  17.88436699 -0.01287900
v  7.65676689  17.88521957 -0.02107800
v  7.66093922  17.88646889 -0.02863400
v  7.66630411  17.88807678 -0.03532200
v  7.67270088  17.88999367 -0.04093800
v  7.67993784  17.89216232 -0.04530600
v  7.68779516  17.89451599 -0.04828800
v  7.69603109  17.89698219 -0.04980300
v  7.70439482  17.89948845 -0.04982800
v  7.71263409  17.90195847 -0.04834000
v  7.72049713  17.90431404 -0.04537300
v  7.72774410  17.90648460 -0.04102300
v  7.73415804  17.90840530 -0.03542900
v  7.73954391  17.91002083 -0.02875900
v  7.74373293  17.91127586 -0.02121300
v  7.74659300  17.91213226 -0.01302000
v  7.23039198  19.37826538 -0.00441400
v  7.23041201  19.37827301  0.00430700
v  7.22902918  19.37771606  0.01289700
v  7.22627401  19.37660599  0.02109500
v  7.22223616  19.37498093  0.02864900
v  7.21704388  19.37288857  0.03533500
v  7.21085596  19.37039757  0.04094900
v  7.20385504  19.36757660  0.04531400
v  7.19625378  19.36451530  0.04829300
v  7.18828821  19.36130714  0.04980500
v  7.18019819  19.35804939  0.04982600
v  7.17222977  19.35483932  0.04833500
v  7.16462612  19.35177612  0.04536500
v  7.15761805  19.34895515  0.04101300
v  7.15141678  19.34645653  0.03541500
v  7.14621019  19.34436035  0.02874400
v  7.14216089  19.34272957  0.02119600
v  7.13939810  19.34161568  0.01300200
v  7.13799477  19.34105110  0.00441400
v  7.13797522  19.34104347 -0.00430700
v  7.13935804  19.34160042 -0.01289700
v  7.14211321  19.34271049 -0.02109500
v  7.14615011  19.34433556 -0.02864900
v  7.15134192  19.34642792 -0.03533500
v  7.15753078  19.34891891 -0.04094900
v  7.16453218  19.35173988 -0.04531400
v  7.17213297  19.35479927 -0.04829300
v  7.18009901  19.35800934 -0.04980500
v  7.18818808  19.36126709 -0.04982600
v  7.19615602  19.36447525 -0.04833500
v  7.20376110  19.36753845 -0.04536500
v  7.21076822  19.37036133 -0.04101300
v  7.21696997  19.37285805 -0.03541500
v  7.22217703  19.37495613 -0.02874400
v  7.22622585  19.37658691 -0.02119600
v  7.22898912  19.37770081 -0.01300200
v  6.38230515  21.24576187 -0.00440200
v  6.38232183  21.24577141  0.00431800
v  6.38098192  21.24511337  0.01290800
v  6.37831306  21.24380493  0.02110500
v  6.37440300  21.24188995  0.02865900
v  6.36937618  21.23942566  0.03534300
v  6.36338377  21.23648834  0.04095500
v  6.35660505  21.23316574  0.04531900
v  6.34924698  21.22956085  0.04829600
v  6.34153509  21.22578049  0.04980600
v  6.33370399  21.22194290  0.04982500
v  6.32599115  21.21816254  0.04833200
v  6.31863022  21.21455383  0.04536000
v  6.31184721  21.21122932  0.04100600
v  6.30584478  21.20828819  0.03540700
v  6.30080605  21.20581818  0.02873400
v  6.29688787  21.20389748  0.02118600
v  6.29421520  21.20258713  0.01299100
v  6.29285908  21.20192337  0.00440200
v  6.29284096  21.20191383 -0.00431800
v  6.29418182  21.20257187 -0.01290800
v  6.29685020  21.20387840 -0.02110500
v  6.30075979  21.20579529 -0.02865900
v  6.30578804  21.20825958 -0.03534300
v  6.31177998  21.21119690 -0.04095500
v  6.31855822  21.21451950 -0.04531900
v  6.32591677  21.21812439 -0.04829600
v  6.33362913  21.22190475 -0.04980600
v  6.34145880  21.22574234 -0.04982500
v  6.34917307  21.22952271 -0.04833200
v  6.35653305  21.23313141 -0.04536000
v  6.36331606  21.23645592 -0.04100600
v  6.36931801  21.23939705 -0.03540700
v  6.37435722  21.24186707 -0.02873400
v  6.37827587  21.24378777 -0.02118600
v  6.38094902  21.24509621 -0.01299100
v  5.97500086  22.01848412 -0.00440000
v  5.97501802  22.01849365  0.00432000
v  5.97369719  22.01779556  0.01291000
v  5.97106695  22.01641083  0.02110700
v  5.96721506  22.01437950  0.02866100
v  5.96226215  22.01176834  0.03534500
v  5.95635891  22.00865746  0.04095600
v  5.94968081  22.00513649  0.04532000
v  5.94243193  22.00131416  0.04829600
v  5.93483400  21.99731064  0.04980600
v  5.92712021  21.99324417  0.04982500
v  5.91952085  21.98923874  0.04833200
v  5.91227007  21.98541641  0.04536000
v  5.90558815  21.98189354  0.04100500
v  5.89967489  21.97877693  0.03540600
v  5.89471102  21.97616005  0.02873300
v  5.89085102  21.97412491  0.02118400
v  5.88821793  21.97273636  0.01298900
v  5.88688183  21.97203255  0.00440000
v  5.88686514  21.97202492 -0.00432000
v  5.88818598  21.97272110 -0.01291000
v  5.89081621  21.97410774 -0.02110700
v  5.89466810  21.97613716 -0.02866100
v  5.89962101  21.97874832 -0.03534500
v  5.90552378  21.98185921 -0.04095600
v  5.91220188  21.98538017 -0.04532000
v  5.91945124  21.98920059 -0.04829600
v  5.92704916  21.99320602 -0.04980600
v  5.93476295  21.99727249 -0.04982500
v  5.94236183  22.00127792 -0.04833200
v  5.94961309  22.00510025 -0.04536000
v  5.95629501  22.00862312 -0.04100500
v  5.96220779  22.01173973 -0.03540600
v  5.96717215  22.01435661 -0.02873300
v  5.97103214  22.01639175 -0.02118400
v  5.97366524  22.01777840 -0.01298900
v  0.24006701  34.84174728  0.45928001
v  0.12933300  35.39612961 -0.16822401
v -0.01567000  35.56178284  0.05671700
v  0.28333601  35.11888504  0.24325100
v  0.06910400  35.47205353  0.13466300
v  0.04574600  35.12498856  0.37793800
v  0.10268900  34.30150223  0.75446302
v  0.35356799  34.31598663  0.66723502
v  0.56640601  34.30461502  0.50188798
v  0.19822100  35.17329407 -0.28712299
v  0.09471600  35.20949554 -0.31387100
v  0.03353300  35.54533386 -0.09148000
v  0.02585600  35.58834457 -0.03460200
v  0.08872000  35.53878784 -0.04509200
v  0.27024600  35.21696091 -0.18993700
v -0.36753801  34.83899307 -0.36280099
v -0.30927101  35.16654587 -0.15690000
v -0.04779000  35.54714584 -0.06664900
v -0.14077701  35.17547607 -0.32171500
v  0.02350200  35.56782913  0.05247900
v  0.02606400  35.58620834  0.01685800
v -0.01503000  35.58525848  0.01547300
v -0.05546800  35.51102448  0.09672700
v -0.00804600  35.49937820  0.12159000
v -0.06750700  35.53755951  0.04332000
v -0.30215901  35.26086426  0.22162400
v -0.21409200  35.26495361  0.29191500
v -0.01517300  35.58648300 -0.00930100
v -0.07926700  35.53459167  0.00878200
v -0.33619899  35.25124359  0.10495000
v -0.79128200  34.33008957  0.25743300
v -0.67650598  34.33887482  0.51257199
v -0.06852400  35.54516602 -0.03005500
v -0.33114201  35.22395706 -0.02616400
v -0.76401901  34.29930878 -0.04288900
v -1.23375797  33.20822144 -0.03291400
v -1.22213995  33.23286438  0.41721800
v -0.69812602  34.29926300 -0.29984799
v -1.14506197  33.20867538 -0.44991001
v -1.59459305  32.12298965 -0.61334997
v -1.71132195  32.12483597 -0.02926500
v -0.56069899  34.28965378 -0.52569997
v -0.92468101  33.20906830 -0.81845403
v -1.28875101  32.12374115 -1.12290299
v -1.64542997  31.04394341 -1.42500198
v -2.03250504  31.04284668 -0.77425301
v -0.58855599  33.20906830 -1.08769703
v -0.82989800  32.12421799 -1.49610806
v -1.06426501  31.04561234 -1.90322101
v -1.29404902  29.97356224 -2.31149292
v -2.00432396  29.97125053 -1.72831297
v -0.27052999  32.12292862 -1.68781996
v -0.34840101  31.04340553 -2.14762712
v -0.42676899  29.97068977 -2.60758090
v -0.49983501  28.90058327 -3.06609297
v -1.52401304  28.90588951 -2.71727395
v  0.40800700  31.04365730 -2.13725305
v  0.49286899  29.97055817 -2.59804106
v  0.57844597  28.90129852 -3.05660105
v  0.66477603  27.83516312 -3.51292992
v -0.57633299  27.83461380 -3.52492309
v  1.35290003  29.97384834 -2.27742410
v  1.59028494  28.90513802 -2.67765689
v  1.82668996  27.83851242 -3.07970500
v  2.06476998  26.77607155 -3.48209810
v  0.74904400  26.76995659 -3.96987104
v  2.40350890  28.90166855 -1.97114503
v  2.76319098  27.83523369 -2.26477909
v  3.12069297  26.77071953 -2.55930090
v  3.47740412  25.70660973 -2.85296893
v  2.30024004  25.71454811 -3.88089609
v  3.37331605  27.83679581 -1.18581200
v  3.81042504  26.77167320 -1.34201396
v  4.24547291  25.70839691 -1.49711299
v  4.67957783  24.64555168 -1.65425205
v  3.83417892  24.64423943 -3.14504099
v  4.05535793  26.78115082  0.04017900
v  4.51912212  25.72197533  0.04399800
v  4.98350811  24.66604233  0.04676100
v  5.44974184  23.61540413  0.04792800
v  5.11888504  23.57885551 -1.81143904
v  4.20937395  25.70002937  1.57506001
v  4.64208508  24.63240242  1.73570502
v  5.07918787  23.55513191  1.90253198
v  5.52049017  22.50917816  2.02505898
v  5.92135477  22.55156708  0.04227500
v  3.78259110  24.64735031  3.21534705
v  4.13599920  23.58824730  3.51347804
v  4.48230410  22.52627182  3.82721305
v  4.85384989  21.47768402  4.12218094
v  5.94413805  21.47768402  2.19238305
v  2.69878697  23.59840584  4.72563124
v  2.94976306  22.53754807  5.12396097
v  3.26763201  21.47768402  5.52124691
v  1.00602901  22.52871513  5.79757500
v  1.08049798  21.47768402  6.26417589
v -1.08154905  22.52220726  5.79095411
v -1.15293801  21.47768402  6.25158405
v -3.00336909  22.53435516  5.09033489
v -3.25576091  21.47768402  5.50810194
v -4.54496384  22.52535439  3.73659706
v -4.91103315  21.47768402  4.03366899
v -5.60979223  22.54386711  1.93923700
v -6.08130217  21.50481606  2.11890793
v -5.91642284  22.54907608 -0.05560100
v -6.41352797  21.47768402 -0.06616900
v -5.50712776  22.51296806 -2.05079794
v -5.92788076  21.47768402 -2.22067094
v -4.45552778  22.52809525 -3.86501408
v -4.82405281  21.47768402 -4.16294718
v -2.89925694  22.53678703 -5.15029287
v -3.13364601  21.47768402 -5.57556009
v -0.96833098  22.52554512 -5.80310678
v -1.03756905  21.47768402 -6.26815414
v  1.11080801  22.52406693 -5.78590918
v  1.18331504  21.47768402 -6.24598312
v  3.01777911  22.53605843 -5.07942915
v  3.26987696  21.47768402 -5.49663019
v  4.54713583  22.52679634 -3.73360705
v  4.91443586  21.47768402 -4.03045607
v  5.56752300  22.52308846 -1.93431604
v  6.00805712  21.47768402 -2.10056090
v  6.43108606  21.47768402  0.04942300
v  4.19013214  23.58777046 -3.43723297
v  2.77399492  23.59737968 -4.68077087
v  2.53607798  24.65543365 -4.28059483
v  1.00042701  23.57439613 -5.33665180
v  0.91444099  24.64353752 -4.87870979
v  0.83300900  25.70623970 -4.42418003
v -0.80122298  24.64279747 -4.89373207
v -0.72654700  25.70577431 -4.43774319
v -0.65175200  26.77069473 -3.98162603
v -2.20783091  25.71706390 -3.93468308
v -1.98071599  26.77766991 -3.53032899
v -1.75225997  27.83953857 -3.12308097
v -3.06503391  26.77226830 -2.63625503
v -2.71150804  27.83609200 -2.33425999
v -2.35952497  28.90218163 -2.03155994
v -3.33815408  27.83184814 -1.26236105
v -2.90505004  28.89878464 -1.09896302
v -2.46992803  29.96996307 -0.93730098
v -3.11879992  28.90719986 -0.03724900
v -2.65211010  29.97539902 -0.03435000
v -2.18076301  31.04669762 -0.03011600
v -2.56141305  30.00251961  0.89770502
v -2.10878396  31.06905937  0.72964001
v -1.66572905  32.14926147  0.57855803
v -1.68678498  31.04495621  1.37402797
v -1.32701397  32.12494659  1.07531595
v -0.96065402  33.21142960  0.76667100
v -0.87779200  32.12595749  1.46589899
v -0.64284003  33.21281433  1.05301595
v -0.41155601  34.30453110  0.63915300
v -0.23919401  33.21458817  1.20639896
v -0.16475400  34.30124283  0.74719203
v -0.10048300  35.21700668  0.34668601
v  0.18828399  33.21678162  1.21224701
v  0.27262199  32.12608719  1.68581903
v  0.83329499  32.12773514  1.49303198
v  0.59245098  33.21944046  1.08178401
v -0.32186300  32.12612534  1.67628300
v -0.40641901  31.04497910  2.13713503
v  0.35176200  31.04504013  2.14644909
v -1.11499095  31.04719734  1.87361801
v -1.35252202  29.97345543  2.27600098
v -0.48940399  29.97203636  2.59905505
v -2.04596496  29.97178650  1.67260897
v -2.40525198  28.90145493  1.96983600
v -1.58866203  28.90539932  2.67868996
v -2.97974300  28.92332840  1.04862797
v -3.42720604  27.86143684  1.20631099
v -2.76378989  27.83529472  2.26422000
v -3.58605289  27.84156418 -0.04267900
v -4.05400515  26.77955246 -0.04835000
v -3.85806489  26.79351234  1.36023796
v -3.77157497  26.76591492 -1.42466497
v -4.20323706  25.69923019 -1.58806896
v -4.51868296  25.71963882 -0.05361700
v -3.41518307  25.70952988 -2.93605804
v -3.76517797  24.64967537 -3.23680210
v -4.63367605  24.63150787 -1.75500202
v -2.43474507  24.65900993 -4.33995581
v -2.66116595  23.59866714 -4.74686289
v -4.11757612  23.58965492 -3.53855896
v -0.87780702  23.58477974 -5.34854221
v -5.06828880  23.55554962 -1.92604899
v -5.44320917  23.61144638 -0.05942300
v -4.98246717  24.66408730 -0.05836600
v -5.16793299  23.60287476  1.82539999
v -4.74337721  24.67562866  1.67328894
v -4.30594015  25.73611450  1.51829100
v -3.83284402  24.64361954  3.14656401
v -3.47702909  25.70666885  2.85425496
v -3.12060905  26.77093315  2.55985904
v -2.29491210  25.71397591  3.88455296
v -2.06109405  26.77589226  3.48478794
v -1.82389200  27.83847618  3.08149600
v -0.73921198  26.76999283  3.97105908
v -0.65736598  27.83519745  3.51398611
v -0.57316101  28.90197754  3.05748010
v  0.58802301  27.83584213  3.52386808
v  0.50749302  28.90164566  3.06576395
v  0.43203101  29.97177505  2.60642910
v  1.53152299  28.90681839  2.71314692
v  1.29943502  29.97439766  2.30809903
v  1.06800997  31.04779243  1.90094602
v  2.00796795  29.97242928  1.72223401
v  1.64851499  31.04555130  1.41997504
v  1.29158199  32.12738800  1.11744797
v  2.03400302  31.04451561  0.76825702
v  1.59551096  32.12608719  0.60594600
v  1.14554095  33.21748734  0.43856800
v  0.92391199  33.21909332  0.80714500
v  0.70339602  34.30516434  0.27479801
v  1.23583806  33.21694946  0.02076100
v  0.75480902  34.31322098  0.01864200
v  0.31289899  35.23720169  0.00797300
v  0.30623701  35.20774460  0.11333600
v  0.08861400  35.53988647  0.02527700
v  0.09235000  35.51028442  0.06626000
v  0.31144801  35.21928406 -0.08800600
v  0.08300200  35.55311966 -0.00465500
v  0.02623700  35.59334946 -0.00837800
v -0.01362800  35.58040619 -0.03776000
v -0.00860800  35.56217957 -0.07413200
v -0.01950700  35.21389771 -0.32753900
v -0.10187300  34.30239868 -0.75337702
v -0.34622601  34.30241013 -0.67855400
v  0.15669601  34.30521011 -0.74516797
v  0.23572500  33.20981979 -1.21068096
v -0.18880600  33.20899963 -1.21656096
v  0.39874399  34.30588913 -0.64528799
v  0.63744098  33.21134567 -1.06008899
v  0.87594599  32.12517166 -1.46868300
v  0.32207301  32.12377548 -1.67782402
v  0.58961499  34.30683136 -0.47070599
v  0.95596302  33.21326447 -0.77444398
v  1.32394695  32.12489700 -1.07989895
v  1.68515098  31.04483795 -1.37605798
v  1.11390400  31.04581451 -1.87423801
v  1.16226602  33.21470642 -0.40208501
v  1.61266398  32.12644577 -0.56196803
v  2.05361104  31.04569435 -0.71842200
v  2.49729991  29.97343254 -0.87501001
v  2.04540491  29.97172737 -1.67414403
v  1.71010399  32.12765121  0.02249700
v  2.18153811  31.04825783  0.02453900
v  2.65086508  29.97586250  0.02834300
v  3.11748600  28.90761757  0.03268600
v  2.93611407  28.90317154 -1.03049397
v  2.47170210  29.97118950  0.93077600
v  2.90788198  28.89974976  1.09150803
v  3.34126401  27.83274269  1.25370598
v  3.58620405  27.84238625  0.03595600
v  2.36411500  28.90269470  2.02430511
v  2.71967006  27.83696365  2.32558298
v  3.07470608  26.77223206  2.62412810
v  3.77626705  26.76682091  1.41419697
v  1.76304495  27.83982468  3.11730790
v  1.99613702  26.77802658  3.52348495
v  2.22830892  25.71732521  3.92483091
v  3.42781496  25.70809937  2.92011690
v  0.66602898  26.77146912  3.98016810
v  0.74554902  25.70725250  4.43546200
v  0.82486498  24.64447784  4.89046383
v  2.46257091  24.65966606  4.32597113
v -0.82102400  25.70628738  4.42551613
v -0.90263402  24.64372635  4.88074398
v -0.97986698  23.57289314  5.34100914
v  0.90987301  23.59034538  5.34286690
v -2.52965093  24.65472984  4.28549910
v -2.76521206  23.59475708  4.68589592
v -4.18911123  23.58375359  3.44007993
v  0.71452701  34.30990982 -0.24354400

vt  0.05732371  0.19654363
vt  0.14157659  0.00478971
vt  0.14583203  0.19654363
vt  0.18719624  0.19654363
vt  0.19142008  0.00478971
vt  0.05163032  0.19654363
vt  0.08481648  0.19654363
vt  0.08481648  0.00478971
vt  0.12213334  0.19654363
vt  0.19340932  0.00478971
vt  0.19534512  0.19654363
vt  0.05446572  0.00478971
vt  0.05732371  0.00478971
vt  0.06171934  0.00478971
vt  0.06023324  0.00478971
vt  0.14670286  0.19654363
vt  0.18378884  0.00478971
vt  0.17896006  0.00478971
vt  0.18935314  0.00478971
vt  0.03026840  0.00478971
vt  0.04023774  0.00478971
vt  0.09949944  0.19654363
vt  0.14547265  0.19654363
vt  0.14670286  0.00478971
vt  0.00718404  0.19654363
vt  0.02221115  0.00478971
vt  0.04879756  0.00478971
vt  0.06477789  0.19654363
vt  0.07506654  0.19654363
vt  0.12213334  0.00478971
vt  0.14510874  0.19654363
vt  0.14547265  0.00478971
vt  0.14510874  0.00478971
vt  0.05446572  0.19654363
vt  0.03026840  0.19654363
vt  0.05163032  0.00478971
vt  0.14611277  0.00478971
vt  0.14611277  0.19654363
vt  0.17262034  0.00478971
vt  0.18719624  0.00478971
vt  0.18935314  0.19654363
vt  0.04453157  0.00478971
vt  0.06171934  0.19654363
vt  0.19142008  0.19654363
vt  0.00718404  0.00478971
vt  0.03593694  0.19654363
vt  0.04023774  0.19654363
vt  0.06970188  0.00478971
vt  0.17262034  0.19654363
vt  0.01327162  0.00478971
vt  0.03593694  0.00478971
vt  0.09949944  0.00478971
vt  0.14583203  0.00478971
vt  0.02221115  0.19654363
vt  0.04879756  0.19654363
vt  0.06023324  0.19654363
vt  0.14593458  0.19654363
vt  0.19534512  0.00478971
vt  0.01327162  0.19654363
vt  0.14157659  0.19654363
vt  0.14593458  0.00478971
vt  0.19340932  0.19654363
vt  0.04453157  0.19654363
vt  0.06477789  0.00478971
vt  0.06970188  0.19654363
vt  0.07506654  0.00478971
vt  0.17896006  0.19654363
vt  0.18378884  0.19654363
vt  0.69329554  0.68948525
vt  0.70115811  0.68948525
vt  0.69329554  0.68132240
vt  0.70115811  0.68132240
vt  0.70924902  0.68948525
vt  0.70924902  0.68132240
vt  0.72581279  0.68132240
vt  0.71749026  0.68132240
vt  0.73416150  0.68132240
vt  0.75072521  0.68948525
vt  0.74248403  0.68132240
vt  0.75881618  0.68948525
vt  0.75072521  0.68132240
vt  0.75881618  0.68132240
vt  0.76667875  0.68948525
vt  0.77454132  0.68132240
vt  0.76667875  0.68132240
vt  0.78263223  0.68948525
vt  0.78263223  0.68132240
vt  0.79087347  0.68132240
vt  0.79087347  0.68948525
vt  0.80754441  0.68132240
vt  0.79919600  0.68132240
vt  0.81586725  0.68948525
vt  0.82410848  0.68948525
vt  0.82410848  0.68132240
vt  0.81586725  0.68132240
vt  0.83219939  0.68132240
vt  0.84006196  0.68948525
vt  0.84006196  0.68132240
vt  0.84792453  0.68948525
vt  0.85601550  0.68132240
vt  0.84792453  0.68132240
vt  0.85601550  0.68948525
vt  0.86425668  0.68132240
vt  0.87257922  0.68132240
vt  0.88092762  0.68132240
vt  0.88092762  0.68948525
vt  0.88925046  0.68132240
vt  0.88925046  0.68948525
vt  0.89749163  0.68948525
vt  0.90558261  0.68948525
vt  0.89749163  0.68132240
vt  0.90558261  0.68132240
vt  0.92130774  0.68948525
vt  0.92130774  0.68132240
vt  0.91344517  0.68132240
vt  0.92939872  0.68132240
vt  0.94596243  0.68948525
vt  0.94596243  0.68132240
vt  0.93763989  0.68132240
vt  0.95431083  0.68948525
vt  0.96263367  0.68948525
vt  0.95431083  0.68132240
vt  0.96263367  0.68132240
vt  0.97087485  0.68948525
vt  0.97087485  0.68132240
vt  0.98682839  0.68132240
vt  0.97896582  0.68132240
vt  0.69329554  0.70227528
vt  0.70115811  0.70227528
vt  0.70924902  0.70227528
vt  0.71749026  0.68948525
vt  0.71749026  0.70227528
vt  0.72581279  0.70227528
vt  0.73416150  0.68948525
vt  0.72581279  0.68948525
vt  0.73416150  0.70227528
vt  0.74248403  0.70227528
vt  0.74248403  0.68948525
vt  0.75881618  0.70227528
vt  0.76667875  0.70227528
vt  0.77454132  0.70227528
vt  0.77454132  0.68948525
vt  0.79087347  0.70227528
vt  0.79919600  0.70227528
vt  0.79919600  0.68948525
vt  0.80754441  0.70227528
vt  0.80754441  0.68948525
vt  0.81586725  0.70227528
vt  0.82410848  0.70227528
vt  0.83219939  0.68948525
vt  0.84006196  0.70227528
vt  0.86425668  0.68948525
vt  0.87257922  0.68948525
vt  0.90558261  0.70227528
vt  0.91344517  0.70227528
vt  0.91344517  0.68948525
vt  0.92939872  0.68948525
vt  0.93763989  0.70227528
vt  0.93763989  0.68948525
vt  0.95431083  0.70227528
vt  0.96263367  0.70227528
vt  0.97087485  0.70227528
vt  0.97896582  0.68948525
vt  0.98682839  0.68948525
vt  0.69329554  0.71382254
vt  0.72581279  0.71382254
vt  0.75072521  0.71382254
vt  0.75881618  0.71382254
vt  0.75072521  0.70227528
vt  0.78263223  0.71382254
vt  0.78263223  0.70227528
vt  0.82410848  0.71382254
vt  0.83219939  0.70227528
vt  0.84006196  0.71382254
vt  0.84792453  0.70227528
vt  0.84792453  0.71382254
vt  0.85601550  0.71382254
vt  0.85601550  0.70227528
vt  0.86425668  0.70227528
vt  0.87257922  0.71382254
vt  0.87257922  0.70227528
vt  0.88092762  0.70227528
vt  0.88925046  0.70227528
vt  0.88925046  0.71382254
vt  0.89749163  0.70227528
vt  0.92939872  0.70227528
vt  0.92130774  0.70227528
vt  0.94596243  0.70227528
vt  0.96263367  0.71382254
vt  0.97087485  0.71382254
vt  0.98682839  0.71382254
vt  0.98682839  0.70227528
vt  0.97896582  0.70227528
vt  0.69329554  0.72322911
vt  0.70115811  0.71382254
vt  0.71749026  0.71382254
vt  0.70924902  0.71382254
vt  0.72581279  0.72322911
vt  0.73416150  0.72322911
vt  0.74248403  0.71382254
vt  0.73416150  0.71382254
vt  0.75072521  0.72322911
vt  0.76667875  0.71382254
vt  0.76667875  0.72322911
vt  0.77454132  0.71382254
vt  0.79087347  0.71382254
vt  0.79919600  0.71382254
vt  0.80754441  0.71382254
vt  0.81586725  0.71382254
vt  0.82410848  0.72322911
vt  0.83219939  0.72322911
vt  0.84006196  0.72322911
vt  0.83219939  0.71382254
vt  0.85601550  0.72322911
vt  0.86425668  0.71382254
vt  0.86425668  0.72322911
vt  0.88092762  0.71382254
vt  0.88092762  0.72322911
vt  0.88925046  0.72322911
vt  0.89749163  0.71382254
vt  0.90558261  0.71382254
vt  0.91344517  0.71382254
vt  0.92939872  0.71382254
vt  0.92130774  0.71382254
vt  0.92939872  0.72322911
vt  0.93763989  0.71382254
vt  0.94596243  0.71382254
vt  0.95431083  0.71382254
vt  0.97896582  0.72322911
vt  0.97896582  0.71382254
vt  0.98682839  0.72322911
vt  0.70115811  0.72322911
vt  0.70924902  0.72971559
vt  0.70924902  0.72322911
vt  0.71749026  0.72322911
vt  0.73416150  0.72971559
vt  0.74248403  0.72322911
vt  0.74248403  0.72971559
vt  0.75881618  0.72322911
vt  0.76667875  0.72971559
vt  0.77454132  0.72971559
vt  0.77454132  0.72322911
vt  0.78263223  0.72971559
vt  0.78263223  0.72322911
vt  0.79087347  0.72971559
vt  0.79087347  0.72322911
vt  0.80754441  0.72971559
vt  0.79919600  0.72322911
vt  0.81586725  0.72971559
vt  0.80754441  0.72322911
vt  0.82410848  0.72971559
vt  0.81586725  0.72322911
vt  0.84792453  0.72971559
vt  0.84792453  0.72322911
vt  0.87257922  0.72322911
vt  0.88925046  0.72971559
vt  0.90558261  0.72322911
vt  0.89749163  0.72322911
vt  0.91344517  0.72971559
vt  0.91344517  0.72322911
vt  0.92130774  0.72971559
vt  0.92130774  0.72322911
vt  0.93763989  0.72322911
vt  0.95431083  0.72322911
vt  0.94596243  0.72322911
vt  0.95431083  0.72971559
vt  0.96263367  0.72971559
vt  0.96263367  0.72322911
vt  0.97087485  0.72971559
vt  0.97087485  0.72322911
vt  0.98682839  0.72971559
vt  0.70115811  0.73796368
vt  0.70115811  0.72971559
vt  0.69329554  0.72971559
vt  0.71749026  0.73796368
vt  0.71749026  0.72971559
vt  0.73416150  0.73796368
vt  0.72581279  0.72971559
vt  0.74248403  0.73796368
vt  0.75072521  0.72971559
vt  0.75881618  0.72971559
vt  0.77454132  0.73796368
vt  0.78263223  0.73796368
vt  0.79919600  0.72971559
vt  0.80754441  0.73796368
vt  0.82410848  0.73796368
vt  0.84006196  0.72971559
vt  0.83219939  0.72971559
vt  0.85601550  0.73796368
vt  0.85601550  0.72971559
vt  0.86425668  0.73796368
vt  0.87257922  0.73796368
vt  0.87257922  0.72971559
vt  0.86425668  0.72971559
vt  0.88092762  0.72971559
vt  0.89749163  0.72971559
vt  0.89749163  0.73796368
vt  0.90558261  0.73796368
vt  0.90558261  0.72971559
vt  0.91344517  0.73796368
vt  0.92130774  0.73796368
vt  0.92939872  0.72971559
vt  0.94596243  0.72971559
vt  0.93763989  0.72971559
vt  0.94596243  0.73796368
vt  0.96263367  0.73796368
vt  0.97087485  0.73796368
vt  0.97896582  0.73796368
vt  0.97896582  0.72971559
vt  0.70115811  0.74670732
vt  0.69329554  0.73796368
vt  0.70924902  0.74670732
vt  0.71749026  0.74670732
vt  0.70924902  0.73796368
vt  0.72581279  0.73796368
vt  0.72581279  0.74670732
vt  0.73416150  0.74670732
vt  0.75881618  0.73796368
vt  0.75072521  0.73796368
vt  0.75881618  0.74670732
vt  0.76667875  0.74670732
vt  0.76667875  0.73796368
vt  0.78263223  0.74670732
vt  0.79087347  0.74670732
vt  0.79087347  0.73796368
vt  0.79919600  0.74670732
vt  0.79919600  0.73796368
vt  0.81586725  0.74670732
vt  0.82410848  0.74670732
vt  0.81586725  0.73796368
vt  0.83219939  0.74670732
vt  0.84006196  0.73796368
vt  0.83219939  0.73796368
vt  0.84006196  0.74670732
vt  0.84792453  0.74670732
vt  0.84792453  0.73796368
vt  0.85601550  0.74670732
vt  0.86425668  0.74670732
vt  0.88092762  0.74670732
vt  0.88092762  0.73796368
vt  0.88925046  0.74670732
vt  0.88925046  0.73796368
vt  0.89749163  0.74670732
vt  0.91344517  0.74670732
vt  0.92130774  0.74670732
vt  0.92939872  0.74670732
vt  0.93763989  0.74670732
vt  0.92939872  0.73796368
vt  0.93763989  0.73796368
vt  0.95431083  0.73796368
vt  0.96263367  0.74670732
vt  0.97087485  0.74670732
vt  0.97896582  0.74670732
vt  0.98682839  0.74670732
vt  0.98682839  0.73796368
vt  0.69329554  0.74670732
vt  0.70115811  0.75239736
vt  0.70924902  0.75239736
vt  0.71749026  0.75239736
vt  0.73416150  0.75239736
vt  0.74248403  0.75239736
vt  0.74248403  0.74670732
vt  0.75072521  0.75239736
vt  0.75072521  0.74670732
vt  0.76667875  0.75239736
vt  0.77454132  0.75239736
vt  0.77454132  0.74670732
vt  0.79087347  0.75239736
vt  0.81586725  0.75239736
vt  0.80754441  0.74670732
vt  0.84006196  0.75239736
vt  0.84792453  0.75239736
vt  0.87257922  0.75239736
vt  0.87257922  0.74670732
vt  0.89749163  0.75239736
vt  0.90558261  0.74670732
vt  0.90558261  0.75239736
vt  0.91344517  0.75239736
vt  0.92130774  0.75239736
vt  0.92939872  0.75239736
vt  0.95431083  0.74670732
vt  0.94596243  0.74670732
vt  0.97087485  0.75239736
vt  0.97896582  0.75239736
vt  0.98682839  0.75239736
vt  0.69329554  0.75698698
vt  0.69329554  0.75239736
vt  0.70924902  0.75698698
vt  0.71749026  0.75698698
vt  0.72581279  0.75698698
vt  0.73416150  0.75698698
vt  0.72581279  0.75239736
vt  0.74248403  0.75698698
vt  0.75881618  0.75239736
vt  0.75881618  0.75698698
vt  0.76667875  0.75698698
vt  0.77454132  0.75698698
vt  0.78263223  0.75239736
vt  0.79919600  0.75698698
vt  0.79919600  0.75239736
vt  0.80754441  0.75239736
vt  0.80754441  0.75698698
vt  0.81586725  0.75698698
vt  0.82410848  0.75239736
vt  0.82410848  0.75698698
vt  0.83219939  0.75239736
vt  0.84006196  0.75698698
vt  0.85601550  0.75698698
vt  0.86425668  0.75239736
vt  0.85601550  0.75239736
vt  0.86425668  0.75698698
vt  0.87257922  0.75698698
vt  0.88092762  0.75239736
vt  0.89749163  0.75698698
vt  0.88925046  0.75239736
vt  0.90558261  0.75698698
vt  0.91344517  0.75698698
vt  0.92130774  0.75698698
vt  0.92939872  0.75698698
vt  0.93763989  0.75698698
vt  0.94596243  0.75698698
vt  0.93763989  0.75239736
vt  0.95431083  0.75239736
vt  0.94596243  0.75239736
vt  0.96263367  0.75239736
vt  0.96263367  0.75698698
vt  0.97087485  0.75698698
vt  0.69329554  0.76078600
vt  0.70115811  0.75698698
vt  0.72581279  0.76078600
vt  0.74248403  0.76078600
vt  0.75072521  0.76078600
vt  0.75072521  0.75698698
vt  0.76667875  0.76078600
vt  0.77454132  0.76078600
vt  0.78263223  0.76078600
vt  0.79087347  0.75698698
vt  0.78263223  0.75698698
vt  0.81586725  0.76078600
vt  0.82410848  0.76078600
vt  0.83219939  0.75698698
vt  0.83219939  0.76078600
vt  0.84006196  0.76078600
vt  0.84792453  0.76078600
vt  0.84792453  0.75698698
vt  0.85601550  0.76078600
vt  0.88092762  0.75698698
vt  0.88925046  0.75698698
vt  0.90558261  0.76078600
vt  0.91344517  0.76078600
vt  0.92130774  0.76078600
vt  0.92939872  0.76078600
vt  0.93763989  0.76078600
vt  0.95431083  0.76078600
vt  0.95431083  0.75698698
vt  0.97087485  0.76078600
vt  0.97896582  0.75698698
vt  0.98682839  0.76078600
vt  0.98682839  0.75698698
vt  0.69329554  0.76530200
vt  0.70115811  0.76078600
vt  0.70115811  0.76530200
vt  0.70924902  0.76530200
vt  0.70924902  0.76078600
vt  0.71749026  0.76530200
vt  0.71749026  0.76078600
vt  0.73416150  0.76078600
vt  0.75072521  0.76530200
vt  0.75881618  0.76078600
vt  0.76667875  0.76530200
vt  0.78263223  0.76530200
vt  0.79087347  0.76530200
vt  0.79919600  0.76078600
vt  0.79087347  0.76078600
vt  0.79919600  0.76530200
vt  0.80754441  0.76078600
vt  0.84006196  0.76530200
vt  0.84792453  0.76530200
vt  0.86425668  0.76530200
vt  0.86425668  0.76078600
vt  0.87257922  0.76078600
vt  0.88092762  0.76078600
vt  0.89749163  0.76078600
vt  0.88925046  0.76078600
vt  0.90558261  0.76530200
vt  0.92130774  0.76530200
vt  0.92939872  0.76530200
vt  0.95431083  0.76530200
vt  0.94596243  0.76078600
vt  0.96263367  0.76530200
vt  0.97087485  0.76530200
vt  0.96263367  0.76078600
vt  0.97896582  0.76530200
vt  0.97896582  0.76078600
vt  0.69329554  0.76830053
vt  0.70924902  0.76830053
vt  0.73416150  0.76530200
vt  0.72581279  0.76530200
vt  0.73416150  0.76830053
vt  0.74248403  0.76830053
vt  0.74248403  0.76530200
vt  0.75072521  0.76830053
vt  0.75881618  0.76530200
vt  0.77454132  0.76830053
vt  0.77454132  0.76530200
vt  0.78263223  0.76830053
vt  0.79087347  0.76830053
vt  0.79919600  0.76830053
vt  0.80754441  0.76830053
vt  0.81586725  0.76530200
vt  0.80754441  0.76530200
vt  0.82410848  0.76530200
vt  0.84006196  0.76830053
vt  0.83219939  0.76530200
vt  0.84792453  0.76830053
vt  0.85601550  0.76530200
vt  0.87257922  0.76530200
vt  0.88092762  0.76830053
vt  0.88925046  0.76830053
vt  0.88092762  0.76530200
vt  0.89749163  0.76530200
vt  0.88925046  0.76530200
vt  0.90558261  0.76830053
vt  0.91344517  0.76830053
vt  0.91344517  0.76530200
vt  0.92130774  0.76830053
vt  0.92939872  0.76830053
vt  0.93763989  0.76530200
vt  0.94596243  0.76830053
vt  0.94596243  0.76530200
vt  0.95431083  0.76830053
vt  0.96263367  0.76830053
vt  0.98682839  0.76530200
vt  0.69329554  0.77076870
vt  0.70115811  0.76830053
vt  0.70115811  0.77076870
vt  0.71749026  0.76830053
vt  0.71749026  0.77076870
vt  0.72581279  0.76830053
vt  0.72581279  0.77076870
vt  0.73416150  0.77076870
vt  0.74248403  0.77076870
vt  0.75881618  0.76830053
vt  0.76667875  0.76830053
vt  0.77454132  0.77076870
vt  0.78263223  0.77076870
vt  0.79087347  0.77076870
vt  0.80754441  0.77076870
vt  0.81586725  0.77076870
vt  0.81586725  0.76830053
vt  0.82410848  0.77076870
vt  0.82410848  0.76830053
vt  0.83219939  0.76830053
vt  0.84006196  0.77076870
vt  0.85601550  0.76830053
vt  0.86425668  0.77076870
vt  0.86425668  0.76830053
vt  0.87257922  0.76830053
vt  0.89749163  0.76830053
vt  0.90558261  0.77076870
vt  0.91344517  0.77076870
vt  0.92130774  0.77076870
vt  0.93763989  0.76830053
vt  0.97087485  0.77076870
vt  0.97087485  0.76830053
vt  0.98682839  0.76830053
vt  0.97896582  0.76830053
vt  0.70924902  0.77076870
vt  0.73416150  0.77276611
vt  0.75881618  0.77076870
vt  0.75072521  0.77076870
vt  0.76667875  0.77276611
vt  0.77454132  0.77276611
vt  0.76667875  0.77076870
vt  0.78263223  0.77276611
vt  0.79919600  0.77076870
vt  0.82410848  0.77276611
vt  0.83219939  0.77076870
vt  0.83219939  0.77276611
vt  0.84792453  0.77276611
vt  0.85601550  0.77076870
vt  0.84792453  0.77076870
vt  0.85601550  0.77276611
vt  0.88092762  0.77076870
vt  0.87257922  0.77076870
vt  0.88092762  0.77276611
vt  0.88925046  0.77076870
vt  0.89749163  0.77276611
vt  0.89749163  0.77076870
vt  0.90558261  0.77276611
vt  0.91344517  0.77276611
vt  0.93763989  0.77276611
vt  0.93763989  0.77076870
vt  0.92939872  0.77076870
vt  0.94596243  0.77276611
vt  0.94596243  0.77076870
vt  0.96263367  0.77076870
vt  0.95431083  0.77076870
vt  0.97087485  0.77276611
vt  0.97896582  0.77076870
vt  0.98682839  0.77276611
vt  0.98682839  0.77076870
vt  0.69329554  0.77497280
vt  0.69329554  0.77276611
vt  0.70924902  0.77276611
vt  0.70115811  0.77276611
vt  0.70924902  0.77497280
vt  0.71749026  0.77276611
vt  0.71749026  0.77497280
vt  0.72581279  0.77276611
vt  0.72581279  0.77497280
vt  0.74248403  0.77497280
vt  0.74248403  0.77276611
vt  0.75881618  0.77276611
vt  0.75072521  0.77276611
vt  0.76667875  0.77497280
vt  0.77454132  0.77497280
vt  0.79087347  0.77497280
vt  0.79919600  0.77497280
vt  0.79919600  0.77276611
vt  0.79087347  0.77276611
vt  0.80754441  0.77276611
vt  0.81586725  0.77497280
vt  0.81586725  0.77276611
vt  0.82410848  0.77497280
vt  0.84006196  0.77497280
vt  0.84792453  0.77497280
vt  0.84006196  0.77276611
vt  0.86425668  0.77276611
vt  0.88092762  0.77497280
vt  0.87257922  0.77276611
vt  0.88925046  0.77276611
vt  0.89749163  0.77497280
vt  0.92939872  0.77276611
vt  0.92130774  0.77276611
vt  0.94596243  0.77497280
vt  0.96263367  0.77497280
vt  0.96263367  0.77276611
vt  0.95431083  0.77276611
vt  0.97087485  0.77497280
vt  0.97896582  0.77276611
vt  0.69329554  0.77746880
vt  0.70924902  0.77746880
vt  0.70115811  0.77497280
vt  0.72581279  0.77746880
vt  0.73416150  0.77497280
vt  0.74248403  0.77746880
vt  0.75072521  0.77746880
vt  0.75072521  0.77497280
vt  0.75881618  0.77746880
vt  0.75881618  0.77497280
vt  0.78263223  0.77497280
vt  0.80754441  0.77497280
vt  0.82410848  0.77746880
vt  0.83219939  0.77497280
vt  0.85601550  0.77497280
vt  0.86425668  0.77497280
vt  0.86425668  0.77746880
vt  0.87257922  0.77746880
vt  0.87257922  0.77497280
vt  0.88925046  0.77497280
vt  0.91344517  0.77746880
vt  0.91344517  0.77497280
vt  0.90558261  0.77497280
vt  0.92130774  0.77497280
vt  0.92130774  0.77746880
vt  0.92939872  0.77497280
vt  0.92939872  0.77746880
vt  0.93763989  0.77497280
vt  0.93763989  0.77746880
vt  0.94596243  0.77746880
vt  0.95431083  0.77497280
vt  0.97896582  0.77497280
vt  0.97896582  0.77746880
vt  0.98682839  0.77746880
vt  0.98682839  0.77497280
vt  0.69329554  0.78138572
vt  0.70115811  0.77746880
vt  0.70924902  0.78138572
vt  0.71749026  0.77746880
vt  0.71749026  0.78138572
vt  0.72581279  0.78138572
vt  0.73416150  0.77746880
vt  0.73416150  0.78138572
vt  0.75072521  0.78138572
vt  0.75881618  0.78138572
vt  0.76667875  0.77746880
vt  0.77454132  0.77746880
vt  0.78263223  0.78138572
vt  0.79087347  0.77746880
vt  0.78263223  0.77746880
vt  0.79919600  0.78138572
vt  0.79919600  0.77746880
vt  0.80754441  0.78138572
vt  0.80754441  0.77746880
vt  0.82410848  0.78138572
vt  0.81586725  0.77746880
vt  0.83219939  0.78138572
vt  0.84006196  0.77746880
vt  0.83219939  0.77746880
vt  0.84006196  0.78138572
vt  0.84792453  0.77746880
vt  0.85601550  0.77746880
vt  0.88092762  0.78138572
vt  0.88925046  0.78138572
vt  0.88092762  0.77746880
vt  0.89749163  0.77746880
vt  0.88925046  0.77746880
vt  0.89749163  0.78138572
vt  0.90558261  0.78138572
vt  0.90558261  0.77746880
vt  0.91344517  0.78138572
vt  0.94596243  0.78138572
vt  0.95431083  0.78138572
vt  0.96263367  0.78138572
vt  0.96263367  0.77746880
vt  0.95431083  0.77746880
vt  0.97087485  0.77746880
vt  0.98682839  0.78138572
vt  0.69329554  0.78457731
vt  0.70115811  0.78138572
vt  0.70924902  0.78457731
vt  0.72581279  0.78457731
vt  0.74248403  0.78138572
vt  0.74248403  0.78457731
vt  0.75881618  0.78457731
vt  0.76667875  0.78138572
vt  0.77454132  0.78457731
vt  0.77454132  0.78138572
vt  0.79087347  0.78138572
vt  0.79087347  0.78457731
vt  0.80754441  0.78457731
vt  0.81586725  0.78457731
vt  0.81586725  0.78138572
vt  0.83219939  0.78457731
vt  0.84006196  0.78457731
vt  0.85601550  0.78138572
vt  0.84792453  0.78138572
vt  0.85601550  0.78457731
vt  0.86425668  0.78457731
vt  0.86425668  0.78138572
vt  0.87257922  0.78138572
vt  0.87257922  0.78457731
vt  0.88925046  0.78457731
vt  0.90558261  0.78457731
vt  0.92130774  0.78138572
vt  0.92130774  0.78457731
vt  0.92939872  0.78457731
vt  0.92939872  0.78138572
vt  0.93763989  0.78138572
vt  0.93763989  0.78457731
vt  0.95431083  0.78457731
vt  0.97087485  0.78457731
vt  0.97087485  0.78138572
vt  0.97896582  0.78138572
vt  0.70115811  0.78457731
vt  0.70924902  0.78770876
vt  0.71749026  0.78457731
vt  0.72581279  0.78770876
vt  0.73416150  0.78457731
vt  0.74248403  0.78770876
vt  0.75072521  0.78457731
vt  0.75881618  0.78770876
vt  0.76667875  0.78770876
vt  0.76667875  0.78457731
vt  0.77454132  0.78770876
vt  0.78263223  0.78770876
vt  0.78263223  0.78457731
vt  0.79919600  0.78457731
vt  0.80754441  0.78770876
vt  0.82410848  0.78457731
vt  0.83219939  0.78770876
vt  0.84792453  0.78770876
vt  0.84792453  0.78457731
vt  0.85601550  0.78770876
vt  0.87257922  0.78770876
vt  0.88092762  0.78457731
vt  0.88092762  0.78770876
vt  0.89749163  0.78457731
vt  0.90558261  0.78770876
vt  0.91344517  0.78770876
vt  0.91344517  0.78457731
vt  0.92130774  0.78770876
vt  0.93763989  0.78770876
vt  0.94596243  0.78457731
vt  0.95431083  0.78770876
vt  0.96263367  0.78770876
vt  0.96263367  0.78457731
vt  0.97896582  0.78457731
vt  0.98682839  0.78770876
vt  0.98682839  0.78457731
vt  0.70115811  0.79079866
vt  0.70115811  0.78770876
vt  0.69329554  0.78770876
vt  0.71749026  0.79079866
vt  0.71749026  0.78770876
vt  0.73416150  0.78770876
vt  0.75072521  0.78770876
vt  0.75072521  0.79079866
vt  0.76667875  0.79079866
vt  0.77454132  0.79079866
vt  0.78263223  0.79079866
vt  0.79919600  0.78770876
vt  0.79087347  0.78770876
vt  0.79919600  0.79079866
vt  0.81586725  0.79079866
vt  0.82410848  0.79079866
vt  0.81586725  0.78770876
vt  0.82410848  0.78770876
vt  0.84006196  0.78770876
vt  0.84006196  0.79079866
vt  0.84792453  0.79079866
vt  0.85601550  0.79079866
vt  0.86425668  0.78770876
vt  0.88092762  0.79079866
vt  0.89749163  0.78770876
vt  0.88925046  0.78770876
vt  0.92130774  0.79079866
vt  0.93763989  0.79079866
vt  0.92939872  0.78770876
vt  0.94596243  0.79079866
vt  0.94596243  0.78770876
vt  0.96263367  0.79079866
vt  0.97087485  0.79079866
vt  0.97896582  0.78770876
vt  0.97087485  0.78770876
vt  0.69329554  0.79486465
vt  0.69329554  0.79079866
vt  0.70924902  0.79079866
vt  0.70924902  0.79486465
vt  0.72581279  0.79486465
vt  0.73416150  0.79486465
vt  0.73416150  0.79079866
vt  0.72581279  0.79079866
vt  0.74248403  0.79079866
vt  0.75072521  0.79486465
vt  0.75881618  0.79079866
vt  0.75881618  0.79486465
vt  0.78263223  0.79486465
vt  0.79087347  0.79486465
vt  0.79087347  0.79079866
vt  0.80754441  0.79079866
vt  0.80754441  0.79486465
vt  0.81586725  0.79486465
vt  0.83219939  0.79079866
vt  0.83219939  0.79486465
vt  0.84006196  0.79486465
vt  0.84792453  0.79486465
vt  0.85601550  0.79486465
vt  0.86425668  0.79486465
vt  0.86425668  0.79079866
vt  0.87257922  0.79079866
vt  0.89749163  0.79079866
vt  0.88925046  0.79079866
vt  0.90558261  0.79079866
vt  0.91344517  0.79079866
vt  0.92939872  0.79079866
vt  0.95431083  0.79486465
vt  0.96263367  0.79486465
vt  0.95431083  0.79079866
vt  0.97087485  0.79486465
vt  0.97896582  0.79486465
vt  0.98682839  0.79486465
vt  0.98682839  0.79079866
vt  0.97896582  0.79079866
vt  0.69329554  0.79886132
vt  0.70115811  0.79486465
vt  0.71749026  0.79486465
vt  0.71749026  0.79886132
vt  0.73416150  0.79886132
vt  0.74248403  0.79886132
vt  0.74248403  0.79486465
vt  0.75072521  0.79886132
vt  0.75881618  0.79886132
vt  0.76667875  0.79886132
vt  0.76667875  0.79486465
vt  0.77454132  0.79486465
vt  0.78263223  0.79886132
vt  0.80754441  0.79886132
vt  0.79919600  0.79486465
vt  0.82410848  0.79486465
vt  0.84006196  0.79886132
vt  0.84792453  0.79886132
vt  0.87257922  0.79886132
vt  0.87257922  0.79486465
vt  0.88092762  0.79486465
vt  0.88925046  0.79886132
vt  0.89749163  0.79886132
vt  0.89749163  0.79486465
vt  0.88925046  0.79486465
vt  0.90558261  0.79486465
vt  0.91344517  0.79886132
vt  0.92130774  0.79886132
vt  0.91344517  0.79486465
vt  0.92939872  0.79486465
vt  0.92130774  0.79486465
vt  0.92939872  0.79886132
vt  0.93763989  0.79886132
vt  0.94596243  0.79886132
vt  0.94596243  0.79486465
vt  0.93763989  0.79486465
vt  0.97896582  0.79886132
vt  0.98682839  0.79886132
vt  0.70115811  0.80370575
vt  0.70924902  0.79886132
vt  0.70115811  0.79886132
vt  0.70924902  0.80370575
vt  0.72581279  0.80370575
vt  0.72581279  0.79886132
vt  0.75072521  0.80370575
vt  0.75881618  0.80370575
vt  0.76667875  0.80370575
vt  0.77454132  0.79886132
vt  0.78263223  0.80370575
vt  0.79087347  0.79886132
vt  0.79087347  0.80370575
vt  0.79919600  0.80370575
vt  0.79919600  0.79886132
vt  0.81586725  0.80370575
vt  0.82410848  0.79886132
vt  0.81586725  0.79886132
vt  0.82410848  0.80370575
vt  0.83219939  0.79886132
vt  0.85601550  0.79886132
vt  0.85601550  0.80370575
vt  0.86425668  0.79886132
vt  0.88092762  0.80370575
vt  0.88092762  0.79886132
vt  0.88925046  0.80370575
vt  0.90558261  0.79886132
vt  0.90558261  0.80370575
vt  0.92130774  0.80370575
vt  0.92939872  0.80370575
vt  0.94596243  0.80370575
vt  0.96263367  0.79886132
vt  0.95431083  0.79886132
vt  0.97087485  0.79886132
vt  0.97087485  0.80370575
vt  0.97896582  0.80370575
vt  0.98682839  0.80370575
vt  0.69329554  0.80915600
vt  0.69329554  0.80370575
vt  0.71749026  0.80915600
vt  0.72581279  0.80915600
vt  0.71749026  0.80370575
vt  0.73416150  0.80370575
vt  0.73416150  0.80915600
vt  0.74248403  0.80370575
vt  0.76667875  0.80915600
vt  0.77454132  0.80370575
vt  0.77454132  0.80915600
vt  0.78263223  0.80915600
vt  0.79087347  0.80915600
vt  0.79919600  0.80915600
vt  0.80754441  0.80915600
vt  0.80754441  0.80370575
vt  0.83219939  0.80915600
vt  0.84006196  0.80370575
vt  0.83219939  0.80370575
vt  0.84006196  0.80915600
vt  0.84792453  0.80915600
vt  0.84792453  0.80370575
vt  0.86425668  0.80370575
vt  0.87257922  0.80370575
vt  0.88925046  0.80915600
vt  0.89749163  0.80370575
vt  0.91344517  0.80370575
vt  0.91344517  0.80915600
vt  0.92130774  0.80915600
vt  0.92939872  0.80915600
vt  0.93763989  0.80370575
vt  0.95431083  0.80370575
vt  0.95431083  0.80915600
vt  0.96263367  0.80915600
vt  0.96263367  0.80370575
vt  0.97896582  0.80915600
vt  0.69329554  0.81541151
vt  0.70115811  0.80915600
vt  0.70924902  0.81541151
vt  0.70924902  0.80915600
vt  0.73416150  0.81541151
vt  0.74248403  0.80915600
vt  0.74248403  0.81541151
vt  0.75072521  0.80915600
vt  0.75881618  0.81541151
vt  0.75881618  0.80915600
vt  0.79087347  0.81541151
vt  0.79919600  0.81541151
vt  0.80754441  0.81541151
vt  0.81586725  0.81541151
vt  0.81586725  0.80915600
vt  0.82410848  0.80915600
vt  0.85601550  0.81541151
vt  0.86425668  0.80915600
vt  0.85601550  0.80915600
vt  0.87257922  0.80915600
vt  0.88092762  0.81541151
vt  0.88092762  0.80915600
vt  0.88925046  0.81541151
vt  0.89749163  0.80915600
vt  0.90558261  0.80915600
vt  0.91344517  0.81541151
vt  0.92939872  0.81541151
vt  0.94596243  0.81541151
vt  0.94596243  0.80915600
vt  0.93763989  0.80915600
vt  0.97087485  0.80915600
vt  0.98682839  0.80915600
vt  0.70115811  0.81541151
vt  0.70924902  0.81899112
vt  0.71749026  0.81899112
vt  0.72581279  0.81541151
vt  0.71749026  0.81541151
vt  0.72581279  0.81899112
vt  0.74248403  0.81899112
vt  0.75072521  0.81541151
vt  0.75072521  0.81899112
vt  0.75881618  0.81899112
vt  0.76667875  0.81541151
vt  0.77454132  0.81541151
vt  0.77454132  0.81899112
vt  0.78263223  0.81899112
vt  0.78263223  0.81541151
vt  0.81586725  0.81899112
vt  0.83219939  0.81541151
vt  0.82410848  0.81541151
vt  0.84006196  0.81899112
vt  0.84792453  0.81541151
vt  0.84006196  0.81541151
vt  0.85601550  0.81899112
vt  0.86425668  0.81541151
vt  0.87257922  0.81541151
vt  0.87257922  0.81899112
vt  0.88092762  0.81899112
vt  0.89749163  0.81541151
vt  0.90558261  0.81899112
vt  0.90558261  0.81541151
vt  0.91344517  0.81899112
vt  0.92130774  0.81541151
vt  0.92939872  0.81899112
vt  0.93763989  0.81541151
vt  0.93763989  0.81899112
vt  0.95431083  0.81899112
vt  0.95431083  0.81541151
vt  0.96263367  0.81541151
vt  0.96263367  0.81899112
vt  0.97896582  0.81541151
vt  0.97087485  0.81541151
vt  0.98682839  0.81899112
vt  0.98682839  0.81541151
vt  0.69329554  0.82032561
vt  0.69329554  0.81899112
vt  0.70924902  0.82032561
vt  0.70115811  0.81899112
vt  0.71749026  0.82032561
vt  0.73416150  0.82032561
vt  0.73416150  0.81899112
vt  0.75881618  0.82032561
vt  0.76667875  0.82032561
vt  0.76667875  0.81899112
vt  0.78263223  0.82032561
vt  0.79919600  0.82032561
vt  0.79087347  0.81899112
vt  0.79919600  0.81899112
vt  0.80754441  0.81899112
vt  0.82410848  0.81899112
vt  0.83219939  0.81899112
vt  0.84006196  0.82032561
vt  0.84792453  0.81899112
vt  0.85601550  0.82032561
vt  0.86425668  0.81899112
vt  0.86425668  0.82032561
vt  0.88092762  0.82032561
vt  0.88925046  0.82032561
vt  0.89749163  0.81899112
vt  0.88925046  0.81899112
vt  0.89749163  0.82032561
vt  0.92130774  0.81899112
vt  0.94596243  0.81899112
vt  0.96263367  0.82032561
vt  0.97087485  0.82032561
vt  0.97087485  0.81899112
vt  0.98682839  0.82032561
vt  0.97896582  0.81899112
vt  0.70115811  0.82032561
vt  0.70924902  0.82102674
vt  0.71749026  0.82102674
vt  0.72581279  0.82032561
vt  0.74248403  0.82032561
vt  0.74248403  0.82102674
vt  0.75072521  0.82032561
vt  0.77454132  0.82102674
vt  0.77454132  0.82032561
vt  0.79087347  0.82102674
vt  0.79087347  0.82032561
vt  0.81586725  0.82102674
vt  0.81586725  0.82032561
vt  0.80754441  0.82032561
vt  0.83219939  0.82102674
vt  0.82410848  0.82032561
vt  0.83219939  0.82032561
vt  0.84006196  0.82102674
vt  0.84792453  0.82032561
vt  0.85601550  0.82102674
vt  0.87257922  0.82032561
vt  0.88092762  0.82102674
vt  0.88925046  0.82102674
vt  0.90558261  0.82102674
vt  0.91344517  0.82102674
vt  0.91344517  0.82032561
vt  0.90558261  0.82032561
vt  0.92130774  0.82102674
vt  0.92939872  0.82102674
vt  0.92939872  0.82032561
vt  0.92130774  0.82032561
vt  0.93763989  0.82102674
vt  0.94596243  0.82102674
vt  0.93763989  0.82032561
vt  0.95431083  0.82032561
vt  0.94596243  0.82032561
vt  0.97087485  0.82102674
vt  0.98682839  0.82102674
vt  0.97896582  0.82032561
vt  0.70115811  0.82131970
vt  0.69329554  0.82102674
vt  0.70115811  0.82102674
vt  0.71749026  0.82131970
vt  0.72581279  0.82131970
vt  0.72581279  0.82102674
vt  0.73416150  0.82102674
vt  0.75072521  0.82131970
vt  0.75072521  0.82102674
vt  0.75881618  0.82131970
vt  0.76667875  0.82102674
vt  0.75881618  0.82102674
vt  0.76667875  0.82131970
vt  0.77454132  0.82131970
vt  0.78263223  0.82102674
vt  0.79087347  0.82131970
vt  0.80754441  0.82102674
vt  0.79919600  0.82102674
vt  0.81586725  0.82131970
vt  0.82410848  0.82131970
vt  0.82410848  0.82102674
vt  0.84006196  0.82131970
vt  0.84792453  0.82102674
vt  0.84792453  0.82131970
vt  0.86425668  0.82131970
vt  0.87257922  0.82131970
vt  0.87257922  0.82102674
vt  0.86425668  0.82102674
vt  0.88092762  0.82131970
vt  0.88925046  0.82131970
vt  0.89749163  0.82131970
vt  0.89749163  0.82102674
vt  0.90558261  0.82131970
vt  0.92130774  0.82131970
vt  0.92939872  0.82131970
vt  0.95431083  0.82102674
vt  0.96263367  0.82102674
vt  0.97087485  0.82131970
vt  0.97896582  0.82131970
vt  0.98682839  0.82131970
vt  0.97896582  0.82102674
vt  0.69329554  0.82131970
vt  0.70115811  0.82179177
vt  0.70924902  0.82131970
vt  0.72581279  0.82179177
vt  0.73416150  0.82131970
vt  0.73416150  0.82179177
vt  0.74248403  0.82131970
vt  0.74248403  0.82179177
vt  0.75881618  0.82179177
vt  0.78263223  0.82179177
vt  0.78263223  0.82131970
vt  0.79087347  0.82179177
vt  0.79919600  0.82131970
vt  0.80754441  0.82131970
vt  0.82410848  0.82179177
vt  0.83219939  0.82131970
vt  0.84006196  0.82179177
vt  0.85601550  0.82179177
vt  0.85601550  0.82131970
vt  0.87257922  0.82179177
vt  0.88092762  0.82179177
vt  0.88925046  0.82179177
vt  0.91344517  0.82179177
vt  0.91344517  0.82131970
vt  0.92130774  0.82179177
vt  0.92939872  0.82179177
vt  0.93763989  0.82131970
vt  0.94596243  0.82131970
vt  0.95431083  0.82179177
vt  0.95431083  0.82131970
vt  0.96263367  0.82131970
vt  0.97896582  0.82179177
vt  0.98682839  0.82179177
vt  0.69329554  0.82226163
vt  0.69329554  0.82179177
vt  0.70115811  0.82226163
vt  0.70924902  0.82179177
vt  0.71749026  0.82179177
vt  0.72581279  0.82226163
vt  0.75072521  0.82179177
vt  0.75881618  0.82226163
vt  0.76667875  0.82179177
vt  0.76667875  0.82226163
vt  0.77454132  0.82226163
vt  0.77454132  0.82179177
vt  0.79919600  0.82179177
vt  0.80754441  0.82226163
vt  0.80754441  0.82179177
vt  0.81586725  0.82179177
vt  0.82410848  0.82226163
vt  0.83219939  0.82179177
vt  0.84792453  0.82226163
vt  0.84792453  0.82179177
vt  0.86425668  0.82226163
vt  0.86425668  0.82179177
vt  0.88925046  0.82226163
vt  0.89749163  0.82179177
vt  0.90558261  0.82179177
vt  0.92130774  0.82226163
vt  0.92939872  0.82226163
vt  0.94596243  0.82179177
vt  0.93763989  0.82179177
vt  0.94596243  0.82226163
vt  0.96263367  0.82179177
vt  0.96263367  0.82226163
vt  0.97087485  0.82179177
vt  0.69329554  0.82320869
vt  0.70115811  0.82320869
vt  0.70924902  0.82320869
vt  0.71749026  0.82226163
vt  0.70924902  0.82226163
vt  0.74248403  0.82226163
vt  0.73416150  0.82226163
vt  0.75072521  0.82226163
vt  0.76667875  0.82320869
vt  0.77454132  0.82320869
vt  0.78263223  0.82226163
vt  0.78263223  0.82320869
vt  0.79919600  0.82226163
vt  0.79087347  0.82226163
vt  0.81586725  0.82226163
vt  0.83219939  0.82226163
vt  0.83219939  0.82320869
vt  0.84006196  0.82320869
vt  0.84006196  0.82226163
vt  0.85601550  0.82320869
vt  0.85601550  0.82226163
vt  0.87257922  0.82320869
vt  0.87257922  0.82226163
vt  0.88092762  0.82226163
vt  0.90558261  0.82226163
vt  0.89749163  0.82226163
vt  0.91344517  0.82320869
vt  0.91344517  0.82226163
vt  0.92939872  0.82320869
vt  0.93763989  0.82226163
vt  0.93763989  0.82320869
vt  0.94596243  0.82320869
vt  0.95431083  0.82320869
vt  0.95431083  0.82226163
vt  0.97087485  0.82320869
vt  0.97896582  0.82320869
vt  0.97896582  0.82226163
vt  0.97087485  0.82226163
vt  0.98682839  0.82226163
vt  0.69329554  0.82585740
vt  0.70115811  0.82585740
vt  0.70924902  0.82585740
vt  0.71749026  0.82320869
vt  0.72581279  0.82320869
vt  0.73416150  0.82320869
vt  0.74248403  0.82320869
vt  0.75072521  0.82320869
vt  0.75881618  0.82585740
vt  0.75881618  0.82320869
vt  0.76667875  0.82585740
vt  0.77454132  0.82585740
vt  0.78263223  0.82585740
vt  0.79087347  0.82585740
vt  0.79087347  0.82320869
vt  0.79919600  0.82585740
vt  0.80754441  0.82585740
vt  0.80754441  0.82320869
vt  0.79919600  0.82320869
vt  0.82410848  0.82320869
vt  0.81586725  0.82320869
vt  0.84006196  0.82585740
vt  0.84792453  0.82585740
vt  0.84792453  0.82320869
vt  0.86425668  0.82320869
vt  0.87257922  0.82585740
vt  0.88092762  0.82320869
vt  0.89749163  0.82585740
vt  0.89749163  0.82320869
vt  0.88925046  0.82320869
vt  0.90558261  0.82320869
vt  0.91344517  0.82585740
vt  0.92130774  0.82320869
vt  0.92939872  0.82585740
vt  0.94596243  0.82585740
vt  0.95431083  0.82585740
vt  0.96263367  0.82320869
vt  0.98682839  0.82320869
vt  0.71749026  0.82585740
vt  0.73416150  0.82585740
vt  0.72581279  0.82585740
vt  0.74248403  0.82585740
vt  0.75072521  0.82585740
vt  0.78263223  0.83242399
vt  0.79087347  0.83242399
vt  0.81586725  0.82585740
vt  0.82410848  0.82585740
vt  0.83219939  0.83242399
vt  0.83219939  0.82585740
vt  0.86425668  0.83242399
vt  0.85601550  0.82585740
vt  0.86425668  0.82585740
vt  0.87257922  0.83242399
vt  0.88092762  0.83242399
vt  0.88092762  0.82585740
vt  0.88925046  0.83242399
vt  0.88925046  0.82585740
vt  0.89749163  0.83242399
vt  0.90558261  0.82585740
vt  0.91344517  0.83242399
vt  0.92130774  0.83242399
vt  0.92130774  0.82585740
vt  0.92939872  0.83242399
vt  0.93763989  0.82585740
vt  0.95431083  0.83242399
vt  0.96263367  0.83242399
vt  0.96263367  0.82585740
vt  0.97896582  0.82585740
vt  0.97087485  0.82585740
vt  0.97896582  0.83242399
vt  0.98682839  0.82585740
vt  0.69329554  0.83765489
vt  0.69329554  0.83242399
vt  0.70924902  0.83765489
vt  0.70115811  0.83242399
vt  0.71749026  0.83242399
vt  0.70924902  0.83242399
vt  0.71749026  0.83765489
vt  0.72581279  0.83765489
vt  0.72581279  0.83242399
vt  0.74248403  0.83242399
vt  0.73416150  0.83242399
vt  0.75072521  0.83242399
vt  0.75881618  0.83765489
vt  0.75881618  0.83242399
vt  0.76667875  0.83765489
vt  0.77454132  0.83242399
vt  0.76667875  0.83242399
vt  0.77454132  0.83765489
vt  0.79919600  0.83765489
vt  0.79919600  0.83242399
vt  0.80754441  0.83765489
vt  0.81586725  0.83242399
vt  0.80754441  0.83242399
vt  0.81586725  0.83765489
vt  0.82410848  0.83242399
vt  0.84006196  0.83765489
vt  0.84006196  0.83242399
vt  0.84792453  0.83242399
vt  0.85601550  0.83242399
vt  0.86425668  0.83765489
vt  0.88092762  0.83765489
vt  0.90558261  0.83242399
vt  0.91344517  0.83765489
vt  0.92939872  0.83765489
vt  0.93763989  0.83242399
vt  0.94596243  0.83242399
vt  0.94596243  0.83765489
vt  0.96263367  0.83765489
vt  0.97087485  0.83242399
vt  0.97087485  0.83765489
vt  0.97896582  0.83765489
vt  0.98682839  0.83242399
vt  0.69329554  0.84075546
vt  0.70115811  0.83765489
vt  0.71749026  0.84075546
vt  0.72581279  0.84075546
vt  0.74248403  0.84075546
vt  0.73416150  0.83765489
vt  0.74248403  0.83765489
vt  0.75072521  0.84075546
vt  0.75072521  0.83765489
vt  0.78263223  0.84075546
vt  0.78263223  0.83765489
vt  0.79919600  0.84075546
vt  0.79087347  0.83765489
vt  0.80754441  0.84075546
vt  0.83219939  0.83765489
vt  0.82410848  0.83765489
vt  0.83219939  0.84075546
vt  0.85601550  0.84075546
vt  0.84792453  0.83765489
vt  0.85601550  0.83765489
vt  0.87257922  0.84075546
vt  0.87257922  0.83765489
vt  0.88925046  0.83765489
vt  0.89749163  0.83765489
vt  0.89749163  0.84075546
vt  0.90558261  0.83765489
vt  0.91344517  0.84075546
vt  0.92130774  0.83765489
vt  0.92939872  0.84075546
vt  0.93763989  0.83765489
vt  0.94596243  0.84075546
vt  0.95431083  0.83765489
vt  0.95431083  0.84075546
vt  0.97087485  0.84075546
vt  0.97896582  0.84075546
vt  0.98682839  0.83765489
vt  0.70115811  0.84247673
vt  0.70115811  0.84075546
vt  0.70924902  0.84247673
vt  0.70924902  0.84075546
vt  0.72581279  0.84247673
vt  0.73416150  0.84075546
vt  0.74248403  0.84247673
vt  0.75072521  0.84247673
vt  0.75881618  0.84075546
vt  0.76667875  0.84247673
vt  0.77454132  0.84075546
vt  0.76667875  0.84075546
vt  0.78263223  0.84247673
vt  0.79087347  0.84075546
vt  0.81586725  0.84247673
vt  0.82410848  0.84075546
vt  0.81586725  0.84075546
vt  0.82410848  0.84247673
vt  0.84792453  0.84075546
vt  0.84006196  0.84075546
vt  0.86425668  0.84075546
vt  0.88092762  0.84247673
vt  0.88925046  0.84075546
vt  0.88092762  0.84075546
vt  0.88925046  0.84247673
vt  0.89749163  0.84247673
vt  0.90558261  0.84075546
vt  0.91344517  0.84247673
vt  0.92130774  0.84247673
vt  0.92130774  0.84075546
vt  0.93763989  0.84075546
vt  0.96263367  0.84075546
vt  0.97087485  0.84247673
vt  0.98682839  0.84247673
vt  0.98682839  0.84075546
vt  0.69329554  0.84247673
vt  0.70924902  0.84406501
vt  0.71749026  0.84247673
vt  0.72581279  0.84406501
vt  0.73416150  0.84247673
vt  0.73416150  0.84406501
vt  0.74248403  0.84406501
vt  0.75881618  0.84406501
vt  0.75881618  0.84247673
vt  0.77454132  0.84406501
vt  0.77454132  0.84247673
vt  0.79919600  0.84247673
vt  0.79087347  0.84247673
vt  0.80754441  0.84247673
vt  0.83219939  0.84247673
vt  0.84006196  0.84406501
vt  0.84006196  0.84247673
vt  0.84792453  0.84406501
vt  0.84792453  0.84247673
vt  0.86425668  0.84406501
vt  0.86425668  0.84247673
vt  0.85601550  0.84247673
vt  0.87257922  0.84247673
vt  0.90558261  0.84406501
vt  0.90558261  0.84247673
vt  0.91344517  0.84406501
vt  0.92130774  0.84406501
vt  0.92939872  0.84406501
vt  0.93763989  0.84406501
vt  0.92939872  0.84247673
vt  0.94596243  0.84247673
vt  0.93763989  0.84247673
vt  0.94596243  0.84406501
vt  0.96263367  0.84247673
vt  0.95431083  0.84247673
vt  0.96263367  0.84406501
vt  0.97896582  0.84247673
vt  0.70115811  0.84504449
vt  0.70115811  0.84406501
vt  0.69329554  0.84406501
vt  0.71749026  0.84504449
vt  0.72581279  0.84504449
vt  0.71749026  0.84406501
vt  0.74248403  0.84504449
vt  0.75072521  0.84504449
vt  0.75072521  0.84406501
vt  0.75881618  0.84504449
vt  0.76667875  0.84406501
vt  0.77454132  0.84504449
vt  0.78263223  0.84406501
vt  0.79087347  0.84406501
vt  0.79087347  0.84504449
vt  0.79919600  0.84504449
vt  0.80754441  0.84504449
vt  0.80754441  0.84406501
vt  0.79919600  0.84406501
vt  0.82410848  0.84504449
vt  0.81586725  0.84406501
vt  0.82410848  0.84406501
vt  0.83219939  0.84406501
vt  0.84792453  0.84504449
vt  0.85601550  0.84406501
vt  0.86425668  0.84504449
vt  0.87257922  0.84504449
vt  0.87257922  0.84406501
vt  0.88925046  0.84504449
vt  0.88925046  0.84406501
vt  0.88092762  0.84406501
vt  0.90558261  0.84504449
vt  0.89749163  0.84406501
vt  0.91344517  0.84504449
vt  0.92130774  0.84504449
vt  0.94596243  0.84504449
vt  0.95431083  0.84406501
vt  0.97087485  0.84504449
vt  0.97087485  0.84406501
vt  0.97896582  0.84504449
vt  0.97896582  0.84406501
vt  0.98682839  0.84504449
vt  0.98682839  0.84406501
vt  0.69329554  0.84504449
vt  0.70924902  0.84596252
vt  0.71749026  0.84596252
vt  0.70924902  0.84504449
vt  0.73416150  0.84504449
vt  0.75072521  0.84596252
vt  0.75881618  0.84596252
vt  0.76667875  0.84504449
vt  0.78263223  0.84596252
vt  0.79087347  0.84596252
vt  0.78263223  0.84504449
vt  0.79919600  0.84596252
vt  0.81586725  0.84596252
vt  0.81586725  0.84504449
vt  0.83219939  0.84504449
vt  0.83219939  0.84596252
vt  0.84006196  0.84596252
vt  0.84006196  0.84504449
vt  0.85601550  0.84596252
vt  0.86425668  0.84596252
vt  0.85601550  0.84504449
vt  0.87257922  0.84596252
vt  0.88092762  0.84504449
vt  0.88925046  0.84596252
vt  0.89749163  0.84504449
vt  0.92939872  0.84596252
vt  0.92939872  0.84504449
vt  0.93763989  0.84596252
vt  0.93763989  0.84504449
vt  0.95431083  0.84596252
vt  0.95431083  0.84504449
vt  0.96263367  0.84504449
vt  0.98682839  0.84596252
vt  0.70115811  0.84596252
vt  0.69329554  0.84596252
vt  0.71749026  0.84682679
vt  0.72581279  0.84682679
vt  0.73416150  0.84596252
vt  0.72581279  0.84596252
vt  0.73416150  0.84682679
vt  0.74248403  0.84596252
vt  0.77454132  0.84596252
vt  0.76667875  0.84596252
vt  0.77454132  0.84682679
vt  0.79087347  0.84682679
vt  0.80754441  0.84682679
vt  0.80754441  0.84596252
vt  0.81586725  0.84682679
vt  0.82410848  0.84596252
vt  0.82410848  0.84682679
vt  0.84006196  0.84682679
vt  0.84792453  0.84682679
vt  0.84792453  0.84596252
vt  0.86425668  0.84682679
vt  0.87257922  0.84682679
vt  0.88092762  0.84682679
vt  0.88925046  0.84682679
vt  0.88092762  0.84596252
vt  0.90558261  0.84596252
vt  0.89749163  0.84596252
vt  0.91344517  0.84682679
vt  0.92130774  0.84596252
vt  0.91344517  0.84596252
vt  0.92939872  0.84682679
vt  0.94596243  0.84596252
vt  0.97087485  0.84596252
vt  0.96263367  0.84596252
vt  0.97896582  0.84682679
vt  0.97896582  0.84596252
vt  0.69329554  0.84724385
vt  0.70115811  0.84724385
vt  0.70115811  0.84682679
vt  0.69329554  0.84682679
vt  0.70924902  0.84682679
vt  0.71749026  0.84724385
vt  0.72581279  0.84724385
vt  0.74248403  0.84724385
vt  0.74248403  0.84682679
vt  0.75072521  0.84724385
vt  0.75881618  0.84724385
vt  0.75072521  0.84682679
vt  0.76667875  0.84682679
vt  0.75881618  0.84682679
vt  0.76667875  0.84724385
vt  0.77454132  0.84724385
vt  0.78263223  0.84682679
vt  0.79087347  0.84724385
vt  0.79919600  0.84682679
vt  0.80754441  0.84724385
vt  0.83219939  0.84682679
vt  0.85601550  0.84682679
vt  0.86425668  0.84724385
vt  0.88092762  0.84724385
vt  0.88925046  0.84724385
vt  0.89749163  0.84682679
vt  0.90558261  0.84724385
vt  0.90558261  0.84682679
vt  0.92130774  0.84724385
vt  0.92130774  0.84682679
vt  0.93763989  0.84724385
vt  0.94596243  0.84724385
vt  0.93763989  0.84682679
vt  0.95431083  0.84682679
vt  0.94596243  0.84682679
vt  0.96263367  0.84724385
vt  0.96263367  0.84682679
vt  0.97087485  0.84682679
vt  0.98682839  0.84682679
vt  0.69329554  0.84765410
vt  0.70924902  0.84724385
vt  0.71749026  0.84765410
vt  0.72581279  0.84765410
vt  0.73416150  0.84765410
vt  0.74248403  0.84765410
vt  0.73416150  0.84724385
vt  0.75072521  0.84765410
vt  0.75881618  0.84765410
vt  0.78263223  0.84765410
vt  0.79087347  0.84765410
vt  0.78263223  0.84724385
vt  0.79919600  0.84724385
vt  0.80754441  0.84765410
vt  0.81586725  0.84724385
vt  0.81586725  0.84765410
vt  0.82410848  0.84724385
vt  0.82410848  0.84765410
vt  0.83219939  0.84724385
vt  0.84792453  0.84765410
vt  0.84006196  0.84724385
vt  0.84792453  0.84724385
vt  0.85601550  0.84724385
vt  0.87257922  0.84724385
vt  0.89749163  0.84765410
vt  0.89749163  0.84724385
vt  0.91344517  0.84724385
vt  0.92939872  0.84765410
vt  0.92939872  0.84724385
vt  0.94596243  0.84765410
vt  0.95431083  0.84724385
vt  0.96263367  0.84765410
vt  0.97087485  0.84724385
vt  0.97896582  0.84765410
vt  0.97896582  0.84724385
vt  0.98682839  0.84724385
vt  0.69329554  0.84806138
vt  0.70115811  0.84806138
vt  0.70924902  0.84806138
vt  0.70924902  0.84765410
vt  0.70115811  0.84765410
vt  0.71749026  0.84806138
vt  0.72581279  0.84806138
vt  0.75072521  0.84806138
vt  0.75881618  0.84806138
vt  0.76667875  0.84765410
vt  0.77454132  0.84765410
vt  0.77454132  0.84806138
vt  0.79919600  0.84765410
vt  0.80754441  0.84806138
vt  0.82410848  0.84806138
vt  0.84006196  0.84765410
vt  0.83219939  0.84765410
vt  0.84792453  0.84806138
vt  0.85601550  0.84765410
vt  0.86425668  0.84765410
vt  0.88092762  0.84806138
vt  0.88092762  0.84765410
vt  0.87257922  0.84765410
vt  0.88925046  0.84765410
vt  0.90558261  0.84806138
vt  0.90558261  0.84765410
vt  0.91344517  0.84806138
vt  0.91344517  0.84765410
vt  0.92130774  0.84806138
vt  0.92130774  0.84765410
vt  0.93763989  0.84806138
vt  0.93763989  0.84765410
vt  0.95431083  0.84806138
vt  0.95431083  0.84765410
vt  0.97896582  0.84806138
vt  0.97087485  0.84765410
vt  0.98682839  0.84765410
vt  0.69329554  0.85117173
vt  0.70115811  0.85117173
vt  0.73416150  0.84806138
vt  0.73416150  0.85117173
vt  0.74248403  0.84806138
vt  0.75072521  0.85117173
vt  0.75881618  0.85117173
vt  0.76667875  0.85117173
vt  0.77454132  0.85117173
vt  0.76667875  0.84806138
vt  0.78263223  0.84806138
vt  0.79087347  0.85117173
vt  0.79919600  0.84806138
vt  0.79087347  0.84806138
vt  0.80754441  0.85117173
vt  0.82410848  0.85117173
vt  0.81586725  0.84806138
vt  0.83219939  0.84806138
vt  0.83219939  0.85117173
vt  0.84006196  0.84806138
vt  0.85601550  0.84806138
vt  0.87257922  0.85117173
vt  0.86425668  0.84806138
vt  0.87257922  0.84806138
vt  0.88092762  0.85117173
vt  0.88925046  0.85117173
vt  0.89749163  0.84806138
vt  0.88925046  0.84806138
vt  0.90558261  0.85117173
vt  0.91344517  0.85117173
vt  0.92939872  0.84806138
vt  0.92939872  0.85117173
vt  0.94596243  0.84806138
vt  0.94596243  0.85117173
vt  0.95431083  0.85117173
vt  0.97087485  0.84806138
vt  0.96263367  0.84806138
vt  0.98682839  0.84806138
vt  0.70924902  0.85117173
vt  0.71749026  0.85737842
vt  0.71749026  0.85117173
vt  0.72581279  0.85117173
vt  0.74248403  0.85117173
vt  0.75072521  0.85737842
vt  0.77454132  0.85737842
vt  0.78263223  0.85117173
vt  0.79919600  0.85117173
vt  0.80754441  0.85737842
vt  0.81586725  0.85117173
vt  0.84006196  0.85117173
vt  0.84792453  0.85117173
vt  0.86425668  0.85737842
vt  0.86425668  0.85117173
vt  0.85601550  0.85117173
vt  0.88092762  0.85737842
vt  0.88925046  0.85737842
vt  0.89749163  0.85117173
vt  0.89749163  0.85737842
vt  0.90558261  0.85737842
vt  0.91344517  0.85737842
vt  0.92130774  0.85737842
vt  0.92130774  0.85117173
vt  0.93763989  0.85737842
vt  0.93763989  0.85117173
vt  0.94596243  0.85737842
vt  0.96263367  0.85737842
vt  0.97087485  0.85117173
vt  0.96263367  0.85117173
vt  0.97896582  0.85737842
vt  0.97896582  0.85117173
vt  0.98682839  0.85117173
vt  0.69329554  0.86552447
vt  0.69329554  0.85737842
vt  0.70115811  0.86552447
vt  0.70924902  0.85737842
vt  0.70115811  0.85737842
vt  0.71749026  0.86552447
vt  0.72581279  0.86552447
vt  0.72581279  0.85737842
vt  0.74248403  0.85737842
vt  0.73416150  0.85737842
vt  0.74248403  0.86552447
vt  0.75881618  0.85737842
vt  0.75881618  0.86552447
vt  0.76667875  0.85737842
vt  0.77454132  0.86552447
vt  0.78263223  0.85737842
vt  0.78263223  0.86552447
vt  0.79087347  0.85737842
vt  0.79919600  0.86552447
vt  0.79919600  0.85737842
vt  0.80754441  0.86552447
vt  0.81586725  0.85737842
vt  0.81586725  0.86552447
vt  0.82410848  0.85737842
vt  0.83219939  0.85737842
vt  0.84006196  0.86552447
vt  0.84792453  0.86552447
vt  0.84792453  0.85737842
vt  0.84006196  0.85737842
vt  0.85601550  0.85737842
vt  0.87257922  0.85737842
vt  0.88925046  0.86552447
vt  0.91344517  0.86552447
vt  0.92130774  0.86552447
vt  0.92939872  0.85737842
vt  0.94596243  0.86552447
vt  0.95431083  0.85737842
vt  0.97087485  0.86552447
vt  0.97087485  0.85737842
vt  0.97896582  0.86552447
vt  0.98682839  0.86552447
vt  0.98682839  0.85737842
vt  0.69329554  0.86948991
vt  0.70924902  0.86552447
vt  0.72581279  0.86948991
vt  0.73416150  0.86552447
vt  0.74248403  0.86948991
vt  0.75072521  0.86552447
vt  0.75881618  0.86948991
vt  0.76667875  0.86552447
vt  0.79087347  0.86552447
vt  0.80754441  0.86948991
vt  0.82410848  0.86948991
vt  0.83219939  0.86948991
vt  0.83219939  0.86552447
vt  0.82410848  0.86552447
vt  0.84006196  0.86948991
vt  0.85601550  0.86948991
vt  0.85601550  0.86552447
vt  0.86425668  0.86552447
vt  0.87257922  0.86552447
vt  0.88092762  0.86948991
vt  0.88092762  0.86552447
vt  0.89749163  0.86552447
vt  0.89749163  0.86948991
vt  0.90558261  0.86948991
vt  0.91344517  0.86948991
vt  0.90558261  0.86552447
vt  0.92939872  0.86948991
vt  0.93763989  0.86552447
vt  0.92939872  0.86552447
vt  0.95431083  0.86552447
vt  0.96263367  0.86552447
vt  0.96263367  0.86948991
vt  0.97087485  0.86948991
vt  0.97896582  0.86948991
vt  0.98682839  0.86948991
vt  0.69329554  0.87286520
vt  0.70115811  0.86948991
vt  0.71749026  0.86948991
vt  0.70924902  0.86948991
vt  0.71749026  0.87286520
vt  0.72581279  0.87286520
vt  0.73416150  0.86948991
vt  0.75072521  0.86948991
vt  0.76667875  0.86948991
vt  0.77454132  0.86948991
vt  0.78263223  0.87286520
vt  0.78263223  0.86948991
vt  0.79087347  0.87286520
vt  0.79087347  0.86948991
vt  0.79919600  0.86948991
vt  0.80754441  0.87286520
vt  0.81586725  0.87286520
vt  0.81586725  0.86948991
vt  0.82410848  0.87286520
vt  0.84792453  0.87286520
vt  0.85601550  0.87286520
vt  0.84792453  0.86948991
vt  0.86425668  0.86948991
vt  0.87257922  0.86948991
vt  0.87257922  0.87286520
vt  0.88925046  0.86948991
vt  0.89749163  0.87286520
vt  0.90558261  0.87286520
vt  0.91344517  0.87286520
vt  0.92130774  0.87286520
vt  0.92130774  0.86948991
vt  0.92939872  0.87286520
vt  0.93763989  0.87286520
vt  0.94596243  0.87286520
vt  0.94596243  0.86948991
vt  0.93763989  0.86948991
vt  0.95431083  0.86948991
vt  0.97087485  0.87286520
vt  0.97896582  0.87286520
vt  0.98682839  0.87286520
vt  0.69329554  0.87600881
vt  0.70115811  0.87600881
vt  0.70115811  0.87286520
vt  0.70924902  0.87600881
vt  0.70924902  0.87286520
vt  0.71749026  0.87600881
vt  0.73416150  0.87286520
vt  0.74248403  0.87286520
vt  0.75072521  0.87286520
vt  0.75881618  0.87600881
vt  0.75881618  0.87286520
vt  0.76667875  0.87600881
vt  0.76667875  0.87286520
vt  0.77454132  0.87286520
vt  0.79087347  0.87600881
vt  0.79919600  0.87600881
vt  0.80754441  0.87600881
vt  0.79919600  0.87286520
vt  0.81586725  0.87600881
vt  0.84006196  0.87286520
vt  0.83219939  0.87286520
vt  0.84792453  0.87600881
vt  0.85601550  0.87600881
vt  0.86425668  0.87286520
vt  0.87257922  0.87600881
vt  0.88092762  0.87286520
vt  0.88925046  0.87286520
vt  0.88925046  0.87600881
vt  0.90558261  0.87600881
vt  0.95431083  0.87286520
vt  0.96263367  0.87286520
vt  0.96263367  0.87600881
vt  0.97087485  0.87600881
vt  0.69329554  0.88054132
vt  0.70924902  0.88054132
vt  0.71749026  0.88054132
vt  0.72581279  0.88054132
vt  0.73416150  0.87600881
vt  0.72581279  0.87600881
vt  0.74248403  0.88054132
vt  0.74248403  0.87600881
vt  0.75072521  0.87600881
vt  0.75881618  0.88054132
vt  0.77454132  0.88054132
vt  0.77454132  0.87600881
vt  0.78263223  0.87600881
vt  0.79087347  0.88054132
vt  0.81586725  0.88054132
vt  0.82410848  0.87600881
vt  0.82410848  0.88054132
vt  0.83219939  0.88054132
vt  0.83219939  0.87600881
vt  0.84006196  0.88054132
vt  0.84006196  0.87600881
vt  0.84792453  0.88054132
vt  0.85601550  0.88054132
vt  0.86425668  0.87600881
vt  0.88092762  0.87600881
vt  0.89749163  0.87600881
vt  0.91344517  0.88054132
vt  0.92130774  0.88054132
vt  0.92130774  0.87600881
vt  0.91344517  0.87600881
vt  0.92939872  0.88054132
vt  0.93763989  0.88054132
vt  0.93763989  0.87600881
vt  0.92939872  0.87600881
vt  0.94596243  0.88054132
vt  0.95431083  0.88054132
vt  0.94596243  0.87600881
vt  0.95431083  0.87600881
vt  0.97896582  0.88054132
vt  0.98682839  0.88054132
vt  0.98682839  0.87600881
vt  0.97896582  0.87600881
vt  0.70115811  0.88487005
vt  0.70115811  0.88054132
vt  0.73416150  0.88054132
vt  0.73416150  0.88487005
vt  0.75072521  0.88054132
vt  0.76667875  0.88487005
vt  0.76667875  0.88054132
vt  0.78263223  0.88487005
vt  0.78263223  0.88054132
vt  0.79087347  0.88487005
vt  0.79919600  0.88054132
vt  0.80754441  0.88054132
vt  0.82410848  0.88487005
vt  0.86425668  0.88487005
vt  0.87257922  0.88054132
vt  0.86425668  0.88054132
vt  0.88092762  0.88487005
vt  0.88092762  0.88054132
vt  0.88925046  0.88487005
vt  0.89749163  0.88487005
vt  0.88925046  0.88054132
vt  0.89749163  0.88054132
vt  0.90558261  0.88054132
vt  0.91344517  0.88487005
vt  0.94596243  0.88487005
vt  0.95431083  0.88487005
vt  0.96263367  0.88054132
vt  0.96263367  0.88487005
vt  0.97087485  0.88054132
vt  0.98682839  0.88487005
vt  0.69329554  0.88487005
vt  0.70924902  0.88760340
vt  0.70924902  0.88487005
vt  0.71749026  0.88760340
vt  0.72581279  0.88760340
vt  0.72581279  0.88487005
vt  0.71749026  0.88487005
vt  0.74248403  0.88487005
vt  0.75072521  0.88487005
vt  0.75881618  0.88487005
vt  0.76667875  0.88760340
vt  0.77454132  0.88760340
vt  0.77454132  0.88487005
vt  0.79087347  0.88760340
vt  0.80754441  0.88487005
vt  0.79919600  0.88487005
vt  0.80754441  0.88760340
vt  0.81586725  0.88760340
vt  0.81586725  0.88487005
vt  0.83219939  0.88487005
vt  0.84006196  0.88760340
vt  0.84006196  0.88487005
vt  0.84792453  0.88487005
vt  0.85601550  0.88487005
vt  0.87257922  0.88487005
vt  0.87257922  0.88760340
vt  0.89749163  0.88760340
vt  0.90558261  0.88487005
vt  0.92130774  0.88487005
vt  0.92130774  0.88760340
vt  0.92939872  0.88760340
vt  0.92939872  0.88487005
vt  0.93763989  0.88760340
vt  0.93763989  0.88487005
vt  0.95431083  0.88760340
vt  0.97087485  0.88760340
vt  0.97896582  0.88487005
vt  0.97087485  0.88487005
vt  0.70115811  0.88760340
vt  0.69329554  0.88760340
vt  0.72581279  0.88904113
vt  0.73416150  0.88760340
vt  0.73416150  0.88904113
vt  0.75072521  0.88760340
vt  0.74248403  0.88760340
vt  0.75881618  0.88904113
vt  0.75881618  0.88760340
vt  0.76667875  0.88904113
vt  0.77454132  0.88904113
vt  0.78263223  0.88760340
vt  0.79087347  0.88904113
vt  0.79919600  0.88904113
vt  0.80754441  0.88904113
vt  0.79919600  0.88760340
vt  0.83219939  0.88760340
vt  0.82410848  0.88760340
vt  0.84792453  0.88904113
vt  0.85601550  0.88760340
vt  0.84792453  0.88760340
vt  0.85601550  0.88904113
vt  0.86425668  0.88760340
vt  0.88092762  0.88904113
vt  0.88092762  0.88760340
vt  0.88925046  0.88760340
vt  0.90558261  0.88760340
vt  0.92130774  0.88904113
vt  0.91344517  0.88760340
vt  0.93763989  0.88904113
vt  0.94596243  0.88760340
vt  0.95431083  0.88904113
vt  0.96263367  0.88760340
vt  0.96263367  0.88904113
vt  0.97087485  0.88904113
vt  0.98682839  0.88760340
vt  0.97896582  0.88760340
vt  0.69329554  0.88904113
vt  0.70115811  0.88978350
vt  0.70924902  0.88904113
vt  0.70115811  0.88904113
vt  0.71749026  0.88978350
vt  0.71749026  0.88904113
vt  0.72581279  0.88978350
vt  0.73416150  0.88978350
vt  0.74248403  0.88978350
vt  0.75072521  0.88904113
vt  0.74248403  0.88904113
vt  0.76667875  0.88978350
vt  0.77454132  0.88978350
vt  0.78263223  0.88904113
vt  0.79087347  0.88978350
vt  0.79919600  0.88978350
vt  0.81586725  0.88904113
vt  0.82410848  0.88904113
vt  0.83219939  0.88978350
vt  0.84006196  0.88904113
vt  0.83219939  0.88904113
vt  0.85601550  0.88978350
vt  0.86425668  0.88904113
vt  0.88092762  0.88978350
vt  0.87257922  0.88904113
vt  0.88925046  0.88978350
vt  0.88925046  0.88904113
vt  0.90558261  0.88978350
vt  0.89749163  0.88904113
vt  0.91344517  0.88978350
vt  0.90558261  0.88904113
vt  0.91344517  0.88904113
vt  0.92939872  0.88904113
vt  0.93763989  0.88978350
vt  0.94596243  0.88904113
vt  0.95431083  0.88978350
vt  0.96263367  0.88978350
vt  0.97896582  0.88978350
vt  0.98682839  0.88978350
vt  0.98682839  0.88904113
vt  0.97896582  0.88904113
vt  0.69329554  0.88978350
vt  0.70924902  0.88978350
vt  0.71749026  0.89062065
vt  0.73416150  0.89062065
vt  0.74248403  0.89062065
vt  0.75881618  0.89062065
vt  0.75072521  0.88978350
vt  0.75881618  0.88978350
vt  0.77454132  0.89062065
vt  0.78263223  0.88978350
vt  0.79087347  0.89062065
vt  0.79919600  0.89062065
vt  0.80754441  0.89062065
vt  0.81586725  0.88978350
vt  0.80754441  0.88978350
vt  0.82410848  0.89062065
vt  0.82410848  0.88978350
vt  0.84792453  0.89062065
vt  0.84792453  0.88978350
vt  0.84006196  0.88978350
vt  0.85601550  0.89062065
vt  0.87257922  0.89062065
vt  0.87257922  0.88978350
vt  0.86425668  0.88978350
vt  0.88092762  0.89062065
vt  0.88925046  0.89062065
vt  0.89749163  0.88978350
vt  0.91344517  0.89062065
vt  0.92130774  0.89062065
vt  0.92130774  0.88978350
vt  0.92939872  0.88978350
vt  0.94596243  0.88978350
vt  0.95431083  0.89062065
vt  0.97087485  0.89062065
vt  0.97087485  0.88978350
vt  0.69329554  0.89113998
vt  0.69329554  0.89062065
vt  0.70115811  0.89113998
vt  0.70924902  0.89062065
vt  0.70115811  0.89062065
vt  0.70924902  0.89113998
vt  0.71749026  0.89113998
vt  0.72581279  0.89062065
vt  0.74248403  0.89113998
vt  0.75072521  0.89062065
vt  0.75881618  0.89113998
vt  0.76667875  0.89113998
vt  0.76667875  0.89062065
vt  0.77454132  0.89113998
vt  0.78263223  0.89062065
vt  0.81586725  0.89062065
vt  0.83219939  0.89113998
vt  0.83219939  0.89062065
vt  0.84006196  0.89062065
vt  0.85601550  0.89113998
vt  0.86425668  0.89062065
vt  0.87257922  0.89113998
vt  0.89749163  0.89062065
vt  0.90558261  0.89113998
vt  0.90558261  0.89062065
vt  0.92939872  0.89062065
vt  0.93763989  0.89113998
vt  0.93763989  0.89062065
vt  0.94596243  0.89062065
vt  0.97087485  0.89113998
vt  0.96263367  0.89062065
vt  0.98682839  0.89113998
vt  0.98682839  0.89062065
vt  0.97896582  0.89062065
vt  0.71749026  0.91166699
vt  0.72581279  0.89113998
vt  0.73416150  0.89113998
vt  0.75072521  0.91166699
vt  0.75072521  0.89113998
vt  0.78263223  0.89113998
vt  0.79919600  0.89113998
vt  0.79087347  0.89113998
vt  0.80754441  0.91166699
vt  0.80754441  0.89113998
vt  0.81586725  0.91166699
vt  0.82410848  0.91166699
vt  0.81586725  0.89113998
vt  0.82410848  0.89113998
vt  0.84792453  0.89113998
vt  0.84006196  0.89113998
vt  0.85601550  0.91166699
vt  0.87257922  0.91166699
vt  0.86425668  0.89113998
vt  0.88092762  0.91166699
vt  0.88925046  0.91166699
vt  0.88925046  0.89113998
vt  0.88092762  0.89113998
vt  0.89749163  0.91166699
vt  0.89749163  0.89113998
vt  0.91344517  0.89113998
vt  0.92130774  0.89113998
vt  0.92939872  0.89113998
vt  0.94596243  0.89113998
vt  0.94596243  0.91166699
vt  0.95431083  0.89113998
vt  0.95431083  0.91166699
vt  0.96263367  0.89113998
vt  0.97087485  0.91166699
vt  0.97896582  0.89113998
vt  0.69329554  0.92824471
vt  0.70115811  0.91166699
vt  0.69329554  0.91166699
vt  0.70115811  0.92824471
vt  0.70924902  0.92824471
vt  0.70924902  0.91166699
vt  0.72581279  0.91166699
vt  0.73416150  0.91166699
vt  0.73416150  0.92824471
vt  0.74248403  0.92824471
vt  0.74248403  0.91166699
vt  0.75072521  0.92824471
vt  0.75881618  0.91166699
vt  0.75881618  0.92824471
vt  0.76667875  0.91166699
vt  0.77454132  0.91166699
vt  0.77454132  0.92824471
vt  0.78263223  0.91166699
vt  0.79087347  0.91166699
vt  0.79919600  0.92824471
vt  0.79919600  0.91166699
vt  0.83219939  0.91166699
vt  0.84006196  0.91166699
vt  0.84792453  0.91166699
vt  0.86425668  0.91166699
vt  0.87257922  0.92824471
vt  0.88092762  0.92824471
vt  0.90558261  0.92824471
vt  0.91344517  0.92824471
vt  0.90558261  0.91166699
vt  0.91344517  0.91166699
vt  0.92130774  0.91166699
vt  0.93763989  0.92824471
vt  0.93763989  0.91166699
vt  0.92939872  0.91166699
vt  0.95431083  0.92824471
vt  0.96263367  0.91166699
vt  0.97087485  0.92824471
vt  0.97896582  0.91166699
vt  0.97896582  0.92824471
vt  0.98682839  0.92824471
vt  0.98682839  0.91166699
vt  0.69329554  0.93343711
vt  0.71749026  0.92824471
vt  0.72581279  0.92824471
vt  0.75881618  0.93343711
vt  0.76667875  0.92824471
vt  0.76667875  0.93343711
vt  0.77454132  0.93343711
vt  0.78263223  0.93343711
vt  0.78263223  0.92824471
vt  0.79919600  0.93343711
vt  0.79087347  0.92824471
vt  0.80754441  0.92824471
vt  0.82410848  0.93343711
vt  0.81586725  0.92824471
vt  0.83219939  0.92824471
vt  0.82410848  0.92824471
vt  0.84006196  0.92824471
vt  0.84792453  0.93343711
vt  0.84792453  0.92824471
vt  0.85601550  0.93343711
vt  0.85601550  0.92824471
vt  0.87257922  0.93343711
vt  0.86425668  0.92824471
vt  0.88092762  0.93343711
vt  0.88925046  0.93343711
vt  0.89749163  0.92824471
vt  0.88925046  0.92824471
vt  0.91344517  0.93343711
vt  0.92939872  0.92824471
vt  0.92130774  0.92824471
vt  0.92939872  0.93343711
vt  0.93763989  0.93343711
vt  0.94596243  0.93343711
vt  0.94596243  0.92824471
vt  0.96263367  0.92824471
vt  0.97896582  0.93343711
vt  0.69329554  0.94897002
vt  0.70115811  0.93343711
vt  0.70924902  0.93343711
vt  0.71749026  0.93343711
vt  0.73416150  0.93343711
vt  0.72581279  0.93343711
vt  0.74248403  0.93343711
vt  0.75072521  0.93343711
vt  0.75881618  0.94897002
vt  0.77454132  0.94897002
vt  0.78263223  0.94897002
vt  0.79087347  0.93343711
vt  0.79919600  0.94897002
vt  0.80754441  0.93343711
vt  0.81586725  0.94897002
vt  0.82410848  0.94897002
vt  0.81586725  0.93343711
vt  0.83219939  0.94897002
vt  0.84006196  0.93343711
vt  0.83219939  0.93343711
vt  0.84792453  0.94897002
vt  0.87257922  0.94897002
vt  0.86425668  0.93343711
vt  0.88092762  0.94897002
vt  0.88925046  0.94897002
vt  0.89749163  0.94897002
vt  0.90558261  0.93343711
vt  0.89749163  0.93343711
vt  0.90558261  0.94897002
vt  0.92130774  0.93343711
vt  0.95431083  0.93343711
vt  0.96263367  0.93343711
vt  0.96263367  0.94897002
vt  0.97087485  0.94897002
vt  0.97896582  0.94897002
vt  0.97087485  0.93343711
vt  0.98682839  0.94897002
vt  0.98682839  0.93343711
vt  0.69329554  0.95153654
vt  0.70115811  0.95153654
vt  0.70115811  0.94897002
vt  0.70924902  0.94897002
vt  0.70924902  0.95153654
vt  0.71749026  0.94897002
vt  0.72581279  0.94897002
vt  0.74248403  0.95153654
vt  0.73416150  0.94897002
vt  0.75072521  0.94897002
vt  0.74248403  0.94897002
vt  0.76667875  0.95153654
vt  0.76667875  0.94897002
vt  0.77454132  0.95153654
vt  0.78263223  0.95153654
vt  0.79087347  0.94897002
vt  0.80754441  0.94897002
vt  0.84006196  0.94897002
vt  0.85601550  0.95153654
vt  0.86425668  0.94897002
vt  0.85601550  0.94897002
vt  0.88092762  0.95153654
vt  0.88925046  0.95153654
vt  0.90558261  0.95153654
vt  0.91344517  0.95153654
vt  0.91344517  0.94897002
vt  0.92130774  0.94897002
vt  0.93763989  0.95153654
vt  0.92939872  0.94897002
vt  0.93763989  0.94897002
vt  0.94596243  0.95153654
vt  0.95431083  0.95153654
vt  0.94596243  0.94897002
vt  0.95431083  0.94897002
vt  0.97896582  0.95153654
vt  0.69329554  0.95519131
vt  0.70924902  0.95519131
vt  0.71749026  0.95153654
vt  0.72581279  0.95519131
vt  0.72581279  0.95153654
vt  0.73416150  0.95519131
vt  0.74248403  0.95519131
vt  0.73416150  0.95153654
vt  0.75072521  0.95519131
vt  0.75881618  0.95519131
vt  0.75072521  0.95153654
vt  0.75881618  0.95153654
vt  0.76667875  0.95519131
vt  0.79919600  0.95519131
vt  0.79087347  0.95153654
vt  0.80754441  0.95153654
vt  0.79919600  0.95153654
vt  0.81586725  0.95153654
vt  0.81586725  0.95519131
vt  0.82410848  0.95153654
vt  0.83219939  0.95519131
vt  0.83219939  0.95153654
vt  0.84006196  0.95153654
vt  0.84792453  0.95153654
vt  0.86425668  0.95153654
vt  0.88092762  0.95519131
vt  0.87257922  0.95153654
vt  0.88925046  0.95519131
vt  0.89749163  0.95519131
vt  0.89749163  0.95153654
vt  0.90558261  0.95519131
vt  0.91344517  0.95519131
vt  0.92130774  0.95153654
vt  0.92939872  0.95153654
vt  0.95431083  0.95519131
vt  0.96263367  0.95519131
vt  0.96263367  0.95153654
vt  0.97087485  0.95519131
vt  0.97087485  0.95153654
vt  0.98682839  0.95153654
vt  0.70115811  0.95519131
vt  0.70115811  0.96102899
vt  0.70924902  0.96102899
vt  0.71749026  0.95519131
vt  0.72581279  0.96102899
vt  0.73416150  0.96102899
vt  0.74248403  0.96102899
vt  0.75072521  0.96102899
vt  0.75881618  0.96102899
vt  0.76667875  0.96102899
vt  0.78263223  0.96102899
vt  0.77454132  0.95519131
vt  0.78263223  0.95519131
vt  0.79919600  0.96102899
vt  0.79087347  0.95519131
vt  0.80754441  0.96102899
vt  0.80754441  0.95519131
vt  0.81586725  0.96102899
vt  0.82410848  0.95519131
vt  0.84006196  0.95519131
vt  0.84792453  0.96102899
vt  0.85601550  0.95519131
vt  0.84792453  0.95519131
vt  0.86425668  0.95519131
vt  0.87257922  0.96102899
vt  0.87257922  0.95519131
vt  0.91344517  0.96102899
vt  0.92130774  0.95519131
vt  0.92130774  0.96102899
vt  0.92939872  0.95519131
vt  0.93763989  0.96102899
vt  0.94596243  0.95519131
vt  0.93763989  0.95519131
vt  0.94596243  0.96102899
vt  0.96263367  0.96102899
vt  0.98682839  0.95519131
vt  0.97896582  0.95519131
vt  0.69329554  0.96997577
vt  0.69329554  0.96102899
vt  0.70924902  0.96997577
vt  0.71749026  0.96102899
vt  0.73416150  0.96997577
vt  0.75072521  0.96997577
vt  0.76667875  0.96997577
vt  0.77454132  0.96997577
vt  0.77454132  0.96102899
vt  0.78263223  0.96997577
vt  0.79087347  0.96997577
vt  0.79087347  0.96102899
vt  0.81586725  0.96997577
vt  0.82410848  0.96997577
vt  0.82410848  0.96102899
vt  0.84006196  0.96102899
vt  0.83219939  0.96102899
vt  0.84006196  0.96997577
vt  0.84792453  0.96997577
vt  0.85601550  0.96102899
vt  0.86425668  0.96102899
vt  0.87257922  0.96997577
vt  0.88092762  0.96102899
vt  0.88925046  0.96102899
vt  0.89749163  0.96102899
vt  0.89749163  0.96997577
vt  0.90558261  0.96102899
vt  0.91344517  0.96997577
vt  0.92130774  0.96997577
vt  0.92939872  0.96102899
vt  0.93763989  0.96997577
vt  0.94596243  0.96997577
vt  0.95431083  0.96997577
vt  0.95431083  0.96102899
vt  0.96263367  0.96997577
vt  0.97087485  0.96102899
vt  0.97896582  0.96997577
vt  0.98682839  0.96102899
vt  0.97896582  0.96102899
vt  0.69329554  0.98179519
vt  0.70115811  0.96997577
vt  0.71749026  0.96997577
vt  0.72581279  0.96997577
vt  0.72581279  0.98179519
vt  0.73416150  0.98179519
vt  0.74248403  0.98179519
vt  0.74248403  0.96997577
vt  0.75881618  0.96997577
vt  0.75881618  0.98179519
vt  0.79087347  0.98179519
vt  0.79919600  0.96997577
vt  0.80754441  0.98179519
vt  0.80754441  0.96997577
vt  0.82410848  0.98179519
vt  0.84006196  0.98179519
vt  0.83219939  0.96997577
vt  0.85601550  0.98179519
vt  0.85601550  0.96997577
vt  0.86425668  0.98179519
vt  0.86425668  0.96997577
vt  0.88092762  0.96997577
vt  0.88092762  0.98179519
vt  0.88925046  0.96997577
vt  0.90558261  0.98179519
vt  0.90558261  0.96997577
vt  0.92130774  0.98179519
vt  0.92939872  0.96997577
vt  0.92939872  0.98179519
vt  0.93763989  0.98179519
vt  0.96263367  0.98179519
vt  0.97087485  0.96997577
vt  0.98682839  0.98179519
vt  0.98682839  0.96997577
vt  0.69329554  0.98682934
vt  0.70115811  0.98682934
vt  0.70924902  0.98179519
vt  0.70115811  0.98179519
vt  0.70924902  0.98682934
vt  0.71749026  0.98682934
vt  0.71749026  0.98179519
vt  0.72581279  0.98682934
vt  0.73416150  0.98682934
vt  0.74248403  0.98682934
vt  0.75072521  0.98682934
vt  0.75881618  0.98682934
vt  0.75072521  0.98179519
vt  0.76667875  0.98682934
vt  0.76667875  0.98179519
vt  0.77454132  0.98682934
vt  0.78263223  0.98682934
vt  0.78263223  0.98179519
vt  0.77454132  0.98179519
vt  0.79087347  0.98682934
vt  0.79919600  0.98682934
vt  0.79919600  0.98179519
vt  0.80754441  0.98682934
vt  0.81586725  0.98179519
vt  0.81586725  0.98682934
vt  0.82410848  0.98682934
vt  0.83219939  0.98179519
vt  0.83219939  0.98682934
vt  0.84006196  0.98682934
vt  0.84792453  0.98682934
vt  0.85601550  0.98682934
vt  0.84792453  0.98179519
vt  0.86425668  0.98682934
vt  0.87257922  0.98682934
vt  0.87257922  0.98179519
vt  0.88092762  0.98682934
vt  0.88925046  0.98682934
vt  0.88925046  0.98179519
vt  0.89749163  0.98682934
vt  0.89749163  0.98179519
vt  0.90558261  0.98682934
vt  0.91344517  0.98682934
vt  0.91344517  0.98179519
vt  0.92130774  0.98682934
vt  0.92939872  0.98682934
vt  0.93763989  0.98682934
vt  0.94596243  0.98682934
vt  0.94596243  0.98179519
vt  0.95431083  0.98179519
vt  0.95431083  0.98682934
vt  0.96263367  0.98682934
vt  0.97087485  0.98179519
vt  0.97087485  0.98682934
vt  0.97896582  0.98682934
vt  0.97896582  0.98179519
vt  0.98682839  0.98682934
vt  0.98682839  0.83407587
vt  0.98463190  0.80753219
vt  0.97804588  0.78179353
vt  0.96723771  0.75764751
vt  0.95255345  0.73583096
vt  0.91349417  0.70171160
vt  0.86556441  0.68360817
vt  0.84006137  0.68132240
vt  0.76662856  0.70171160
vt  0.72756958  0.73583096
vt  0.71288532  0.75764751
vt  0.70207745  0.78179353
vt  0.69329554  0.83407587
vt  0.70207804  0.88635820
vt  0.72757047  0.93232077
vt  0.74566823  0.95115680
vt  0.76662976  0.96643984
vt  0.78982967  0.97768885
vt  0.81455952  0.98454356
vt  0.84006256  0.98682934
vt  0.91349536  0.96643984
vt  0.93445683  0.95115680
vt  0.95255429  0.93232077
vt  0.96723861  0.91050422
vt  0.97804648  0.88635820
vt  0.98463219  0.86061954
vt  0.89029568  0.97768885
vt  0.86556584  0.98454356
vt  0.71288621  0.91050422
vt  0.69549203  0.86061954
vt  0.69549173  0.80753219
vt  0.74566710  0.71699524
vt  0.78982824  0.69046289
vt  0.81455809  0.68360817
vt  0.89029425  0.69046289
vt  0.93445569  0.71699524
vt  0.67416197  0.66032898
vt  0.67721099  0.62753898
vt  0.67112100  0.64117599
vt  0.67756999  0.60278499
vt  0.68905699  0.60306400
vt  0.64712602  0.68006700
vt  0.65788102  0.67950201
vt  0.65085298  0.68846899
vt  0.64464402  0.67034203
vt  0.62984699  0.66089302
vt  0.67130297  0.66937399
vt  0.66939199  0.66878599
vt  0.66992199  0.66645002
vt  0.66849703  0.66323602
vt  0.66873503  0.66981399
vt  0.66743100  0.66576397
vt  0.65457302  0.65407300
vt  0.66610098  0.66677701
vt  0.61657399  0.63300800
vt  0.65089500  0.65771800
vt  0.57843399  0.60152799
vt  0.61081702  0.64255798
vt  0.56014800  0.63368899
vt  0.56816101  0.61692399
vt  0.52499998  0.59140098
vt  0.51369101  0.61457402
vt  0.50581098  0.63895601
vt  0.45129800  0.65862900
vt  0.45718500  0.62634403
vt  0.36064801  0.60059398
vt  0.40879399  0.61361200
vt  0.40149301  0.65270901
vt  0.35185099  0.64661902
vt  0.29935101  0.69377398
vt  0.34931001  0.69335502
vt  0.30333799  0.74743098
vt  0.36282501  0.78562099
vt  0.31413299  0.79999602
vt  0.26551199  0.81390601
vt  0.25377199  0.75431502
vt  0.21688800  0.82708800
vt  0.33160800  0.85047501
vt  0.28440899  0.87095302
vt  0.23722100  0.89121801
vt  0.85242897  0.22579400
vt  0.86795598  0.17852201
vt  0.93773103  0.20361701
vt  0.91567397  0.24966200
vt  0.88275999  0.13122500
vt  0.72331202  0.15143800
vt  0.72806400  0.05230500
vt  0.80473101  0.11057700
vt  0.82306600  0.01487700
vt  0.81482500  0.06258400
vt  0.73190099  0.00292900
vt  0.55709600  0.06413600
vt  0.64352500  0.00195300
vt  0.54719597  0.01562000
vt  0.39152199  0.12225100
vt  0.36845499  0.07788200
vt  0.45589399  0.04084900
vt  0.28815600  0.12788700
vt  0.21390000  0.18847799
vt  0.14975999  0.25760400
vt  0.13979800  0.36016601
vt  0.05450700  0.42076400
vt  0.09764100  0.33606899
vt  0.10004400  0.44013399
vt  0.07281300  0.52137500
vt  0.02434000  0.50898302
vt  0.05104000  0.69332403
vt  0.00195300  0.69283903
vt  0.00748900  0.60027897
vt  0.05680000  0.77854401
vt  0.02350800  0.87357700
vt  0.00722700  0.78435498
vt  0.09520100  0.94802898
vt  0.04793200  0.96351898
vt  0.97861803  0.11113800
vt  0.99804699  0.06602400
vt  0.89741403  0.08353100
vt  0.91159898  0.03454400
vt  0.14190000  0.92904699
vt  0.95937699  0.15745100
vt  0.07175600  0.86301100
vt  0.12034600  0.85185897
vt  0.15524399  0.76687598
vt  0.18973900  0.91046703
vt  0.10595500  0.77268499
vt  0.20440800  0.76080000
vt  0.16844299  0.83985502
vt  0.15017401  0.69300097
vt  0.15463400  0.61985499
vt  0.19987100  0.69353902
vt  0.25320801  0.63346601
vt  0.24950500  0.69378901
vt  0.20386200  0.62666500
vt  0.30243301  0.64012998
vt  0.37543401  0.55629098
vt  0.31259599  0.58743203
vt  0.32957000  0.53668499
vt  0.42135099  0.57583898
vt  0.43904001  0.54032397
vt  0.48196000  0.56586701
vt  0.46743399  0.59531403
vt  0.46149600  0.50753099
vt  0.52289897  0.51437300
vt  0.50057203  0.53876901
vt  0.55748302  0.55061197
vt  0.60645801  0.57514501
vt  0.59163100  0.58705801
vt  0.53955102  0.57006001
vt  0.63415200  0.61620200
vt  0.62503201  0.62351298
vt  0.62232202  0.56545502
vt  0.65523899  0.60552400
vt  0.64479601  0.60985798
vt  0.66213298  0.64928597
vt  0.65813398  0.65097600
vt  0.66625702  0.60307503
vt  0.67068797  0.66202801
vt  0.66616100  0.64596897
vt  0.64826000  0.50374800
vt  0.63963199  0.55824101
vt  0.65761900  0.55367100
vt  0.63854003  0.45437199
vt  0.59966397  0.52060199
vt  0.62338799  0.51047403
vt  0.59013897  0.41584000
vt  0.57759899  0.53400600
vt  0.54865003  0.49313599
vt  0.57674599  0.47603399
vt  0.49061999  0.41165501
vt  0.55358303  0.43164799
vt  0.48879999  0.47783700
vt  0.51976502  0.45234600
vt  0.42015499  0.40505701
vt  0.45454201  0.44142199
vt  0.38372201  0.44489199
vt  0.42265499  0.47615600
vt  0.39617801  0.51456499
vt  0.35338101  0.48890001
vt  0.30588701  0.38246700
vt  0.28379500  0.51696801
vt  0.26769900  0.43746099
vt  0.31061599  0.46316299
vt  0.22463299  0.41194201
vt  0.26460901  0.57416600
vt  0.21674301  0.56087297
vt  0.23809101  0.49730399
vt  0.12087600  0.53463000
vt  0.16895200  0.54766297
vt  0.05645100  0.60597998
vt  0.10565300  0.61306798
vt  0.18109900  0.38638699
vt  0.19234900  0.47775400
vt  0.14654100  0.45832101
vt  0.18971300  0.28890899
vt  0.26713899  0.35141501
vt  0.31736401  0.29620400
vt  0.37442201  0.24914300
vt  0.34477100  0.41362500
vt  0.35159400  0.33243200
vt  0.43249801  0.33041999
vt  0.46152201  0.37104699
vt  0.38587400  0.36868399
vt  0.57325000  0.36882100
vt  0.53037900  0.38741699
vt  0.50715399  0.34317699
vt  0.55618399  0.32187799
vt  0.61821401  0.35637701
vt  0.66802502  0.40005001
vt  0.62862903  0.40529999
vt  0.60681200  0.46304801
vt  0.67116100  0.45018899
vt  0.70383102  0.45048600
vt  0.69444299  0.55232501
vt  0.69946098  0.50110400
vt  0.67377400  0.50064200
vt  0.71271002  0.55551600
vt  0.67585301  0.55164897
vt  0.71021301  0.60993803
vt  0.70002598  0.60560399
vt  0.68565702  0.64838398
vt  0.68201703  0.64245999
vt  0.67156202  0.66697598
vt  0.67548001  0.66375297
vt  0.68897802  0.65170401
vt  0.67573798  0.66618299
vt  0.67600602  0.66766798
vt  0.67064399  0.67127901
vt  0.66887897  0.67614198
vt  0.66770703  0.67081302
vt  0.66886997  0.67231798
vt  0.66509199  0.67356902
vt  0.66493303  0.67022502
vt  0.66557300  0.66851598
vt  0.64651197  0.67531800
vt  0.66572398  0.67175400
vt  0.60260701  0.67426199
vt  0.64667100  0.68478203
vt  0.60527802  0.69605601
vt  0.60313702  0.68520200
vt  0.50339401  0.71527201
vt  0.55170202  0.68775803
vt  0.55408603  0.70614898
vt  0.50970799  0.74010497
vt  0.51948798  0.76357400
vt  0.47254601  0.78601497
vt  0.77227300  0.52354300
vt  0.74929798  0.51267701
vt  0.79729599  0.47803101
vt  0.76770800  0.46454999
vt  0.82169598  0.43245199
vt  0.80298102  0.36877400
vt  0.78567302  0.41664201
vt  0.73631001  0.45527399
vt  0.74730098  0.40578699
vt  0.70791698  0.40020299
vt  0.75800902  0.35641700
vt  0.76803797  0.30722299
vt  0.71153402  0.35014600
vt  0.71482998  0.30033901
vt  0.66106403  0.30040699
vt  0.71783000  0.25057599
vt  0.65342700  0.20128800
vt  0.65728301  0.25084499
vt  0.60786599  0.30760401
vt  0.58683997  0.21024901
vt  0.59733301  0.25891900
vt  0.53918600  0.27493599
vt  0.57638198  0.16150901
vt  0.56643802  0.11309800
vt  0.46066201  0.25483301
vt  0.50533903  0.18114100
vt  0.47150201  0.08744800
vt  0.48866901  0.13370900
vt  0.41447699  0.16653600
vt  0.31676501  0.16807801
vt  0.34547701  0.20864300
vt  0.28298500  0.25975299
vt  0.40345499  0.28973600
vt  0.43754801  0.21070600
vt  0.64340299  0.05239000
vt  0.64609498  0.10222100
vt  0.48384801  0.29898801
vt  0.52221203  0.22803900
vt  0.72592098  0.10193500
vt  0.64966202  0.15191101
vt  0.79612601  0.15999401
vt  0.78712201  0.20903701
vt  0.72062600  0.20100901
vt  0.77785498  0.25816700
vt  0.83649898  0.27329001
vt  0.66467297  0.35019401
vt  0.89277202  0.29541799
vt  0.82010603  0.32102501
vt  0.86943102  0.34113500
vt  0.84590900  0.38687101
vt  0.41169399  0.77102798
vt  0.42561501  0.80790001
vt  0.37865800  0.82954502
vt  0.72480702  0.50512397
vt  0.73023301  0.56109703
vt  0.35309201  0.74002200
vt  0.46061701  0.75576401
vt  0.55922103  0.72376299
vt  0.61400098  0.71635902
vt  0.56664902  0.74052799
vt  0.74678802  0.56932497
vt  0.69289601  0.65317500
vt  0.72016299  0.61535501
vt  0.40294501  0.73219502
vt  0.39948601  0.69254100
vt  0.44990799  0.69143599
vt  0.45299700  0.72399098
vt  0.50059301  0.68989199
vt  0.60890502  0.70650798
vt  0.50138903  0.66420102
vt  0.55190003  0.66947901
vt  0.55464798  0.65149599
vt  0.60591501  0.65262800
vt  0.60358500  0.66360599
vt  0.65374202  0.69212300
vt  0.66688901  0.67601001
vt  0.22861899  0.32038701
vt  0.24766700  0.22486299
vt  0.10023700  0.69253999
vt  0.64631599  0.66105902

vn  0.85309303  0.18620101  0.48740301
vn  0.84534800  0.22786701  0.48317999
vn  0.82315201  0.31723201  0.47093999
vn  0.79113102  0.41084900  0.45311600
vn  0.75318998  0.49617401  0.43187600
vn  0.70950198  0.57505798  0.40732801
vn  0.65276998  0.65802401  0.37536001
vn  0.58361900  0.73911500  0.33630100
vn  0.51192200  0.80652499  0.29572600
vn  0.43509701  0.86434799  0.25217599
vn  0.34682399  0.91590500  0.20206800
vn  0.26190299  0.95275801  0.15381300
vn  0.18459500  0.97665799  0.10983400
vn  0.09109200  0.99423403  0.05658500
vn -0.00784100  0.99996901  0.00019300
vn -0.09521900  0.99421698 -0.04966700
vn -0.18001300  0.97876000 -0.09810400
vn -0.26008400  0.95480603 -0.14388201
vn -0.33016601  0.92581803 -0.18398599
vn -0.39441499  0.89201498 -0.22078601
vn -0.46068501  0.84899902 -0.25878599
vn -0.55768400  0.76817101 -0.31448701
vn -0.70285302  0.58949798 -0.39810801
vn -0.70877200  0.58002102 -0.40152001
vn -0.58864099  0.73694903 -0.33227599
vn -0.52838701  0.79512000 -0.29764399
vn -0.56256300  0.76344901 -0.31728300
vn -0.64145201  0.67601597 -0.36268601
vn -0.70202500  0.59080601 -0.39762899
vn -0.75446498  0.49762300 -0.42796499
vn -0.79589999  0.40274599 -0.45203799
vn -0.83063400  0.29483801 -0.47235399
vn -0.85733497  0.16322599 -0.48819500
vn -0.86523300  0.09104100 -0.49303499
vn  0.53354502  0.11453800  0.83797997
vn  0.53029102  0.15673301  0.83320200
vn  0.51986200  0.24770001  0.81755000
vn  0.50352103  0.34372801  0.79266500
vn  0.48322201  0.43197799  0.76150602
vn  0.45913801  0.51428401  0.72436398
vn  0.42715201  0.60174799  0.67486399
vn  0.38742700  0.68837500  0.61322099
vn  0.34562501  0.76157898  0.54821599
vn  0.30030999  0.82564998  0.47761500
vn  0.24770200  0.88442397  0.39552200
vn  0.19662900  0.92825001  0.31573600
vn  0.14976700  0.95853001  0.24246600
vn  0.09266700  0.98385799  0.15308800
vn  0.03179900  0.99782801  0.05769200
vn -0.02235500  0.99937803 -0.02727600
vn -0.07527500  0.99103600 -0.11036800
vn -0.12559800  0.97382700 -0.18943700
vn -0.16993600  0.95076400 -0.25917199
vn -0.21084499  0.92241198 -0.32357600
vn -0.25335899  0.88502198 -0.39057100
vn -0.31619400  0.81252098 -0.48972601
vn -0.41236201  0.64645803 -0.64191097
vn -0.41633999  0.63754898 -0.64822203
vn -0.33641201  0.78401500 -0.52167797
vn -0.29712099  0.83694398 -0.45961201
vn -0.31937301  0.80822802 -0.49474099
vn -0.37128100  0.72762001 -0.57681799
vn -0.41179600  0.64770299 -0.64101899
vn -0.44758901  0.55914700 -0.69786698
vn -0.47665301  0.46799001 -0.74416900
vn -0.50205201  0.36328501 -0.78483599
vn -0.52336001  0.23426500 -0.81927598
vn -0.53088200  0.16293900 -0.83163399
vn -0.32770199  0.20723100  0.92177403
vn -0.32461300  0.24869899  0.91256499
vn -0.31584099  0.33750001  0.88675702
vn -0.30328101  0.43030900  0.85020900
vn -0.28846100  0.51468199  0.80739897
vn -0.27144301  0.59247202  0.75848198
vn -0.24939799  0.67402297  0.69533700
vn -0.22258300  0.75338900  0.61875898
vn -0.19482701  0.81901902  0.53967601
vn -0.16512500  0.87493902  0.45521000
vn -0.13102800  0.92430902  0.35844800
vn -0.09826300  0.95904899  0.26564801
vn -0.06845700  0.98103702  0.18133201
vn -0.03243200  0.99630398  0.07954400
vn  0.00564000  0.99959499 -0.02787400
vn  0.03924200  0.99168599 -0.12255200
vn  0.07182300  0.97413898 -0.21423200
vn  0.10255900  0.94821203 -0.30062401
vn  0.12944099  0.91749901 -0.37608600
vn  0.15407200  0.88211602 -0.44512200
vn  0.17945801  0.83747202 -0.51617301
vn  0.21656500  0.75425899 -0.61983299
vn  0.27196199  0.57194799 -0.77389401
vn  0.27418399  0.56245399 -0.78004402
vn  0.22836000  0.72236502 -0.65271801
vn  0.20536999  0.78191203 -0.58858901
vn  0.21842700  0.74942100 -0.62502599
vn  0.24854600  0.66005898 -0.70890599
vn  0.27162299  0.57336903 -0.77296102
vn  0.29154900  0.47890601 -0.82803899
vn  0.30724299  0.38302201 -0.87114602
vn  0.32032499  0.27427801 -0.90673202
vn  0.33025101  0.14202800 -0.93314600
vn  0.33309999  0.06965600 -0.94031501
vn -0.75511998  0.11997800  0.64451498
vn -0.75066602  0.16214100  0.64047700
vn -0.73623902  0.25300401  0.62764698
vn -0.71346802  0.34886500  0.60766500
vn -0.68506801  0.43690899  0.58291698
vn -0.65129399  0.51897502  0.55360800
vn -0.60636002  0.60611701  0.51473302
vn -0.55048102  0.69234401  0.46650901
vn -0.49161699  0.76511902  0.41581899
vn -0.42774901  0.82872099  0.36090401
vn -0.35352901  0.88696700  0.29716399
vn -0.28143901  0.93027598  0.23532601
vn -0.21527199  0.96007699  0.17863400
vn -0.13459399  0.98482400  0.10957200
vn -0.04854400  0.99817300  0.03597100
vn  0.02805600  0.99917102 -0.02948800
vn  0.10294900  0.99028999 -0.09342200
vn  0.17418601  0.97256702 -0.15418300
vn  0.23697799  0.94905198 -0.20770299
vn  0.29494700  0.92028099 -0.25707901
vn  0.35521001  0.88246101 -0.30836400
vn  0.44435400  0.80932200 -0.38411999
vn  0.58097202  0.64230001 -0.49992201
vn  0.58661997  0.63336998 -0.50469798
vn  0.47307199  0.78060001 -0.40849400
vn  0.41731501  0.83391798 -0.36114901
vn  0.44886899  0.80499202 -0.38795000
vn  0.52258700  0.72385401 -0.45048699
vn  0.58019000  0.64352000 -0.49926099
vn  0.63113999  0.55459100 -0.54230201
vn  0.67256999  0.46313599 -0.57719600
vn  0.70886701  0.35817999 -0.60763001
vn  0.73946899  0.22894000 -0.63306600
vn  0.75036299  0.15753201 -0.64198101
vn -0.77350301  0.56708097  0.28304201
vn -0.75017399  0.60163897  0.27435100
vn -0.69461900  0.67316401  0.25368300
vn -0.62775397  0.74401098  0.22885200
vn -0.55815297  0.80450898  0.20305000
vn -0.48528799  0.85644299  0.17607100
vn -0.39798200  0.90605497  0.14378400
vn -0.29911599  0.94816899  0.10726300
vn -0.20288000  0.97657102  0.07175200
vn -0.10517200  0.99381202  0.03573200
vn  0.00151900  0.99999201 -0.00356100
vn  0.09933000  0.99426800 -0.03955000
vn  0.18474200  0.98022300 -0.07094900
vn  0.28383100  0.95284700 -0.10734300
vn  0.38381299  0.91210997 -0.14402600
vn  0.46805000  0.86622202 -0.17489700
vn  0.54607898  0.81265098 -0.20345999
vn  0.61624199  0.75349498 -0.22911000
vn  0.67463899  0.69436800 -0.25042999
vn  0.72545701  0.63354301 -0.26895401
vn  0.77480102  0.56335402 -0.28690600
vn  0.84030902  0.44426399 -0.31066099
vn  0.91667098  0.21311000 -0.33807901
vn  0.91894299  0.20174700 -0.33888301
vn  0.85916299  0.40130800 -0.31747600
vn  0.82149702  0.48250800 -0.30385599
vn  0.84336603  0.43764400 -0.31177101
vn  0.88849199  0.32090101 -0.32803199
vn  0.91633999  0.21471100 -0.33796400
vn  0.93314701  0.10499500 -0.34382200
vn  0.93843597 -0.00115500 -0.34545001
vn  0.93220103 -0.11611600 -0.34281000
vn  0.90910703 -0.24905799 -0.33390900
vn  0.88976902 -0.31883699 -0.32657999
vn -0.81597000  0.57190901 -0.08434200
vn -0.79099399  0.60631698 -0.08190600
vn -0.73158598  0.67749000 -0.07608300
vn -0.66018701  0.74792099 -0.06904200
vn -0.58596802  0.80798298 -0.06168600
vn -0.50835198  0.85945702 -0.05396100
vn -0.41544700  0.90851903 -0.04467900
vn -0.31033200  0.95001501 -0.03413800
vn -0.20809300  0.97781801 -0.02384500
vn -0.10437400  0.99444801 -0.01336600
vn  0.00876600  0.99996001 -0.00191000
vn  0.11241200  0.99362397  0.00861200
vn  0.20287500  0.97904199  0.01782500
vn  0.30772001  0.95104897  0.02853400
vn  0.41342101  0.90968901  0.03936800
vn  0.50239599  0.86327600  0.04851500
vn  0.58473498  0.80921900  0.05701200
vn  0.65869701  0.74962300  0.06467800
vn  0.72018301  0.69013399  0.07108000
vn  0.77362198  0.62899101  0.07667000
vn  0.82544702  0.55847299  0.08212300
vn  0.89403099  0.43899199  0.08941300
vn  0.97332603  0.20739099  0.09810500
vn  0.97566402  0.19596300  0.09837600
vn  0.91371500  0.39591399  0.09153200
vn  0.87435001  0.47737801  0.08731000
vn  0.89722198  0.43236101  0.08975600
vn  0.94422698  0.31534001  0.09485100
vn  0.97299099  0.20897600  0.09806700
vn  0.99002397  0.09915600  0.10010300
vn  0.99487197 -0.00702400  0.10089300
vn  0.98743999 -0.12194300  0.10046200
vn  0.96200597 -0.25473601  0.09825300
vn  0.94100702 -0.32438999  0.09631800
vn -0.77532202  0.11197300 -0.62155998
vn -0.77078599  0.15418300 -0.61815500
vn -0.75605297  0.24519800 -0.60684597
vn -0.73275900  0.34130201 -0.58870798
vn -0.70368201  0.42964500 -0.56589597
vn -0.66908002  0.51206601 -0.53862798
vn -0.62302297  0.59968698 -0.50221300
vn -0.56572998  0.68650502 -0.45679399
vn -0.50536400  0.75990403 -0.40884301
vn -0.43984899  0.82418698 -0.35671800
vn -0.36370400  0.88321698 -0.29605201
vn -0.28972399  0.92729300 -0.23703900
vn -0.22182500  0.95779401 -0.18282300
vn -0.13903899  0.98339200 -0.11665800
vn -0.05069800  0.99765497 -0.04598100
vn  0.02795000  0.99946499  0.01699800
vn  0.10483500  0.99137700  0.07861900
vn  0.17797799  0.97441000  0.13729100
vn  0.24246299  0.95156097  0.18906000
vn  0.30200100  0.92340398  0.23689599
vn  0.36385500  0.88625598  0.28663400
vn  0.45542699  0.81407899  0.36036399
vn  0.59600002  0.64827299  0.47384200
vn  0.60177499  0.63944399  0.47851601
vn  0.48492101  0.78567702  0.38413900
vn  0.42767799  0.83835602  0.33800900
vn  0.46011800  0.80974698  0.36414501
vn  0.53586799  0.72939098  0.42524600
vn  0.59507602  0.64966601  0.47309500
vn  0.64745897  0.56127602  0.51552498
vn  0.69006699  0.47026700  0.55014098
vn  0.72742301  0.36569601  0.58062297
vn  0.75895298  0.23677500  0.60657102
vn  0.77019799  0.16548200  0.61596298
vn -0.25238001  0.18548100 -0.94968498
vn -0.24995300  0.22715200 -0.94123602
vn -0.24309100  0.31653699 -0.91690302
vn -0.23330200  0.41018301 -0.88165802
vn -0.22178499  0.49553400 -0.83979601
vn -0.20858300  0.57445800 -0.79151201
vn -0.19149899  0.65747499 -0.72873503
vn -0.17074201  0.73861700 -0.65214503
vn -0.14927100  0.80608600 -0.57266301
vn -0.12630600  0.86398101 -0.48742500
vn -0.09997100  0.91561502 -0.38942900
vn -0.07468900  0.95253199 -0.29513499
vn -0.05169100  0.97649699 -0.20923901
vn -0.02389600  0.99415499 -0.10528200
vn  0.00546100  0.99997401  0.00473600
vn  0.03134800  0.99429500  0.10195400
vn  0.05644000  0.97891003  0.19634201
vn  0.08011200  0.95502400  0.28550300
vn  0.10080700  0.92609501  0.36357301
vn  0.11975200  0.89234602  0.43517601
vn  0.13926899  0.84938598  0.50906497
vn  0.16778000  0.76862401  0.61730701
vn  0.21027000  0.59002399  0.77952403
vn  0.21198800  0.58060801  0.78610098
vn  0.17684500  0.73749399  0.65178901
vn  0.15916800  0.79558200  0.58456397
vn  0.16920900  0.76392400  0.62272698
vn  0.19232801  0.67655498  0.71083301
vn  0.21002200  0.59139502  0.77855200
vn  0.22527900  0.49825600  0.83725202
vn  0.23726800  0.40341601  0.88371903
vn  0.24722899  0.29554400  0.92278498
vn  0.25473300  0.16395099  0.95301199
vn  0.25684801  0.09176800  0.96208501
vn  0.10995600 -0.04374300 -0.99297303
vn  0.11025000 -0.00116500 -0.99390298
vn  0.11019700  0.09162900 -0.98967701
vn  0.10906800  0.19115201 -0.97548199
vn  0.10696700  0.28416499 -0.95279002
vn  0.10397100  0.37243000 -0.92221802
vn  0.09950100  0.46810001 -0.87805599
vn  0.09345500  0.56521702 -0.81963098
vn  0.08668900  0.64970601 -0.75522602
vn  0.07900800  0.72622198 -0.68290502
vn  0.06974100  0.79965001 -0.59640199
vn  0.06044700  0.85788703 -0.51027000
vn  0.05169700  0.90152502 -0.42962900
vn  0.04077700  0.94327301 -0.32950300
vn  0.02884100  0.97493100 -0.22063001
vn  0.01797600  0.99237001 -0.12198100
vn  0.00713700  0.99968702 -0.02397600
vn -0.00337700  0.99749100  0.07071300
vn -0.01281700  0.98776501  0.15542300
vn -0.02168900  0.97181398  0.23474900
vn -0.03108200  0.94743401  0.31843799
vn -0.04536000  0.89437503  0.44501299
vn -0.06846400  0.75872302  0.64780498
vn -0.06945400  0.75118399  0.65642798
vn -0.05006300  0.87223703  0.48651499
vn -0.04097500  0.91285199  0.40622899
vn -0.04609800  0.89106399  0.45153001
vn -0.05835900  0.82679999  0.55945998
vn -0.06831200  0.75986499  0.64648199
vn -0.07750800  0.68302399  0.72627199
vn -0.08540600  0.60164702  0.79418302
vn -0.09287200  0.50582898  0.85762000
vn -0.10006200  0.38481700  0.91755301
vn -0.10317900  0.31666800  0.94290799
vn  0.69020700  0.15490399 -0.70683700
vn  0.68510002  0.19682699 -0.70135301
vn  0.66966200  0.28695300 -0.68498999
vn  0.64644498  0.38168901 -0.66062301
vn  0.61825103  0.46834800 -0.63120198
vn  0.58526599  0.54878598 -0.59690702
vn  0.54191297  0.63377899 -0.55195498
vn  0.48854101  0.71734798 -0.49672899
vn  0.43276000  0.78734100 -0.43910599
vn  0.37259200  0.84794301 -0.37705100
vn  0.30305800  0.90269798 -0.30543700
vn  0.23584200  0.94262898 -0.23628400
vn  0.17438599  0.96934301 -0.17310099
vn  0.09974700  0.99032903 -0.09643400
vn  0.02043400  0.99967802 -0.01505700
vn -0.04990900  0.99712300  0.05705200
vn -0.11843100  0.98477602  0.12724400
vn -0.18338700  0.96376300  0.19372700
vn -0.24045099  0.93735403  0.25209200
vn -0.29295900  0.90591902  0.30575499
vn -0.34733999  0.86535102  0.36127901
vn -0.42741099  0.78811997  0.44293001
vn -0.54879200  0.61485600  0.56637400
vn -0.55376101  0.60566700  0.57141501
vn -0.45307800  0.75808799  0.46906701
vn -0.40317500  0.81396502  0.41822499
vn -0.43145499  0.78357702  0.44705001
vn -0.49715999  0.69907898  0.51392603
vn -0.54809302  0.61613101  0.56566399
vn -0.59270698  0.52491599  0.61087000
vn -0.62852597  0.43160900  0.64704603
vn -0.65930802  0.32503900  0.67798501
vn -0.68427300  0.19447900  0.70281500
vn -0.69254702  0.12262400  0.71087497
vn  0.87882102  0.39558500 -0.26680899
vn  0.86195201  0.43433401 -0.26152000
vn  0.81977099  0.51604098 -0.24834800
vn  0.76615798  0.59943801 -0.23168001
vn  0.70788199  0.67325097 -0.21362400
vn  0.64474601  0.73934001 -0.19411200
vn  0.56676000  0.80613899 -0.17006600
vn  0.47580799  0.86799800 -0.14207900
vn  0.38491401  0.91586500 -0.11416200
vn  0.29045999  0.95308697 -0.08519600
vn  0.18499900  0.98131400 -0.05290300
vn  0.08620000  0.99601901 -0.02269300
vn -0.00181300  0.99998999  0.00418600
vn -0.10593800  0.99372298  0.03594600
vn -0.21344700  0.97453701  0.06869200
vn -0.30619901  0.94702297  0.09690300
vn -0.39417300  0.91068399  0.12362300
vn -0.47533101  0.86722898  0.14823800
vn -0.54471999  0.82136101  0.16925099
vn -0.60684901  0.77225399  0.18803699
vn -0.66932398  0.71358299  0.20689300
vn -0.75697201  0.61039197  0.23327200
vn -0.87636501  0.39956400  0.26894799
vn -0.88078701  0.38881299  0.27025899
vn -0.78382498  0.57217002  0.24132900
vn -0.73101598  0.64403301  0.22547100
vn -0.76123399  0.60457200  0.23455100
vn -0.82810801  0.49942499  0.25458100
vn -0.87574703  0.40103900  0.26876500
vn -0.91300797  0.29690099  0.27976000
vn -0.93809497  0.19386700  0.28704301
vn -0.95330697  0.07979000  0.29127300
vn -0.95502299 -0.05542400  0.29130501
vn -0.94871199 -0.12789699  0.28911600
vn  0.98307598  0.18319100 -0.00141100
vn  0.97438502  0.22488301 -0.00122400
vn  0.94931400  0.31432700 -0.00080700
vn  0.91295701  0.40805501 -0.00034900
vn  0.86973900  0.49351200  0.00009300
vn  0.81986898  0.57255101  0.00052300
vn  0.75500602  0.65571702  0.00100300
vn  0.67583603  0.73705000  0.00150700
vn  0.59366399  0.80471098  0.00196200
vn  0.50552899  0.86280602  0.00239100
vn  0.40419099  0.91466999  0.00282400
vn  0.30664000  0.95182002  0.00318800
vn  0.21775600  0.97599697  0.00348200
vn  0.11021200  0.99390101  0.00379000
vn -0.00364000  0.99998498  0.00406500
vn -0.10426500  0.99453998  0.00426400
vn -0.20196401  0.97938299  0.00441700
vn -0.29427201  0.95571101  0.00452300
vn -0.37510401  0.92697102  0.00458400
vn -0.44925299  0.89339298  0.00461100
vn -0.52571100  0.85065103  0.00460500
vn -0.63782102  0.77017099  0.00452500
vn -0.80599099  0.59191298  0.00417300
vn -0.81283599  0.58247697  0.00415300
vn -0.67368299  0.73900700  0.00448000
vn -0.60402000  0.79695600  0.00455900
vn -0.64350897  0.76542503  0.00451800
vn -0.73479700  0.67827302  0.00436500
vn -0.80498999  0.59327400  0.00417400
vn -0.86585897  0.50027299  0.00393000
vn -0.91406798  0.40554401  0.00365200
vn -0.95463401  0.29776499  0.00330400
vn -0.98607999  0.16624799  0.00283900
vn -0.99556100  0.09408700  0.00256700
vn  0.93097299 -0.36508599 -0.00141300
vn  0.94567400 -0.32511300 -0.00122600
vn  0.97176200 -0.23596001 -0.00080900
vn  0.99054402 -0.13719600 -0.00034800
vn  0.99912500 -0.04181800  0.00009400
vn  0.99866599  0.05163700  0.00052500
vn  0.98767298  0.15652899  0.00100500
vn  0.96357298  0.26743999  0.00150800
vn  0.92968500  0.36835101  0.00196400
vn  0.88567603  0.46429801  0.00239500
vn  0.82715702  0.56196398  0.00282600
vn  0.76407701  0.64511800  0.00318800
vn  0.70148802  0.71267200  0.00348100
vn  0.61971700  0.78481603  0.00378900
vn  0.52635401  0.85025603  0.00406400
vn  0.43810999  0.89891100  0.00426600
vn  0.34720200  0.93778002  0.00442400
vn  0.25636199  0.96657002  0.00452600
vn  0.17257200  0.98498601  0.00458700
vn  0.09188600  0.99575901  0.00461800
vn  0.00435000  0.99997997  0.00460800
vn -0.13340200  0.99105197  0.00452200
vn -0.37035900  0.92887902  0.00416800
vn -0.38108301  0.92453200  0.00414500
vn -0.18018000  0.98362303  0.00447500
vn -0.09044900  0.99589097  0.00455700
vn -0.14065900  0.99004799  0.00452000
vn -0.26424700  0.96444499  0.00437600
vn -0.36879000  0.92950302  0.00418500
vn -0.46966499  0.88283598  0.00393200
vn -0.56072903  0.82799101  0.00365300
vn -0.65220499  0.75803602  0.00330900
vn -0.74850899  0.66311902  0.00284200
vn -0.79475802  0.60692102  0.00256700
vn -0.91835803  0.39312801 -0.04547800
vn -0.91184402  0.39033899  0.12718700
vn -0.92710298  0.35251001  0.12734100
vn -0.93374699  0.35503599 -0.04545100
vn -0.87756699  0.37566799  0.29791000
vn -0.89219201  0.33923599  0.29818201
vn -0.81632698  0.34945399  0.45988199
vn -0.82983398  0.31552699  0.46023601
vn -0.73041499  0.31267899  0.60722899
vn -0.74239498  0.28228101  0.60759097
vn -0.62254602  0.26650399  0.73580700
vn -0.63265198  0.24055500  0.73612797
vn -0.49548000  0.21211199  0.84232301
vn -0.50343901  0.19142500  0.84255898
vn -0.35271099  0.15099500  0.92346901
vn -0.35831800  0.13624600  0.92360401
vn -0.19943200  0.08537700  0.97618502
vn -0.20256300  0.07702300  0.97623599
vn -0.04182900  0.01790700  0.99896401
vn -0.04244500  0.01614100  0.99896801
vn  0.11702600 -0.05010100  0.99186403
vn  0.11893800 -0.04522200  0.99187100
vn  0.27407700 -0.11733900  0.95452303
vn  0.27850401 -0.10589500  0.95457900
vn  0.42303500 -0.18111300  0.88782901
vn  0.42988601 -0.16345599  0.88796401
vn  0.55848902 -0.23910800  0.79430300
vn  0.56759697 -0.21582000  0.79451603
vn  0.67667902 -0.28971201  0.67688400
vn  0.68779701 -0.26152501  0.67715597
vn  0.77453297 -0.33160999  0.53864002
vn  0.78735501 -0.29938200  0.53892797
vn  0.84903502 -0.36351001  0.38340700
vn  0.86319000 -0.32821801  0.38363600
vn  0.89743298 -0.38423300  0.21674700
vn  0.91246301 -0.34695399  0.21687301
vn  0.91833597 -0.39318299  0.04545700
vn  0.93374401 -0.35504600  0.04543700
vn  0.91182297 -0.39039400 -0.12716500
vn  0.92710203 -0.35252100 -0.12732500
vn  0.87754601 -0.37571800 -0.29790801
vn  0.89218903 -0.33924600 -0.29818100
vn  0.81630802 -0.34949699 -0.45988300
vn  0.82982498 -0.31553301 -0.46024901
vn  0.73040903 -0.31271800 -0.60721499
vn  0.74239701 -0.28229001 -0.60758400
vn  0.62254000 -0.26653200 -0.73580199
vn  0.63266098 -0.24056301 -0.73611802
vn  0.49547100 -0.21212700 -0.84232497
vn  0.50343603 -0.19142701 -0.84255999
vn  0.35270500 -0.15100200 -0.92347002
vn  0.35831499 -0.13624600 -0.92360598
vn  0.19943200 -0.08538100 -0.97618502
vn  0.20256400 -0.07702400 -0.97623497
vn  0.04183000 -0.01790800 -0.99896401
vn  0.04244500 -0.01614100 -0.99896801
vn -0.11702300  0.05009800 -0.99186498
vn -0.11893800  0.04522200 -0.99187100
vn -0.27407700  0.11733300 -0.95452303
vn -0.27850801  0.10589500 -0.95457798
vn -0.42304099  0.18110199 -0.88782799
vn -0.42989001  0.16345499 -0.88796198
vn -0.55851501  0.23909500 -0.79428899
vn -0.56760401  0.21581800 -0.79451197
vn -0.67668498  0.28968000 -0.67689198
vn -0.68778801  0.26151600 -0.67716801
vn -0.77453601  0.33156601 -0.53866303
vn -0.78735203  0.29937199 -0.53893799
vn -0.84906399  0.36346701 -0.38338101
vn -0.86320198  0.32821199 -0.38361400
vn -0.89745301  0.38418001 -0.21675700
vn -0.91246599  0.34694400 -0.21687800
vn -0.95421600  0.27057099  0.12752700
vn -0.96108299  0.27251801 -0.04532400
vn -0.91823000  0.26036900  0.29843301
vn -0.85398102  0.24215201  0.46052101
vn -0.76392901  0.21661800  0.60785699
vn -0.65092701  0.18457700  0.73635900
vn -0.51790500  0.14685801  0.84273797
vn -0.36854699  0.10450800  0.92371601
vn -0.20827299  0.05906100  0.97628599
vn -0.04353300  0.01234800  0.99897599
vn  0.12250600 -0.03473200  0.99185997
vn  0.28667700 -0.08128300  0.95457298
vn  0.44244999 -0.12545100  0.88797498
vn  0.58417201 -0.16563500  0.79454899
vn  0.70788699 -0.20071100  0.67720801
vn  0.81038100 -0.22977000  0.53896999
vn  0.88846499 -0.25190899  0.38363099
vn  0.93918902 -0.26629001  0.21682601
vn  0.96108800 -0.27250001  0.04531600
vn  0.95422101 -0.27055299 -0.12752700
vn  0.91823798 -0.26035300 -0.29842001
vn  0.85398000 -0.24213600 -0.46053100
vn  0.76393002 -0.21660601 -0.60786003
vn  0.65094101 -0.18457200 -0.73634797
vn  0.51790500 -0.14685300 -0.84273899
vn  0.36854500 -0.10450400 -0.92371702
vn  0.20827700 -0.05906100 -0.97628498
vn  0.04353000 -0.01234700 -0.99897599
vn -0.12250900  0.03473400 -0.99185902
vn -0.28668401  0.08128700 -0.95457000
vn -0.44244999  0.12545501 -0.88797402
vn -0.58416301  0.16563900 -0.79455400
vn -0.70787603  0.20071900 -0.67721802
vn -0.81037700  0.22978300 -0.53896898
vn -0.88846397  0.25192499 -0.38362199
vn -0.93918502  0.26630801 -0.21682100
vn -0.97485000  0.18264700  0.12770399
vn -0.98189402  0.18396600 -0.04516200
vn -0.93805301  0.17575300  0.29861000
vn -0.87238997  0.16345100  0.46067399
vn -0.78037000  0.14621100  0.60798502
vn -0.66490102  0.12457700  0.73646897
vn -0.52897900  0.09911200  0.84282798
vn -0.37637100  0.07052000  0.92378098
vn -0.21261600  0.03984000  0.97632301
vn -0.04430200  0.00830400  0.99898398
vn  0.12533399 -0.02347900  0.99183702
vn  0.29305401 -0.05490500  0.95451802
vn  0.45219299 -0.08472400  0.88788700
vn  0.59695899 -0.11185100  0.79443598
vn  0.72332603 -0.13553099  0.67707503
vn  0.82801998 -0.15515099  0.53880501
vn  0.90776402 -0.17009600  0.38344800
vn  0.95954698 -0.17980200  0.21665600
vn  0.98189098 -0.18399000  0.04514900
vn  0.97484499 -0.18267000 -0.12770900
vn  0.93805599 -0.17577600 -0.29858801
vn  0.87238598 -0.16347000 -0.46067399
vn  0.78036201 -0.14622501 -0.60799199
vn  0.66490602 -0.12459000 -0.73646301
vn  0.52897698 -0.09911900 -0.84282798
vn  0.37636799 -0.07052300 -0.92378199
vn  0.21261901 -0.03984100 -0.97632301
vn  0.04429900 -0.00830400 -0.99898398
vn -0.12533700  0.02347900 -0.99183601
vn -0.29306000  0.05490400 -0.95451599
vn -0.45219100  0.08471800 -0.88788801
vn -0.59695500  0.11184100 -0.79444098
vn -0.72333097  0.13551900 -0.67707199
vn -0.82802302  0.15513401 -0.53880501
vn -0.90776497  0.17007600 -0.38345399
vn -0.95955300  0.17977899 -0.21665201
vn -0.98683703  0.09909700  0.12780000
vn -0.99398899  0.09981500 -0.04496500
vn -0.94960201  0.09535900  0.29860201
vn -0.88317698  0.08868900  0.46057901
vn -0.79006898  0.07933900  0.60786200
vn -0.67319697  0.06760400  0.73636699
vn -0.53559500  0.05378700  0.84276098
vn -0.38106099  0.03826900  0.92375797
vn -0.21520600  0.02161400  0.97632998
vn -0.04470900  0.00449300  0.99899000
vn  0.12712000 -0.01276300  0.99180502
vn  0.29699600 -0.02982400  0.95441300
vn  0.45814401 -0.04601000  0.88768601
vn  0.60469103 -0.06073100  0.79414201
vn  0.73256099 -0.07357700  0.67671299
vn  0.83846003 -0.08421700  0.53841698
vn  0.91908699 -0.09231800  0.38308701
vn  0.97142297 -0.09757700  0.21636800
vn  0.99398702 -0.09984500  0.04495100
vn  0.98683399 -0.09912700 -0.12779801
vn  0.94960600 -0.09538700 -0.29857901
vn  0.88317102 -0.08871200 -0.46058500
vn  0.79005802 -0.07935800 -0.60787398
vn  0.67320299 -0.06761900 -0.73636001
vn  0.53559798 -0.05379600 -0.84275800
vn  0.38105899 -0.03827400 -0.92375797
vn  0.21520700 -0.02161600 -0.97632903
vn  0.04470800 -0.00449300 -0.99899000
vn -0.12712400  0.01276300 -0.99180502
vn -0.29699999  0.02982200 -0.95441198
vn -0.45813900  0.04600300 -0.88768899
vn -0.60468298  0.06071900 -0.79414898
vn -0.73256701  0.07356100 -0.67670900
vn -0.83846200  0.08419500 -0.53841698
vn -0.91908801  0.09229200 -0.38309100
vn -0.97142798  0.09754900 -0.21636300
vn -0.99162698  0.01673300  0.12804300
vn -0.99885702  0.01685400 -0.04473400
vn -0.95416498  0.01610200  0.29884899
vn -0.88736898  0.01497600  0.46081600
vn -0.79376101  0.01339800  0.60808200
vn -0.67627901  0.01141600  0.73655701
vn -0.53797698  0.00908300  0.84291101
vn -0.38267401  0.00646300  0.92386103
vn -0.21601400  0.00365100  0.97638398
vn -0.04469400  0.00076100  0.99900001
vn  0.12795700 -0.00215200  0.99177700
vn  0.29864100 -0.00503000  0.95435202
vn  0.46055099 -0.00775900  0.88759899
vn  0.60779297 -0.01024100  0.79402900
vn  0.73626101 -0.01240500  0.67658401
vn  0.84265500 -0.01419700  0.53826702
vn  0.92365199 -0.01556000  0.38291600
vn  0.97621697 -0.01644600  0.21617199
vn  0.99885798 -0.01682800  0.04472100
vn  0.99162799 -0.01670700 -0.12804399
vn  0.95417100 -0.01607800 -0.29883000
vn  0.88736397 -0.01495500 -0.46082601
vn  0.79375100 -0.01338100 -0.60809600
vn  0.67628300 -0.01140400 -0.73655403
vn  0.53798300 -0.00907500 -0.84290701
vn  0.38267401 -0.00645900 -0.92386103
vn  0.21601200 -0.00364900 -0.97638398
vn  0.04469500 -0.00076000 -0.99900001
vn -0.12795900  0.00215200 -0.99177700
vn -0.29864201  0.00503300 -0.95435202
vn -0.46054399  0.00776500 -0.88760298
vn -0.60778397  0.01025000 -0.79403597
vn -0.73626202  0.01241900 -0.67658198
vn -0.84265500  0.01421600 -0.53826600
vn -0.92365497  0.01558300 -0.38290799
vn -0.97621900  0.01647100 -0.21615900
vn -0.98926800 -0.07026000  0.12811300
vn -0.99665302 -0.06844100 -0.04469900
vn -0.95169199 -0.06996200  0.29897901
vn -0.88481200 -0.06751400  0.46103200
vn -0.79115999 -0.06301400  0.60835397
vn -0.67370099 -0.05660900  0.73683298
vn -0.53548998 -0.04846900  0.84315002
vn -0.38036501 -0.03881300  0.92402101
vn -0.21398599 -0.02799400  0.97643602
vn -0.04304300 -0.01645400  0.99893802
vn  0.12914900 -0.00442600  0.99161500
vn  0.29930601  0.00787000  0.95412499
vn  0.46065599  0.01995100  0.88735402
vn  0.60735798  0.03138000  0.79380798
vn  0.73532999  0.04183400  0.67641699
vn  0.84128797  0.05104400  0.53817201
vn  0.92193300  0.05873100  0.38286999
vn  0.97421998  0.06460500  0.21615399
vn  0.99665099  0.06847300  0.04470100
vn  0.98926401  0.07029200 -0.12812200
vn  0.95169002  0.06999100 -0.29897800
vn  0.88480699  0.06754000 -0.46103600
vn  0.79115403  0.06303400 -0.60835999
vn  0.67370200  0.05662500 -0.73683101
vn  0.53549403  0.04847900 -0.84314603
vn  0.38036501  0.03881800 -0.92402101
vn  0.21398400  0.02799500 -0.97643602
vn  0.04304400  0.01645500 -0.99893802
vn -0.12914900  0.00442600 -0.99161500
vn -0.29930601 -0.00786700 -0.95412499
vn -0.46065700 -0.01994500 -0.88735402
vn -0.60735500 -0.03136800 -0.79381102
vn -0.73532701 -0.04181600 -0.67642099
vn -0.84129298 -0.05102200 -0.53816599
vn -0.92193699 -0.05870300 -0.38286501
vn -0.97422302 -0.06457400 -0.21614800
vn -0.97988403 -0.15420300  0.12668100
vn -0.98823202 -0.14592700 -0.04584700
vn -0.94162899 -0.15788101  0.29733399
vn -0.87436002 -0.15672000  0.45927399
vn -0.78062099 -0.15077201  0.60654700
vn -0.66336298 -0.14025401  0.73503602
vn -0.52564102 -0.12544000  0.84140801
vn -0.37128499 -0.10672300  0.92236501
vn -0.20594200 -0.08478400  0.97488397
vn -0.03628100 -0.06054600  0.99750602
vn  0.13440201 -0.03450900  0.99032599
vn  0.30284601 -0.00714300  0.95301300
vn  0.46233901  0.02049300  0.88646603
vn  0.60712302  0.04739500  0.79319298
vn  0.73319000  0.07280100  0.67611599
vn  0.83729702  0.09605600  0.53824401
vn  0.91624200  0.11647200  0.38332099
vn  0.96703601  0.13329101  0.21696900
vn  0.98823202  0.14592600  0.04586200
vn  0.97988302  0.15420300 -0.12669300
vn  0.94162601  0.15788101 -0.29734600
vn  0.87436002  0.15672000 -0.45927399
vn  0.78061998  0.15077201 -0.60654801
vn  0.66336697  0.14025401 -0.73503298
vn  0.52564198  0.12544000 -0.84140700
vn  0.37128401  0.10672300 -0.92236602
vn  0.20594200  0.08478500 -0.97488397
vn  0.03628500  0.06054700 -0.99750602
vn -0.13440301  0.03450800 -0.99032599
vn -0.30284899  0.00714200 -0.95301199
vn -0.46234700 -0.02049400 -0.88646197
vn -0.60712302 -0.04739500 -0.79319298
vn -0.73318201 -0.07279900 -0.67612398
vn -0.83730203 -0.09605600 -0.53823698
vn -0.91624302 -0.11647200 -0.38331899
vn -0.96703601 -0.13329101 -0.21696800
vn -0.96385700 -0.23695000  0.12179400
vn -0.97410101 -0.22049201 -0.05010100
vn -0.92416197 -0.24638100  0.29192501
vn -0.85598099 -0.24826699  0.45349801
vn -0.76189101 -0.24255300  0.60057497
vn -0.64485800 -0.22947800  0.72903901
vn -0.50793803 -0.20938499  0.83555800
vn -0.35494801 -0.18279800  0.91684097
vn -0.19147800 -0.15068400  0.96986097
vn -0.02411200 -0.11440800  0.99314100
vn  0.14391200 -0.07473000  0.98676503
vn  0.30938801 -0.03235500  0.95038497
vn  0.46572000  0.01109200  0.88486201
vn  0.60726398  0.05403000  0.79266101
vn  0.73011303  0.09524000  0.67665702
vn  0.83109498  0.13365901  0.53983003
vn  0.90708399  0.16815200  0.38590699
vn  0.95520699  0.19744501  0.22044300
vn  0.97410101  0.22048999  0.05011500
vn  0.96385902  0.23694800 -0.12178300
vn  0.92415899  0.24638100 -0.29193699
vn  0.85597801  0.24826600 -0.45350301
vn  0.76189101  0.24255300 -0.60057497
vn  0.64486200  0.22947900 -0.72903502
vn  0.50793999  0.20938499 -0.83555597
vn  0.35494599  0.18279800 -0.91684097
vn  0.19147500  0.15068400 -0.96986198
vn  0.02411400  0.11440800 -0.99314100
vn -0.14391200  0.07472900 -0.98676503
vn -0.30939201  0.03235400 -0.95038402
vn -0.46572500 -0.01109300 -0.88485998
vn -0.60726303 -0.05403000 -0.79266101
vn -0.73010898 -0.09523900 -0.67666101
vn -0.83109403 -0.13365801 -0.53983200
vn -0.90708601 -0.16815300 -0.38590199
vn -0.95520699 -0.19744501 -0.22044300
vn -0.93940097 -0.32395399  0.11216200
vn -0.95168799 -0.30135399 -0.05895200
vn -0.89837301 -0.33694300  0.28177100
vn -0.82965201 -0.33960900  0.44310701
vn -0.73583603 -0.33188099  0.59025502
vn -0.61988902 -0.31408399  0.71908897
vn -0.48484200 -0.28668901  0.82627898
vn -0.33446100 -0.25041300  0.90853101
vn -0.17422700 -0.20656900  0.96279502
vn -0.01058100 -0.15702200  0.98753798
vn  0.15333600 -0.10280300  0.98281199
vn  0.31439200 -0.04487600  0.94823200
vn  0.46616399  0.01454400  0.88457900
vn  0.60317099  0.07329600  0.79423702
vn  0.72162902  0.12970901  0.68001997
vn  0.81846702  0.18232401  0.54485798
vn  0.89066499  0.22958300  0.39243799
vn  0.93548799  0.26973900  0.22826099
vn  0.95168799  0.30135101  0.05896900
vn  0.93940502  0.32395101 -0.11213700
vn  0.89836800  0.33694401 -0.28178701
vn  0.82964599  0.33960900 -0.44311801
vn  0.73583901  0.33188099 -0.59025103
vn  0.61989099  0.31408399 -0.71908700
vn  0.48484600  0.28669000 -0.82627702
vn  0.33445999  0.25041199 -0.90853202
vn  0.17422500  0.20656900 -0.96279597
vn  0.01057900  0.15702100 -0.98753899
vn -0.15333401  0.10280400 -0.98281199
vn -0.31439301  0.04487500 -0.94823200
vn -0.46616700 -0.01454500 -0.88457698
vn -0.60316902 -0.07329500 -0.79423898
vn -0.72162402 -0.12970600 -0.68002599
vn -0.81846702 -0.18232401 -0.54485703
vn -0.89066702 -0.22958501 -0.39243200
vn -0.93548799 -0.26973900 -0.22826099
vn -0.90759701 -0.40792701  0.09931600
vn -0.92060202 -0.38388500 -0.07158200
vn -0.86680901 -0.41981101  0.26907301
vn -0.79932702 -0.41882801  0.43088201
vn -0.70771199 -0.40505800  0.57885402
vn -0.59486002 -0.37902999  0.70885700
vn -0.46371499 -0.34143299  0.81755197
vn -0.31790999 -0.29325601  0.90162802
vn -0.16274200 -0.23623900  0.95797002
vn -0.00443200 -0.17277700  0.98495102
vn  0.15401199 -0.10416300  0.98256302
vn  0.30955601 -0.03162200  0.95035499
vn  0.45599201  0.04205700  0.88898897
vn  0.58801502  0.11419600  0.80074900
vn  0.70194799  0.18273300  0.68838799
vn  0.79482400  0.24589300  0.55479002
vn  0.86372900  0.30178499  0.40360701
vn  0.90604103  0.34832799  0.24032700
vn  0.92060697  0.38387200  0.07159100
vn  0.90760201  0.40792000 -0.09929800
vn  0.86680597  0.41981101 -0.26908201
vn  0.79932398  0.41882801 -0.43088800
vn  0.70771998  0.40505600 -0.57884598
vn  0.59486002  0.37902001 -0.70886201
vn  0.46371600  0.34141400 -0.81756002
vn  0.31792101  0.29323000 -0.90163302
vn  0.16276400  0.23620699 -0.95797402
vn  0.00445100  0.17273401 -0.98495901
vn -0.15398601  0.10411500 -0.98257202
vn -0.30953100  0.03157000 -0.95036501
vn -0.45597601 -0.04211400 -0.88899499
vn -0.58798999 -0.11424500 -0.80075997
vn -0.70191997 -0.18277401 -0.68840498
vn -0.79481000 -0.24593200 -0.55479199
vn -0.86371797 -0.30181399 -0.40360901
vn -0.90603298 -0.34834701 -0.24033000
vn -0.88421798 -0.45810801  0.09108000
vn -0.89377302 -0.44121099 -0.08063800
vn -0.84770697 -0.46127999  0.26194301
vn -0.78516001 -0.45032901  0.42512000
vn -0.69892401 -0.42569500  0.57470900
vn -0.59168702 -0.38820601  0.70654303
vn -0.46620899 -0.33882800  0.81721801
vn -0.32594299 -0.27887300  0.90332198
vn -0.17598200 -0.21050400  0.96162301
vn -0.02235500 -0.13654700  0.99038100
vn  0.13196300 -0.05849700  0.98952699
vn  0.28399101  0.02220400  0.95857000
vn  0.42763600  0.10239900  0.89813203
vn  0.55766100  0.17915300  0.81050497
vn  0.67044199  0.25028399  0.69847298
vn  0.76306897  0.31395400  0.56494099
vn  0.83266401  0.36824301  0.41360301
vn  0.87663102  0.41114599  0.24995500
vn  0.89376998  0.44121701  0.08063700
vn  0.88421798  0.45810899 -0.09107800
vn  0.84770602  0.46127999 -0.26194501
vn  0.78516001  0.45032999 -0.42512000
vn  0.69892502  0.42569700 -0.57470500
vn  0.59168100  0.38821000 -0.70654601
vn  0.46619901  0.33883500 -0.81722099
vn  0.32593501  0.27888501 -0.90332103
vn  0.17597499  0.21052299 -0.96161997
vn  0.02234500  0.13656899 -0.99037802
vn -0.13197400  0.05852200 -0.98952401
vn -0.28400400 -0.02217800 -0.95856702
vn -0.42765501 -0.10237600 -0.89812601
vn -0.55767101 -0.17912599 -0.81050402
vn -0.67045099 -0.25026000 -0.69847399
vn -0.76307702 -0.31393400 -0.56494200
vn -0.83266997 -0.36822799 -0.41360500
vn -0.87663603 -0.41113701 -0.24995300
vn -0.88849097 -0.44980600  0.09087000
vn -0.89079797 -0.44697800 -0.08178400
vn -0.85919601 -0.43901500  0.26276800
vn -0.80349803 -0.41474000  0.42706200
vn -0.72346997 -0.37788799  0.57774699
vn -0.62159902 -0.32961300  0.71061200
vn -0.50051701 -0.27116400  0.82216299
vn -0.36357200 -0.20414799  0.90892202
vn -0.21575700 -0.13100600  0.96761900
vn -0.06307900 -0.05472900  0.99650699
vn  0.09144100  0.02316300  0.99554098
vn  0.24483100  0.10118100  0.96427202
vn  0.39096901  0.17622501  0.90337598
vn  0.52454400  0.24556400  0.81520098
vn  0.64186001  0.30727100  0.70256698
vn  0.73992598  0.35977301  0.56839502
vn  0.81575400  0.40148100  0.41636401
vn  0.86653501  0.43085399  0.25195700
vn  0.89078999  0.44699401  0.08178400
vn  0.88848799  0.44981200 -0.09087700
vn  0.85919499  0.43901601 -0.26277000
vn  0.80349803  0.41474101 -0.42706200
vn  0.72346401  0.37788999 -0.57775402
vn  0.62159503  0.32962799 -0.71060902
vn  0.50050902  0.27119201 -0.82215899
vn  0.36355099  0.20418601 -0.90892202
vn  0.21572900  0.13105901 -0.96761799
vn  0.06304900  0.05479500 -0.99650502
vn -0.09147800 -0.02309000 -0.99553901
vn -0.24487200 -0.10110400 -0.96426898
vn -0.39100999 -0.17614700 -0.90337300
vn -0.52457601 -0.24548601 -0.81520301
vn -0.64189601 -0.30720499 -0.70256299
vn -0.73995697 -0.35971901 -0.56838900
vn -0.81577402 -0.40143901 -0.41636401
vn -0.86654902 -0.43082500 -0.25195700
vn -0.91080898 -0.40272701  0.09076800
vn -0.90618801 -0.41494599 -0.08150200
vn -0.88782102 -0.37813401  0.26227701
vn -0.83754498 -0.34188101  0.42618600
vn -0.76186901 -0.29531601  0.57649302
vn -0.66316402 -0.23985600  0.70900100
vn -0.54400301 -0.17694800  0.82021397
vn -0.40766299 -0.10835800  0.90667999
vn -0.25911799 -0.03659300  0.96515203
vn -0.10443700  0.03546700  0.99389899
vn  0.05330900  0.10643700  0.99288899
vn  0.21111500  0.17492799  0.96168101
vn  0.36271900  0.23817401  0.90094799
vn  0.50261199  0.29388899  0.81302500
vn  0.62691599  0.34055600  0.70071298
vn  0.73245001  0.37698600  0.56691998
vn  0.81602597  0.40204400  0.41528499
vn  0.87453800  0.41478401  0.25127301
vn  0.90618902  0.41494599  0.08149100
vn  0.91080803  0.40272501 -0.09077600
vn  0.88782299  0.37813500 -0.26226801
vn  0.83754599  0.34188101 -0.42618600
vn  0.76186103  0.29531100 -0.57650602
vn  0.66316903  0.23985800 -0.70899600
vn  0.54400599  0.17694999 -0.82021099
vn  0.40765899  0.10835600 -0.90668201
vn  0.25911701  0.03659300 -0.96515298
vn  0.10443900 -0.03546600 -0.99389899
vn -0.05331000 -0.10643800 -0.99288899
vn -0.21111800 -0.17493001 -0.96168000
vn -0.36271599 -0.23817299 -0.90095001
vn -0.50260198 -0.29388499 -0.81303298
vn -0.62691301 -0.34055501 -0.70071602
vn -0.73245698 -0.37698799 -0.56691003
vn -0.81602800 -0.40204301 -0.41528201
vn -0.87453300 -0.41478300 -0.25128999
vn -0.93452698 -0.34540701  0.08574900
vn -0.92492300 -0.37053099 -0.08499300
vn -0.91584200 -0.30950400  0.25581500
vn -0.86901897 -0.26401901  0.41844901
vn -0.79583198 -0.21063900  0.56770003
vn -0.69862002 -0.15097100  0.69938397
vn -0.57989597 -0.08655900  0.81007898
vn -0.44292101 -0.01923800  0.89635402
vn -0.29268301  0.04852300  0.95497799
vn -0.13531600  0.11406900  0.98421401
vn  0.02605500  0.17618400  0.98401201
vn  0.18837801  0.23361699  0.95390600
vn  0.34523401  0.28399599  0.89451700
vn  0.49091899  0.32550800  0.80811101
vn  0.62137699  0.35705101  0.69742799
vn  0.73324400  0.37781700  0.56533903
vn  0.82313597  0.38711199  0.41544199
vn  0.88771600  0.38455999  0.25312799
vn  0.92494297  0.37048599  0.08497600
vn  0.93455100  0.34534600 -0.08573600
vn  0.91587400  0.30942601 -0.25579301
vn  0.86905599  0.26392400 -0.41843200
vn  0.79587197  0.21053299 -0.56768298
vn  0.69866502  0.15086199 -0.69936198
vn  0.57993698  0.08645100 -0.81006098
vn  0.44295701  0.01913800 -0.89633900
vn  0.29271400 -0.04860900 -0.95496398
vn  0.13534300 -0.11413700 -0.98420298
vn -0.02603700 -0.17623501 -0.98400402
vn -0.18837200 -0.23365000 -0.95389903
vn -0.34522700 -0.28401199 -0.89451402
vn -0.49090999 -0.32551101 -0.80811501
vn -0.62137198 -0.35705101 -0.69743198
vn -0.73324698 -0.37782100 -0.56533200
vn -0.82313699 -0.38712299 -0.41543001
vn -0.88770097 -0.38458499 -0.25314301
vn -0.95513499 -0.28626701  0.07595400
vn -0.94209200 -0.32230800 -0.09262800
vn -0.93929601 -0.24112900  0.24408901
vn -0.89462203 -0.18849599  0.40511799
vn -0.82281798 -0.13031100  0.55316299
vn -0.72620499 -0.06830200  0.68407702
vn -0.60726202 -0.00406300  0.79449099
vn -0.46925399  0.06054900  0.88098502
vn -0.31718501  0.12317000  0.94033098
vn -0.15725499  0.18139800  0.97075498
vn  0.00736200  0.23419900  0.97216100
vn  0.17356800  0.28046200  0.94404203
vn  0.33479500  0.31822199  0.88693202
vn  0.48517299  0.34612200  0.80299801
vn  0.62049401  0.36345801  0.69489902
vn  0.73725200  0.36977899  0.56544000
vn  0.83189499  0.36480299  0.41817299
vn  0.90091699  0.34867901  0.25840199
vn  0.94211203  0.32225299  0.09261600
vn  0.95515698  0.28619799 -0.07592900
vn  0.93932402  0.24103899 -0.24407101
vn  0.89465302  0.18839200 -0.40509701
vn  0.82285899  0.13020401 -0.55312699
vn  0.72624099  0.06819000 -0.68405002
vn  0.60729599  0.00395600 -0.79446602
vn  0.46928701 -0.06064500 -0.88096100
vn  0.31721300 -0.12325000 -0.94031101
vn  0.15727900 -0.18145899 -0.97074002
vn -0.00734700 -0.23424201 -0.97215098
vn -0.17356300 -0.28048900 -0.94403499
vn -0.33478701 -0.31823301 -0.88692999
vn -0.48517001 -0.34612501 -0.80299902
vn -0.62049299 -0.36345899 -0.69489998
vn -0.73724598 -0.36978501 -0.56544501
vn -0.83189398 -0.36481899 -0.41816300
vn -0.90090400 -0.34871200 -0.25840399
vn -0.97266102 -0.22417100  0.06063900
vn -0.95707202 -0.27002501 -0.10535500
vn -0.95885301 -0.17099200  0.22663400
vn -0.91560400 -0.11245500  0.38603500
vn -0.84456998 -0.05071300  0.53303802
vn -0.74805099  0.01242700  0.66352499
vn -0.62854803  0.07533000  0.77411401
vn -0.48934299  0.13615599  0.86139703
vn -0.33547300  0.19268300  0.92213398
vn -0.17322201  0.24279299  0.95448703
vn -0.00581500  0.28564399  0.95831800
vn  0.16361000  0.32029301  0.93308300
vn  0.32836401  0.34520200  0.87921202
vn  0.48246700  0.35949099  0.79874402
vn  0.62159503  0.36285001  0.69423300
vn  0.74215102  0.35518900  0.56837702
vn  0.84046799  0.33662301  0.42461601
vn  0.91287798  0.30780199  0.26816401
vn  0.95706803  0.27004200  0.10534800
vn  0.97265399  0.22420201 -0.06064400
vn  0.95884198  0.17103299 -0.22664900
vn  0.91558897  0.11250200 -0.38605800
vn  0.84455699  0.05076700 -0.53305399
vn  0.74804002 -0.01237400 -0.66353798
vn  0.62853998 -0.07528200 -0.77412498
vn  0.48933500 -0.13612001 -0.86140698
vn  0.33546501 -0.19265901 -0.92214203
vn  0.17321999 -0.24278300 -0.95449001
vn  0.00581500 -0.28564799 -0.95831698
vn -0.16360700 -0.32030800 -0.93307799
vn -0.32835799 -0.34522399 -0.87920499
vn -0.48246500 -0.35951799 -0.79873300
vn -0.62159002 -0.36287501 -0.69422501
vn -0.74213803 -0.35520899 -0.56838202
vn -0.84046298 -0.33663300 -0.42461801
vn -0.91288102 -0.30779701 -0.26816100
vn -0.97910398 -0.19652399  0.05228300
vn -0.96140498 -0.25200000 -0.11044000
vn -0.96726602 -0.13446900  0.21520700
vn -0.92577702 -0.06816700  0.37187499
vn -0.85623097 -0.00004900  0.51659298
vn -0.76087201  0.06792500  0.64533699
vn -0.64216101  0.13399300  0.75476903
vn -0.50332701  0.19621600  0.84152299
vn -0.34936601  0.25231799  0.90237403
vn -0.18656000  0.30023000  0.93544501
vn -0.01816200  0.33917099  0.94054902
vn  0.15267500  0.36823499  0.91711098
vn  0.31919399  0.38606599  0.86548698
vn  0.47532400  0.39204299  0.78763598
vn  0.61666602  0.38610199  0.68603897
vn  0.73954201  0.36840001  0.56334603
vn  0.84022802  0.33934501  0.42292199
vn  0.91497201  0.29997799  0.26988900
vn  0.96139598  0.25203401  0.11044200
vn  0.97909498  0.19656500 -0.05229600
vn  0.96725500  0.13451999 -0.21522300
vn  0.92575997  0.06822100 -0.37190500
vn  0.85621202  0.00010800 -0.51662397
vn  0.76086301 -0.06785600 -0.64535499
vn  0.64215600 -0.13392501 -0.75478500
vn  0.50331599 -0.19615699 -0.84154397
vn  0.34934801 -0.25226900 -0.90239501
vn  0.18654799 -0.30019000 -0.93545997
vn  0.01815500 -0.33914000 -0.94056100
vn -0.15267600 -0.36821300 -0.91711998
vn -0.31920001 -0.38605300 -0.86549097
vn -0.47533700 -0.39203501 -0.78763199
vn -0.61666602 -0.38609499 -0.68604201
vn -0.73953301 -0.36839500 -0.56336200
vn -0.84022498 -0.33933401 -0.42293599
vn -0.91498101 -0.29995400 -0.26988399
vn -0.96855003 -0.23909000  0.06890200
vn -0.94822103 -0.30463299 -0.08986600
vn -0.95965397 -0.16558500  0.22725800
vn -0.92134601 -0.08688600  0.37891001
vn -0.85514802 -0.00588800  0.51835102
vn -0.76323301  0.07508300  0.64174598
vn -0.64798498  0.15394400  0.74593401
vn -0.51251501  0.22840700  0.82774299
vn -0.36166400  0.29576400  0.88415098
vn -0.20156901  0.35353699  0.91344500
vn -0.03539500  0.40078101  0.91548997
vn  0.13379300  0.43640101  0.88974899
vn  0.29932600  0.45872599  0.83664501
vn  0.45513800  0.46695399  0.75815803
vn  0.59681302  0.46096301  0.65675598
vn  0.72062701  0.44089600  0.53507602
vn  0.82279700  0.40720400  0.39647099
vn  0.89948899  0.36109799  0.24602300
vn  0.94821799  0.30464000  0.08987100
vn  0.96854901  0.23909600 -0.06889600
vn  0.95965397  0.16558599 -0.22725700
vn  0.92134202  0.08688300 -0.37892100
vn  0.85514700  0.00589500 -0.51835299
vn  0.76323700 -0.07506600 -0.64174300
vn  0.64798802 -0.15392201 -0.74593598
vn  0.51251000 -0.22838201 -0.82775301
vn  0.36165300 -0.29573500 -0.88416499
vn  0.20155700 -0.35350099 -0.91346103
vn  0.03538300 -0.40074101 -0.91550797
vn -0.13380000 -0.43635899 -0.88976902
vn -0.29933301 -0.45868701 -0.83666402
vn -0.45515701 -0.46691999 -0.75816798
vn -0.59682697 -0.46093300 -0.65676397
vn -0.72062898 -0.44087499 -0.53509200
vn -0.82279599 -0.40719101 -0.39648700
vn -0.89949203 -0.36108899 -0.24602500
vn -0.94548500 -0.30960900  0.10099700
vn -0.92161900 -0.38444799 -0.05308200
vn -0.94086999 -0.22456500  0.25364399
vn -0.90742600 -0.13250200  0.39877501
vn -0.84648103 -0.03678900  0.53114700
vn -0.76006299  0.05978900  0.64709401
vn -0.65040600  0.15475699  0.74365503
vn -0.52045000  0.24537100  0.81787801
vn -0.37485701  0.32832301  0.86699802
vn -0.21957600  0.40053701  0.88958198
vn -0.05768200  0.46082199  0.88561600
vn  0.10784200  0.50780302  0.85469598
vn  0.27048501  0.53932601  0.79747403
vn  0.42427799  0.55425698  0.71609199
vn  0.56486398  0.55230498  0.61309701
vn  0.68856800  0.53351003  0.49116299
vn  0.79162401  0.49825701  0.35365599
vn  0.87016702  0.44780499  0.20562001
vn  0.92162001  0.38444600  0.05307700
vn  0.94548398  0.30961499 -0.10098500
vn  0.94086999  0.22456799 -0.25364000
vn  0.90742302  0.13249600 -0.39878401
vn  0.84648901  0.03680000 -0.53113300
vn  0.76006800 -0.05978400 -0.64708698
vn  0.65040499 -0.15475801 -0.74365598
vn  0.52044803 -0.24537300 -0.81787902
vn  0.37485701 -0.32832399 -0.86699802
vn  0.21957600 -0.40053800 -0.88958198
vn  0.05767800 -0.46082199 -0.88561600
vn -0.10784000 -0.50780201 -0.85469699
vn -0.27047500 -0.53932500 -0.79747897
vn -0.42428201 -0.55425698 -0.71608901
vn -0.56487399 -0.55230498 -0.61308801
vn -0.68856800 -0.53351098 -0.49116200
vn -0.79161602 -0.49826100 -0.35366800
vn -0.87016302 -0.44780901 -0.20562901
vn -0.91712701 -0.37435701  0.13687301
vn -0.88917702 -0.45739999 -0.01225900
vn -0.91749603 -0.27905399  0.28342599
vn -0.88976002 -0.17505600  0.42152300
vn -0.83503699 -0.06616300  0.54620099
vn -0.75518000  0.04444400  0.65401000
vn -0.65224802  0.15393800  0.74220997
vn -0.52898401  0.25916401  0.80808997
vn -0.38982099  0.35627300  0.84918100
vn -0.24045700  0.44165701  0.86436099
vn -0.08384800  0.51389498  0.85374600
vn  0.07712100  0.57135600  0.81707102
vn  0.23614500  0.61144000  0.75523299
vn  0.38738999  0.63269800  0.67053902
vn  0.52655602  0.63467503  0.56562001
vn  0.65000802  0.61730403  0.44319901
vn  0.75398898  0.58090502  0.30667600
vn  0.83460701  0.52677399  0.16106100
vn  0.88917899  0.45739600  0.01225000
vn  0.91712701  0.37436101 -0.13686800
vn  0.91749603  0.27905801 -0.28342000
vn  0.88975900  0.17505400 -0.42152601
vn  0.83504498  0.06617500 -0.54618698
vn  0.75517899 -0.04444600 -0.65401000
vn  0.65224099 -0.15394400 -0.74221498
vn  0.52898401 -0.25916401 -0.80808997
vn  0.38982499 -0.35627201 -0.84917998
vn  0.24045900 -0.44165599 -0.86436099
vn  0.08384600 -0.51389498 -0.85374600
vn -0.07712000 -0.57135499 -0.81707102
vn -0.23614000 -0.61143798 -0.75523603
vn -0.38739100 -0.63269800 -0.67053801
vn -0.52656102 -0.63467503 -0.56561601
vn -0.65000898 -0.61730403 -0.44319701
vn -0.75398201 -0.58090800 -0.30668601
vn -0.83460498 -0.52677602 -0.16106600
vn -0.88251102 -0.43550000  0.17752101
vn -0.84989601 -0.52587199  0.03368700
vn -0.88864303 -0.33092400  0.31749400
vn -0.86755902 -0.21604501  0.44795701
vn -0.82013601 -0.09507700  0.56421399
vn -0.74800003  0.02846000  0.66308802
vn -0.65302402  0.15138800  0.74205202
vn -0.53772902  0.27017400  0.79865801
vn -0.40624899  0.38048199  0.83078003
vn -0.26399800  0.47819200  0.83763802
vn -0.11380900  0.56166899  0.81949699
vn  0.04157100  0.62904799  0.77625400
vn  0.19608299  0.67730898  0.70908600
vn  0.34405899  0.70470703  0.62049299
vn  0.48128000  0.71062303  0.51321000
vn  0.60416597  0.69488901  0.39001501
vn  0.70899099  0.65775198  0.25435001
vn  0.79183602  0.60052699  0.11119100
vn  0.84989601  0.52587199 -0.03368900
vn  0.88251001  0.43550199 -0.17752001
vn  0.88864303  0.33092299 -0.31749499
vn  0.86756003  0.21604601 -0.44795600
vn  0.82013798  0.09508200 -0.56421000
vn  0.74799800 -0.02846200 -0.66308999
vn  0.65302002 -0.15139300 -0.74205500
vn  0.53773201 -0.27017000 -0.79865599
vn  0.40625301 -0.38047999 -0.83077902
vn  0.26399699 -0.47819301 -0.83763802
vn  0.11380800 -0.56166798 -0.81949800
vn -0.04157100 -0.62904799 -0.77625400
vn -0.19608299 -0.67730898 -0.70908701
vn -0.34405401 -0.70470601 -0.62049699
vn -0.48127699 -0.71062303 -0.51321203
vn -0.60417199 -0.69488800 -0.39000899
vn -0.70898902 -0.65775299 -0.25435299
vn -0.79183298 -0.60053003 -0.11119600
vn -0.84337503 -0.48994401  0.22061899
vn -0.80593097 -0.58631003  0.08194900
vn -0.85557902 -0.37764600  0.35407200
vn -0.84158403 -0.25358900  0.47689599
vn -0.80199897 -0.12232700  0.58466601
vn -0.73821801  0.01230700  0.67444998
vn -0.65190703  0.14683700  0.74394703
vn -0.54533899  0.27740499  0.79098201
vn -0.42233801  0.39924300  0.81377798
vn -0.28799501  0.50779003  0.81191599
vn -0.14501400  0.60121500  0.78581899
vn  0.00401100  0.67745101  0.73555702
vn  0.15329801  0.73311001  0.66260803
vn  0.29736999  0.76617998  0.56968403
vn  0.43211299  0.77589703  0.45963299
vn  0.55401999  0.76199299  0.33530301
vn  0.65941501  0.72464001  0.20017400
vn  0.74436003  0.66514897  0.05920400
vn  0.80592901  0.58631402 -0.08194300
vn  0.84337401  0.48994699 -0.22061700
vn  0.85557902  0.37764201 -0.35407799
vn  0.84158403  0.25358999 -0.47689500
vn  0.80199802  0.12232600 -0.58466703
vn  0.73821700 -0.01230800 -0.67445099
vn  0.65190601 -0.14683799 -0.74394703
vn  0.54534602 -0.27739701 -0.79097998
vn  0.42234200 -0.39923999 -0.81377798
vn  0.28799301 -0.50779200 -0.81191599
vn  0.14501500 -0.60121399 -0.78581899
vn -0.00401400 -0.67745203 -0.73555601
vn -0.15329701 -0.73310900 -0.66260898
vn -0.29736400 -0.76617903 -0.56968802
vn -0.43211001 -0.77589703 -0.45963499
vn -0.55402702 -0.76199198 -0.33529499
vn -0.65941399 -0.72464001 -0.20017600
vn -0.74435401 -0.66515499 -0.05921500
vn -0.79970300 -0.53820401  0.26610401
vn -0.75765198 -0.63915801  0.13206400
vn -0.81788403 -0.41979501  0.39349300
vn -0.81102401 -0.28832400  0.50902897
vn -0.77946401 -0.14860600  0.60856497
vn -0.72436601 -0.00475000  0.68939900
vn -0.64717400  0.13952801  0.74946499
vn -0.54990500  0.28010100  0.78685898
vn -0.43605199  0.41183400  0.80015701
vn -0.31035000  0.52978802  0.78930801
vn -0.17535900  0.63195699  0.75490397
vn -0.03350200  0.71610701  0.69718599
vn  0.10974400  0.77851999  0.61795002
vn  0.24913000  0.81694502  0.52012998
vn  0.38067600  0.83047199  0.40669701
vn  0.50094998  0.81873000  0.28059101
vn  0.60633802  0.78180897  0.14535700
vn  0.69291502  0.72099400  0.00594900
vn  0.75765097  0.63915998 -0.13206100
vn  0.79970199  0.53820801 -0.26609999
vn  0.81788498  0.41979301 -0.39349601
vn  0.81102401  0.28832400 -0.50902802
vn  0.77946401  0.14860500 -0.60856599
vn  0.72436398  0.00474800 -0.68940097
vn  0.64717299 -0.13952900 -0.74946499
vn  0.54991001 -0.28009599 -0.78685802
vn  0.43605399 -0.41183200 -0.80015701
vn  0.31035200 -0.52978599 -0.78930902
vn  0.17536300 -0.63195503 -0.75490499
vn  0.03350000 -0.71610802 -0.69718498
vn -0.10974200 -0.77851999 -0.61795098
vn -0.24912900 -0.81694502 -0.52013099
vn -0.38067600 -0.83047199 -0.40669701
vn -0.50095302 -0.81872898 -0.28058699
vn -0.60633898 -0.78180897 -0.14535500
vn -0.69291103 -0.72099900 -0.00595600
vn -0.74873501 -0.58269298  0.31601501
vn -0.70307499 -0.68652803  0.18537900
vn -0.77210999 -0.46001101  0.43844700
vn -0.77184802 -0.32301301  0.54764301
vn -0.74804503 -0.17672500  0.63968498
vn -0.70162302 -0.02545800  0.71209300
vn -0.63380498  0.12687500  0.76301599
vn -0.54635102  0.27590999  0.79080600
vn -0.44240099  0.41620401  0.79439002
vn -0.32631099  0.54248101  0.77410299
vn -0.20047100  0.65258402  0.73071498
vn -0.06711200  0.74413198  0.66465300
vn  0.06863000  0.81309998  0.57806498
vn  0.20179100  0.85700798  0.47414899
vn  0.32857001  0.87480402  0.35603401
vn  0.44565600  0.86600202  0.22678700
vn  0.54954898  0.83059400  0.09005100
vn  0.63638902  0.76979899 -0.04917000
vn  0.70310199  0.68650597 -0.18535900
vn  0.74875998  0.58267802 -0.31598201
vn  0.77213901  0.45998901 -0.43842000
vn  0.77187598  0.32298899 -0.54761797
vn  0.74807000  0.17670800 -0.63966000
vn  0.70164299  0.02544100 -0.71207398
vn  0.63381898 -0.12688801 -0.76300198
vn  0.54636300 -0.27591601 -0.79079598
vn  0.44240600 -0.41621000 -0.79438400
vn  0.32631400 -0.54248399 -0.77410001
vn  0.20047501 -0.65258300 -0.73071599
vn  0.06711400 -0.74413103 -0.66465402
vn -0.06862400 -0.81309903 -0.57806599
vn -0.20178500 -0.85701102 -0.47414601
vn -0.32855999 -0.87480998 -0.35602799
vn -0.44564599 -0.86601102 -0.22677000
vn -0.54953498 -0.83060598 -0.09002800
vn -0.63636303 -0.76981997  0.04918400
vn -0.69083899 -0.62245297  0.36782199
vn -0.64495099 -0.72640699  0.23742700
vn -0.71622300 -0.49841499  0.48847499
vn -0.71968299 -0.35882601  0.59439099
vn -0.70115298 -0.20882300  0.68174499
vn -0.66137999 -0.05284700  0.74818701
vn -0.60140300  0.10506500  0.79200703
vn -0.52278000  0.26035699  0.81173599
vn -0.42834699  0.40733600  0.80659598
vn -0.32210001  0.54044402  0.77728498
vn -0.20624800  0.65739900  0.72476798
vn -0.08284800  0.75569499  0.64966297
vn  0.04334600  0.83105201  0.55450302
vn  0.16773300  0.88078803  0.44280601
vn  0.28676701  0.90370899  0.31792101
vn  0.39736900  0.89921200  0.18307100
vn  0.49625501  0.86715698  0.04205800
vn  0.57976502  0.80862701 -0.09997200
vn  0.64493197  0.72641599 -0.23744901
vn  0.69081497  0.62247300 -0.36783400
vn  0.71619999  0.49843001 -0.48849300
vn  0.71966100  0.35883400 -0.59441298
vn  0.70113403  0.20883800 -0.68176001
vn  0.66136301  0.05285500 -0.74820101
vn  0.60138798 -0.10506300 -0.79201901
vn  0.52277100 -0.26035199 -0.81174397
vn  0.42833900 -0.40733600 -0.80659997
vn  0.32209301 -0.54044801 -0.77728498
vn  0.20624700 -0.65739900 -0.72476798
vn  0.08285300 -0.75569099 -0.64966601
vn -0.04334500 -0.83104998 -0.55450600
vn -0.16773599 -0.88078600 -0.44281000
vn -0.28677300 -0.90370500 -0.31792700
vn -0.39738500 -0.89920503 -0.18307200
vn -0.49627399 -0.86714602 -0.04206200
vn -0.57978100 -0.80861801  0.09995200
vn -0.63343602 -0.65449899  0.41278401
vn -0.59305102 -0.75548297  0.27845299
vn -0.65503198 -0.53246599  0.53610998
vn -0.65658301 -0.39379999  0.64328802
vn -0.63806999 -0.24360301  0.73042798
vn -0.60020101 -0.08632300  0.79517800
vn -0.54395598  0.07395200  0.83584899
vn -0.47079900  0.23258699  0.85102999
vn -0.38338199  0.38373399  0.84009898
vn -0.28541699  0.52162999  0.80401403
vn -0.17894800  0.64388698  0.74390000
vn -0.06589500  0.74790102  0.66053098
vn  0.04937500  0.82919002  0.55678201
vn  0.16265699  0.88487798  0.43650100
vn  0.27073300  0.91362798  0.30329499
vn  0.37083000  0.91471201  0.16058500
vn  0.45998901  0.88783801  0.01239700
vn  0.53492498  0.83390200 -0.13588201
vn  0.59299898  0.75550997 -0.27849099
vn  0.63337898  0.65452802 -0.41282499
vn  0.65497297  0.53249800 -0.53614998
vn  0.65652698  0.39382899 -0.64332801
vn  0.63801998  0.24363200 -0.73046201
vn  0.60015899  0.08634900 -0.79520601
vn  0.54392099 -0.07393900 -0.83587199
vn  0.47077599 -0.23257400 -0.85104603
vn  0.38336900 -0.38372499 -0.84010899
vn  0.28540799 -0.52163100 -0.80401701
vn  0.17894600 -0.64388800 -0.74389899
vn  0.06589600 -0.74790001 -0.66053200
vn -0.04937900 -0.82918900 -0.55678201
vn -0.16266499 -0.88487297 -0.43650800
vn -0.27074999 -0.91361898 -0.30330601
vn -0.37085801 -0.91469800 -0.16060100
vn -0.46002501 -0.88781899 -0.01242200
vn -0.53497201 -0.83387601  0.13585199
vn -0.58269799 -0.67939901  0.44595900
vn -0.55256498 -0.77544802  0.30553600
vn -0.59548098 -0.56160402  0.57445902
vn -0.59003597 -0.42629299  0.68566102
vn -0.56658798 -0.27843601  0.77553397
vn -0.52596301 -0.12240800  0.84165299
vn -0.46921000  0.03772700  0.88227999
vn -0.39782301  0.19735099  0.89598501
vn -0.31439599  0.35057199  0.88218701
vn -0.22244100  0.49151200  0.84198302
vn -0.12385800  0.61770099  0.77659798
vn -0.02045400  0.72646302  0.68690097
vn  0.08374900  0.81314498  0.57600403
vn  0.18495500  0.87467802  0.44802901
vn  0.28029901  0.90955901  0.30681199
vn  0.36733800  0.91691399  0.15598901
vn  0.44348800  0.89627999 -0.00018300
vn  0.50594997  0.84833300 -0.15603399
vn  0.55256301  0.77545100 -0.30553201
vn  0.58269900  0.67939800 -0.44595999
vn  0.59548199  0.56160903 -0.57445300
vn  0.59003597  0.42629600 -0.68566000
vn  0.56658798  0.27843699 -0.77553302
vn  0.52596498  0.12241400 -0.84165102
vn  0.46920800 -0.03773200 -0.88228101
vn  0.39782101 -0.19735301 -0.89598501
vn  0.31439599 -0.35056901 -0.88218802
vn  0.22243799 -0.49151599 -0.84198201
vn  0.12385800 -0.61770397 -0.77659601
vn  0.02045400 -0.72646499 -0.68689901
vn -0.08375200 -0.81314802 -0.57599902
vn -0.18495500 -0.87467802 -0.44802800
vn -0.28030100 -0.90956002 -0.30680799
vn -0.36733899 -0.91691297 -0.15598500
vn -0.44349000 -0.89627898  0.00018500
vn -0.50595403 -0.84832799  0.15604401
vn -0.53767800 -0.70029098  0.46956900
vn -0.51983303 -0.79067498  0.32343000
vn -0.53940499 -0.58760500  0.60312700
vn -0.52460301 -0.45662701  0.71852899
vn -0.49383500 -0.31216601  0.81159103
vn -0.44812101 -0.15850100  0.87980998
vn -0.38863799  0.00037500  0.92139000
vn -0.31698501  0.15988500  0.93485701
vn -0.23576701  0.31415400  0.91963100
vn -0.14835100  0.45724100  0.87688202
vn -0.05651900  0.58660400  0.80790001
vn  0.03801600  0.69951600  0.71360600
vn  0.13154601  0.79117697  0.59727299
vn  0.22066399  0.85832399  0.46323600
vn  0.30286801  0.89929199  0.31550699
vn  0.37604699  0.91304803  0.15789700
vn  0.43801099  0.89895499 -0.00513400
vn  0.48647699  0.85745400 -0.16766800
vn  0.51983100  0.79068202 -0.32341599
vn  0.53768200  0.70029598 -0.46955699
vn  0.53940898  0.58761501 -0.60311401
vn  0.52460402  0.45663500 -0.71852201
vn  0.49383500  0.31217101 -0.81158799
vn  0.44812301  0.15850900 -0.87980700
vn  0.38863900 -0.00037200 -0.92139000
vn  0.31698200 -0.15988500 -0.93485802
vn  0.23575900 -0.31415701 -0.91963202
vn  0.14834701 -0.45724601 -0.87687999
vn  0.05651900 -0.58660901 -0.80789602
vn -0.03802000 -0.69952297 -0.71359801
vn -0.13155299 -0.79118198 -0.59726501
vn -0.22067200 -0.85832798 -0.46322501
vn -0.30287600 -0.89929497 -0.31549200
vn -0.37605399 -0.91304803 -0.15788300
vn -0.43801701 -0.89895201  0.00514500
vn -0.48648399 -0.85744703  0.16768301
vn -0.48396599 -0.72506899  0.48995101
vn -0.48308000 -0.80753899  0.33840001
vn -0.47020099 -0.61963600  0.62846100
vn -0.44198799 -0.49489099  0.74815100
vn -0.40035599 -0.35539800  0.84463400
vn -0.34659499 -0.20527899  0.91527700
vn -0.28208601 -0.04844500  0.95816499
vn -0.20861800  0.11054800  0.97172898
vn -0.12888300  0.26581401  0.95537001
vn -0.04614700  0.41129801  0.91033202
vn  0.03792200  0.54434597  0.83800298
vn  0.12169200  0.66217500  0.73940200
vn  0.20182300  0.75982600  0.61800700
vn  0.27541301  0.83384597  0.47838101
vn  0.34044400  0.88241398  0.32472199
vn  0.39527300  0.90434700  0.16098100
vn  0.43825400  0.89881301 -0.00824200
vn  0.46781501  0.86595201 -0.17685100
vn  0.48307899  0.80755103 -0.33837301
vn  0.48397499  0.72508001 -0.48992601
vn  0.47020900  0.61964798 -0.62844300
vn  0.44199300  0.49490499 -0.74813801
vn  0.40035799  0.35540399 -0.84463102
vn  0.34659800  0.20528600 -0.91527498
vn  0.28209001  0.04845600 -0.95816302
vn  0.20861199 -0.11055000 -0.97172999
vn  0.12886600 -0.26582700 -0.95536900
vn  0.04613900 -0.41130900 -0.91032702
vn -0.03792200 -0.54435903 -0.83799499
vn -0.12169900 -0.66219002 -0.73938698
vn -0.20183399 -0.75983697 -0.61798900
vn -0.27542600 -0.83385700 -0.47835499
vn -0.34045401 -0.88242000 -0.32469299
vn -0.39528200 -0.90434802 -0.16095300
vn -0.43826601 -0.89880699  0.00826900
vn -0.46782500 -0.86594099  0.17687599
vn -0.40525699 -0.76039398  0.50751102
vn -0.42076099 -0.83582902  0.35263199
vn -0.37723801 -0.66093200  0.64873701
vn -0.33755100 -0.54089600  0.77038401
vn -0.28767899 -0.40475100  0.86799598
vn -0.22915800 -0.25658900  0.93896103
vn -0.16352300 -0.10028000  0.98142999
vn -0.09263700  0.05965600  0.99391103
vn -0.01909800  0.21734101  0.97590899
vn  0.05416800  0.36667001  0.92877299
vn  0.12577400  0.50496298  0.85392803
vn  0.19431800  0.62940198  0.75239199
vn  0.25703600  0.73480701  0.62768698
vn  0.31168100  0.81743598  0.48441100
vn  0.35677701  0.87515801  0.32681501
vn  0.39116901  0.90649301  0.15892300
vn  0.41375700  0.91027099 -0.01454600
vn  0.42367300  0.88624102 -0.18729100
vn  0.42076200  0.83583599 -0.35261601
vn  0.40526399  0.76040101 -0.50749499
vn  0.37724301  0.66093600 -0.64872998
vn  0.33755401  0.54089999 -0.77037901
vn  0.28767899  0.40474999 -0.86799598
vn  0.22916000  0.25658801 -0.93896103
vn  0.16352500  0.10028600 -0.98142898
vn  0.09263000 -0.05966000 -0.99391198
vn  0.01908500 -0.21735699 -0.97590601
vn -0.05417400 -0.36668199 -0.92876798
vn -0.12577400 -0.50497401 -0.85392201
vn -0.19431999 -0.62941098 -0.75238401
vn -0.25704300 -0.73481798 -0.62767202
vn -0.31168899 -0.81744599 -0.48438901
vn -0.35678199 -0.87516302 -0.32679799
vn -0.39117301 -0.90649402 -0.15890899
vn -0.41376299 -0.91026801  0.01456400
vn -0.42367899 -0.88623500  0.18730600
vn -0.33563900 -0.78823900  0.51577801
vn -0.34856901 -0.86477298  0.36148000
vn -0.31239700 -0.68699902  0.65608001
vn -0.27956501 -0.56457800  0.77659202
vn -0.23836599 -0.42548499  0.87300903
vn -0.19004899 -0.27382800  0.94281501
vn -0.13584000 -0.11346400  0.98421198
vn -0.07723900  0.05107500  0.99570298
vn -0.01636900  0.21379399  0.97674203
vn  0.04435900  0.36838999  0.92861199
vn  0.10379500  0.51205200  0.85266000
vn  0.16075800  0.64178002  0.74984998
vn  0.21291099  0.75207603  0.62374002
vn  0.25834799  0.83892900  0.47901499
vn  0.29581100  0.90003502  0.32005101
vn  0.32432699  0.93381298  0.15101500
vn  0.34298900  0.93905199 -0.02323500
vn  0.35109901  0.91553003 -0.19630300
vn  0.34856901  0.86477399 -0.36147699
vn  0.33563900  0.78824198 -0.51577300
vn  0.31239700  0.68699998 -0.65607899
vn  0.27956501  0.56457800 -0.77659202
vn  0.23836599  0.42548600 -0.87300801
vn  0.19004899  0.27382901 -0.94281399
vn  0.13584000  0.11346800 -0.98421198
vn  0.07723900 -0.05107400 -0.99570400
vn  0.01636800 -0.21379600 -0.97674102
vn -0.04436000 -0.36839199 -0.92861199
vn -0.10379600 -0.51205498 -0.85265797
vn -0.16075800 -0.64178002 -0.74985099
vn -0.21291099 -0.75207698 -0.62373799
vn -0.25835001 -0.83893299 -0.47900701
vn -0.29581201 -0.90003598 -0.32004800
vn -0.32432699 -0.93381298 -0.15101600
vn -0.34298801 -0.93905199  0.02323800
vn -0.35109901 -0.91552901  0.19630601
vn -0.28836501 -0.80389798  0.52018601
vn -0.28634301 -0.88483399  0.36752799
vn -0.28165701 -0.69769597  0.65870303
vn -0.26631799 -0.56993997  0.77733099
vn -0.24293301 -0.42534700  0.87181598
vn -0.21224400 -0.26820099  0.93969202
vn -0.17503300 -0.10252400  0.97921002
vn -0.13231100  0.06697800  0.98894298
vn -0.08561600  0.23413700  0.96842599
vn -0.03684400  0.39247599  0.91902399
vn  0.01304900  0.53912902  0.84212202
vn  0.06312100  0.67106199  0.73870897
vn  0.11137100  0.78268498  0.61237299
vn  0.15603000  0.86995202  0.46780199
vn  0.19584200  0.93056798  0.30933499
vn  0.22977100  0.96296102  0.14111000
vn  0.25677401  0.96594000 -0.03205500
vn  0.27585000  0.93934298 -0.20381500
vn  0.28641701  0.88481700 -0.36750999
vn  0.28842601  0.80388600 -0.52017099
vn  0.28170601  0.69768697 -0.65869200
vn  0.26635301  0.56993598 -0.77732199
vn  0.24295500  0.42534801 -0.87181002
vn  0.21225400  0.26820299 -0.93968898
vn  0.17503700  0.10252800 -0.97920901
vn  0.13231300 -0.06697800 -0.98894298
vn  0.08562300 -0.23413400 -0.96842700
vn  0.03685600 -0.39247701 -0.91902298
vn -0.01302900 -0.53913999 -0.84211498
vn -0.06308400 -0.67106998 -0.73870498
vn -0.11131600 -0.78269303 -0.61237198
vn -0.15596400 -0.86996901 -0.46779200
vn -0.19576700 -0.93058902 -0.30932000
vn -0.22968701 -0.96298301 -0.14109500
vn -0.25668800 -0.96596199  0.03207200
vn -0.27576700 -0.93936402  0.20383400
vn -0.23004000 -0.81747001  0.52803898
vn -0.21844099 -0.90022898  0.37665901
vn -0.23477300 -0.70895398  0.66503102
vn -0.23231800 -0.57848501  0.78191000
vn -0.22278599 -0.43090200  0.87446499
vn -0.20652001 -0.27060500  0.94027799
vn -0.18394101 -0.10174000  0.97765797
vn -0.15564500  0.07089300  0.98526597
vn -0.12264500  0.24101700  0.96274000
vn -0.08632400  0.40202901  0.91154802
vn -0.04742200  0.55103701  0.83313203
vn -0.00663700  0.68499702  0.72851598
vn  0.03444300  0.79825598  0.60133201
vn  0.07431600  0.88672501  0.45628399
vn  0.11184700  0.94808698  0.29769301
vn  0.14606200  0.98074001  0.12966999
vn  0.17593600  0.98346198 -0.04299700
vn  0.20035900  0.95606899 -0.21398200
vn  0.21848600  0.90022099 -0.37665099
vn  0.23007800  0.81746101 -0.52803600
vn  0.23480199  0.70894802 -0.66502702
vn  0.23233800  0.57848102 -0.78190702
vn  0.22279900  0.43090299 -0.87446201
vn  0.20652600  0.27060801 -0.94027603
vn  0.18394300  0.10173700 -0.97765797
vn  0.15564300 -0.07090600 -0.98526502
vn  0.12264800 -0.24101400 -0.96274102
vn  0.08633200 -0.40202600 -0.91154897
vn  0.04743300 -0.55105001 -0.83312303
vn  0.00666000 -0.68500000 -0.72851199
vn -0.03440900 -0.79825598 -0.60133398
vn -0.07427500 -0.88673103 -0.45627999
vn -0.11180100 -0.94809598 -0.29768199
vn -0.14601199 -0.98074901 -0.12965900
vn -0.17588300 -0.98347098  0.04300300
vn -0.20030899 -0.95607698  0.21399300
vn -0.15231800 -0.82795799  0.53970802
vn -0.13937700 -0.91087902  0.38842300
vn -0.16076800 -0.71889800  0.67626899
vn -0.16429900 -0.58751601  0.79235798
vn -0.16279501 -0.43869799  0.88376600
vn -0.15634701 -0.27692199  0.94808698
vn -0.14512700 -0.10639700  0.98367602
vn -0.12942100  0.06800600  0.98925501
vn -0.10979300  0.23992400  0.96456301
vn -0.08709300  0.40268299  0.91118699
vn -0.06180300  0.55337101  0.83063900
vn -0.03435900  0.68893802  0.72400600
vn -0.00580800  0.80370802  0.59499598
vn  0.02280800  0.89355898  0.44836700
vn  0.05067400  0.95614898  0.28846499
vn  0.07707100  0.98985201  0.11938900
vn  0.10122200  0.99339402 -0.05406300
vn  0.12223400  0.96653301 -0.22554900
vn  0.13934600  0.91088301 -0.38842699
vn  0.15229200  0.82795697 -0.53971702
vn  0.16074800  0.71890098 -0.67627102
vn  0.16428500  0.58751899 -0.79235798
vn  0.16278601  0.43870401 -0.88376403
vn  0.15634300  0.27692699 -0.94808698
vn  0.14512500  0.10639100 -0.98367703
vn  0.12941900 -0.06802400 -0.98925400
vn  0.10979300 -0.23991799 -0.96456498
vn  0.08709000 -0.40267000 -0.91119301
vn  0.06179200 -0.55337799 -0.83063501
vn  0.03434400 -0.68893802 -0.72400600
vn  0.00578800 -0.80370200 -0.59500301
vn -0.02283500 -0.89355397 -0.44837499
vn -0.05070500 -0.95614600 -0.28846800
vn -0.07710600 -0.98984897 -0.11939200
vn -0.10125700 -0.99339098  0.05405400
vn -0.12226800 -0.96652901  0.22555000
vn -0.06091200 -0.83301002  0.54989499
vn -0.05385700 -0.91575199  0.39811799
vn -0.06619300 -0.72396398  0.68665397
vn -0.06945200 -0.59241599  0.80263299
vn -0.07057500 -0.44324699  0.89361697
vn -0.06954800 -0.28096199  0.95719600
vn -0.06639900 -0.10978700  0.99173498
vn -0.06120300  0.06536300  0.99598300
vn -0.05414700  0.23807301  0.96973699
vn -0.04554400  0.40166101  0.91465503
vn -0.03558700  0.55317599  0.83230400
vn -0.02444300  0.68954599  0.72382897
vn -0.01252900  0.80510902  0.59299397
vn -0.00028200  0.89571100  0.44463599
vn  0.01194700  0.95900100  0.28315201
vn  0.02384500  0.99334800  0.11265700
vn  0.03506500  0.99745899 -0.06201800
vn  0.04519300  0.97106498 -0.23449899
vn  0.05385700  0.91575301 -0.39811701
vn  0.06091200  0.83301002 -0.54989398
vn  0.06619300  0.72396398 -0.68665498
vn  0.06945200  0.59241301 -0.80263501
vn  0.07057500  0.44324899 -0.89361602
vn  0.06954800  0.28096399 -0.95719498
vn  0.06639900  0.10978200 -0.99173498
vn  0.06120200 -0.06537000 -0.99598199
vn  0.05414600 -0.23807099 -0.96973699
vn  0.04554500 -0.40164199 -0.91466302
vn  0.03558700 -0.55317801 -0.83230197
vn  0.02444300 -0.68955803 -0.72381800
vn  0.01252900 -0.80510998 -0.59299397
vn  0.00028200 -0.89571100 -0.44463700
vn -0.01194700 -0.95900100 -0.28315100
vn -0.02384500 -0.99334800 -0.11265500
vn -0.03506500 -0.99745899  0.06201700
vn -0.04519400 -0.97106397  0.23450300
vn  0.03073400 -0.83220702  0.55361199
vn  0.02912900 -0.91523302  0.40187201
vn  0.03142200 -0.72290999  0.69022799
vn  0.03114500 -0.59114897  0.80596101
vn  0.02991800 -0.44180900  0.89661002
vn  0.02778300 -0.27937400  0.95977998
vn  0.02479700 -0.10809100  0.99383199
vn  0.02104000  0.06711400  0.99752301
vn  0.01664700  0.23984700  0.97066802
vn  0.01180500  0.40341601  0.91494101
vn  0.00661300  0.55484498  0.83192801
vn  0.00116500  0.69106698  0.72279000
vn -0.00433100  0.80642903  0.59131497
vn -0.00967300  0.89678001  0.44237000
vn -0.01470900  0.95977801  0.28037500
vn -0.01931200  0.99380302  0.10946900
vn -0.02334400  0.99757898 -0.06550900
vn -0.02665500  0.97085500 -0.23818199
vn -0.02912900  0.91523403 -0.40186799
vn -0.03073300  0.83221197 -0.55360502
vn -0.03142100  0.72290897 -0.69022799
vn -0.03114500  0.59114498 -0.80596399
vn -0.02991700  0.44180599 -0.89661098
vn -0.02778300  0.27937299 -0.95978099
vn -0.02479700  0.10809200 -0.99383199
vn -0.02104000 -0.06712100 -0.99752301
vn -0.01664800 -0.23984900 -0.97066700
vn -0.01180600 -0.40339601 -0.91494900
vn -0.00661200 -0.55484498 -0.83192700
vn -0.00116300 -0.69108099 -0.72277701
vn  0.00433200 -0.80643302 -0.59131002
vn  0.00967300 -0.89678103 -0.44237000
vn  0.01470900 -0.95977700 -0.28037700
vn  0.01931200 -0.99380302 -0.10946500
vn  0.02334300 -0.99757898  0.06551300
vn  0.02665400 -0.97085398  0.23818500
vn  0.12069700 -0.82664001  0.54963398
vn  0.10974500 -0.91047603  0.39873600
vn  0.12809899 -0.71668202  0.68553400
vn  0.13158301 -0.58443701  0.80069900
vn  0.13102899 -0.43482199  0.89093298
vn  0.12649100 -0.27231601  0.95385700
vn  0.11808600 -0.10116600  0.98783702
vn  0.10603000  0.07368500  0.99162900
vn  0.09075600  0.24585700  0.96504802
vn  0.07292800  0.40868300  0.90975797
vn  0.05293400  0.55919898  0.82734197
vn  0.03112000  0.69436800  0.71894699
vn  0.00831000  0.80856401  0.58835000
vn -0.01465800  0.89769101  0.44038200
vn -0.03713200  0.95945102  0.27941900
vn -0.05853500  0.99225301  0.10958100
vn -0.07823800  0.99485701 -0.06432600
vn -0.09551900  0.96705198 -0.23598000
vn -0.10974500  0.91047800 -0.39873099
vn -0.12069500  0.82664299 -0.54963100
vn -0.12809800  0.71668202 -0.68553501
vn -0.13158201  0.58444101 -0.80069602
vn -0.13102899  0.43481901 -0.89093399
vn -0.12649000  0.27231300 -0.95385802
vn -0.11808700  0.10116900 -0.98783600
vn -0.10603000 -0.07369600 -0.99162799
vn -0.09075600 -0.24586301 -0.96504599
vn -0.07292900 -0.40866899 -0.90976399
vn -0.05293200 -0.55920100 -0.82734102
vn -0.03111700 -0.69437599 -0.71893901
vn -0.00830900 -0.80856901 -0.58834201
vn  0.01465900 -0.89769298 -0.44037700
vn  0.03713200 -0.95945102 -0.27941999
vn  0.05853500 -0.99225301 -0.10957700
vn  0.07823800 -0.99485701  0.06433300
vn  0.09551700 -0.96705198  0.23598100
vn  0.21596999 -0.81578898  0.53651202
vn  0.19481701 -0.90105301  0.38749099
vn  0.23079000 -0.70470399  0.67091602
vn  0.23855200 -0.57167298  0.78503698
vn  0.23898400 -0.42164201  0.87470299
vn  0.23214100 -0.25914100  0.93752700
vn  0.21820299 -0.08838700  0.97189200
vn  0.19751699  0.08569100  0.97654700
vn  0.17083700  0.25667700  0.95127898
vn  0.13932900  0.41798499  0.89770597
vn  0.10368200  0.56671000  0.81736797
vn  0.06451000  0.69983298  0.71138799
vn  0.02329400  0.81180298  0.58346599
vn -0.01846000  0.89862603  0.43832800
vn -0.05956200  0.95807600  0.28025600
vn -0.09896200  0.98862100  0.11329000
vn -0.13550600  0.98908597 -0.05785600
vn -0.16785300  0.95932901 -0.22696400
vn -0.19481701  0.90105402 -0.38749000
vn -0.21596700  0.81579399 -0.53650600
vn -0.23078801  0.70470297 -0.67091697
vn -0.23855200  0.57167602 -0.78503501
vn -0.23898400  0.42164800 -0.87470001
vn -0.23214000  0.25913301 -0.93752903
vn -0.21820299  0.08838200 -0.97189301
vn -0.19751801 -0.08569100 -0.97654700
vn -0.17083700 -0.25668600 -0.95127702
vn -0.13932800 -0.41798800 -0.89770502
vn -0.10367800 -0.56671703 -0.81736302
vn -0.06450600 -0.69984001 -0.71138102
vn -0.02329200 -0.81180799 -0.58345902
vn  0.01846200 -0.89863002 -0.43832001
vn  0.05956400 -0.95807701 -0.28025201
vn  0.09896300 -0.98862201 -0.11328400
vn  0.13550700 -0.98908502  0.05786300
vn  0.16785100 -0.95932901  0.22696599
vn  0.31414801 -0.79885298  0.51297599
vn  0.28241599 -0.88626897  0.36710900
vn  0.33668000 -0.68610299  0.64490998
vn  0.34891701 -0.55197603  0.75735098
vn  0.35042900 -0.40143701  0.84619600
vn  0.34126899 -0.23904900  0.90906000
vn  0.32168201 -0.06903900  0.94432801
vn  0.29214501  0.10371900  0.95073301
vn  0.25373900  0.27283201  0.92799801
vn  0.20815501  0.43177900  0.87763202
vn  0.15638199  0.57774800  0.80109400
vn  0.09931600  0.70774603  0.69945103
vn  0.03911400  0.81633598  0.57625198
vn -0.02203100  0.89966100  0.43603399
vn -0.08237300  0.95559299  0.28294301
vn -0.14036800  0.98269099  0.12089000
vn -0.19432500  0.97987902 -0.04555600
vn -0.24225999  0.94713402 -0.21034800
vn -0.28241500  0.88626999 -0.36710700
vn -0.31414199  0.79886198 -0.51296598
vn -0.33667701  0.68610501 -0.64490998
vn -0.34891701  0.55197299 -0.75735301
vn -0.35043001  0.40144899 -0.84618998
vn -0.34126899  0.23904701 -0.90906101
vn -0.32168001  0.06902400 -0.94432902
vn -0.29214701 -0.10372000 -0.95073301
vn -0.25374100 -0.27283701 -0.92799503
vn -0.20815200 -0.43179101 -0.87762702
vn -0.15637501 -0.57775903 -0.80108798
vn -0.09930900 -0.70775503 -0.69944298
vn -0.03910900 -0.81634301 -0.57624203
vn  0.02203500 -0.89966601 -0.43602300
vn  0.08237600 -0.95559603 -0.28293300
vn  0.14037099 -0.98269200 -0.12088000
vn  0.19432600 -0.97987801  0.04556700
vn  0.24225900 -0.94713300  0.21035400
vn  0.41988000 -0.77379203  0.47428501
vn  0.37674201 -0.86429799  0.33324900
vn  0.45072901 -0.65862501  0.60254103
vn  0.46778300 -0.52286899  0.71259201
vn  0.47043300 -0.37156400  0.80039603
vn  0.45872700 -0.20928501  0.86357898
vn  0.43298599 -0.04031000  0.90049899
vn  0.39384899  0.13048200  0.90986699
vn  0.34275100  0.29677701  0.89131600
vn  0.28196299  0.45216700  0.84619302
vn  0.21281300  0.59393102  0.77585799
vn  0.13649900  0.71916997  0.68129402
vn  0.05590300  0.82265002  0.56579399
vn -0.02605300  0.90072799  0.43360099
vn -0.10704000  0.95144397  0.28861299
vn -0.18500200  0.97349000  0.13450401
vn -0.25766999  0.96592498 -0.02440300
vn -0.32237500  0.92888099 -0.18235700
vn -0.37673900  0.86430299 -0.33323899
vn -0.41987401  0.77379900 -0.47427899
vn -0.45072600  0.65862697 -0.60254103
vn -0.46778300  0.52286798 -0.71259302
vn -0.47043300  0.37156999 -0.80039299
vn -0.45872799  0.20928900 -0.86357802
vn -0.43298399  0.04029500 -0.90050101
vn -0.39384800 -0.13049400 -0.90986598
vn -0.34275201 -0.29678601 -0.89131302
vn -0.28195900 -0.45217600 -0.84618902
vn -0.21280600 -0.59393799 -0.77585500
vn -0.13649000 -0.71917999 -0.68128699
vn -0.05589400 -0.82265902 -0.56578100
vn  0.02606200 -0.90073502 -0.43358701
vn  0.10704900 -0.95144701 -0.28859800
vn  0.18500800 -0.97349101 -0.13449199
vn  0.25767201 -0.96592402  0.02441700
vn  0.32237601 -0.92887801  0.18237101
vn  0.52245098 -0.74112803  0.42163199
vn  0.46841699 -0.83555198  0.28712100
vn  0.56120300 -0.62302297  0.54487997
vn  0.58279097 -0.48544699  0.65168703
vn  0.58645099 -0.33351299  0.73813599
vn  0.57223600 -0.17177100  0.80189902
vn  0.54052597 -0.00445800  0.84131598
vn  0.49210599  0.16356800  0.85503101
vn  0.42874101  0.32612500  0.84250998
vn  0.35323301  0.47697699  0.80480999
vn  0.26723099  0.61349100  0.74311298
vn  0.17222001  0.73284298  0.65824097
vn  0.07179100  0.83000398  0.55311900
vn -0.03040400  0.90154099  0.43162301
vn -0.13145100  0.94567502  0.29735401
vn -0.22877599  0.96126401  0.15372799
vn -0.31953999  0.94756103  0.00478000
vn -0.40040800  0.90493703 -0.14409301
vn -0.46840999  0.83556098 -0.28710499
vn -0.52244401  0.74113601 -0.42162800
vn -0.56119901  0.62302500 -0.54488099
vn -0.58279097  0.48544800 -0.65168601
vn -0.58645099  0.33351001 -0.73813701
vn -0.57223499  0.17176600 -0.80190003
vn -0.54052502  0.00445000 -0.84131598
vn -0.49210501 -0.16358200 -0.85502797
vn -0.42874199 -0.32613599 -0.84250599
vn -0.35322699 -0.47698799 -0.80480599
vn -0.26721901 -0.61350000 -0.74310899
vn -0.17220999 -0.73285103 -0.65823501
vn -0.07178200 -0.83001101 -0.55310798
vn  0.03041600 -0.90154898 -0.43160701
vn  0.13146400 -0.94567901 -0.29733601
vn  0.22878399 -0.96126401 -0.15371600
vn  0.31954300 -0.94756001 -0.00476700
vn  0.40041101 -0.90493298  0.14410900
vn  0.59919500 -0.71009499  0.36976999
vn  0.53714800 -0.80816299  0.24154501
vn  0.64371902 -0.58929998  0.48821300
vn  0.66857803 -0.45011601  0.59194601
vn  0.67290199 -0.29770601  0.67718101
vn  0.65675497 -0.13659100  0.74163002
vn  0.62055898  0.02904000  0.78362203
vn  0.56519699  0.19437800  0.80172902
vn  0.49266401  0.35336399  0.79524601
vn  0.40615499  0.49991700  0.76493198
vn  0.30754900  0.63148499  0.71178699
vn  0.19853300  0.74531901  0.63646299
vn  0.08324500  0.83655101  0.54152799
vn -0.03411000  0.90195000  0.43049201
vn -0.15017100  0.93989599  0.30666801
vn -0.26195601  0.94940400  0.17323600
vn -0.36619800  0.92991698  0.03394800
vn -0.45906001  0.88204300 -0.10612800
vn -0.53714001  0.80817300 -0.24153100
vn -0.59918702  0.71010399 -0.36976501
vn -0.64371502  0.58930200 -0.48821399
vn -0.66857702  0.45011899 -0.59194398
vn -0.67290199  0.29769799 -0.67718500
vn -0.65675300  0.13657901 -0.74163401
vn -0.62055999 -0.02904000 -0.78362101
vn -0.56519598 -0.19438900 -0.80172700
vn -0.49266699 -0.35337099 -0.79524100
vn -0.40614900 -0.49992701 -0.76492900
vn -0.30752900 -0.63150197 -0.71178102
vn -0.19852400 -0.74532300 -0.63646001
vn -0.08323600 -0.83655697 -0.54152101
vn  0.03412300 -0.90195501 -0.43047899
vn  0.15018301 -0.93989801 -0.30665401
vn  0.26196501 -0.94940400 -0.17322400
vn  0.36620000 -0.92991698 -0.03393900
vn  0.45906299 -0.88204002  0.10614200
vn  0.66035998 -0.68047899  0.31760499
vn  0.59189200 -0.78196597  0.19542900
vn  0.70951301 -0.55712301  0.43151599
vn  0.73698801 -0.41635400  0.53244603
vn  0.74181998 -0.26339000  0.61670798
vn  0.72407800 -0.10275700  0.68202102
vn  0.68422699  0.06135000  0.72668397
vn  0.62324297  0.22415900  0.74921399
vn  0.54332298  0.37970600  0.74874800
vn  0.44799000  0.52206099  0.72578102
vn  0.33932000  0.64876598  0.68114901
vn  0.21917699  0.75715500  0.61536801
vn  0.09211400  0.84257299  0.53064698
vn -0.03723700  0.90200502  0.43011701
vn -0.16517200  0.93400198  0.31679299
vn -0.28840801  0.93773597  0.19358000
vn -0.40334699  0.91281098  0.06392600
vn -0.50575602  0.86003500 -0.06745100
vn -0.59188700  0.78197199 -0.19542000
vn -0.66035300  0.68048799 -0.31760100
vn -0.70951003  0.55712599 -0.43151599
vn -0.73698699  0.41635299 -0.53244698
vn -0.74181998  0.26337999 -0.61671197
vn -0.72407699  0.10275100 -0.68202299
vn -0.68422800 -0.06134700 -0.72668302
vn -0.62323898 -0.22417100 -0.74921298
vn -0.54332203 -0.37971500 -0.74874401
vn -0.44798201 -0.52207202 -0.72577798
vn -0.33930400 -0.64877802 -0.68114603
vn -0.21917100 -0.75715703 -0.61536801
vn -0.09210400 -0.84257901 -0.53063899
vn  0.03724600 -0.90200800 -0.43010899
vn  0.16518100 -0.93400300 -0.31678501
vn  0.28841501 -0.93773502 -0.19357100
vn  0.40334901 -0.91281098 -0.06391900
vn  0.50575900 -0.86003298  0.06746200
vn  0.71750402 -0.64696300  0.25812200
vn  0.64573902 -0.75068200  0.13963200
vn  0.76821202 -0.52240598  0.37005600
vn  0.79543197 -0.38155699  0.47085300
vn  0.79824001 -0.22963500  0.55684799
vn  0.77680099 -0.07112100  0.62571698
vn  0.73169303  0.08985900  0.67568600
vn  0.66403002  0.24865399  0.70514899
vn  0.57623899  0.39947799  0.71299797
vn  0.47214100  0.53662902  0.69936597
vn  0.35396600  0.65776402  0.66487199
vn  0.22374900  0.76029003  0.60983300
vn  0.08639300  0.83977902  0.53601098
vn -0.05309800  0.89339399  0.44612500
vn -0.19069600  0.91981500  0.34289300
vn -0.32286000  0.91833401  0.22896200
vn -0.44569400  0.88870400  0.10752800
vn -0.55465001  0.83191103 -0.01697300
vn -0.64573902  0.75068301 -0.13963000
vn -0.71749902  0.64697099 -0.25811499
vn -0.76820999  0.52241099 -0.37005401
vn -0.79543197  0.38155001 -0.47085699
vn -0.79824001  0.22962800 -0.55685198
vn -0.77680200  0.07112500 -0.62571502
vn -0.73169398 -0.08985600 -0.67568398
vn -0.66402799 -0.24866100 -0.70514798
vn -0.57623303 -0.39949000 -0.71299601
vn -0.47213101 -0.53663999 -0.69936401
vn -0.35396701 -0.65776199 -0.66487402
vn -0.22374800 -0.76028901 -0.60983402
vn -0.08638400 -0.83978301 -0.53600502
vn  0.05310100 -0.89339602 -0.44612101
vn  0.19069999 -0.91981500 -0.34288999
vn  0.32286200 -0.91833401 -0.22896001
vn  0.44569501 -0.88870400 -0.10752400
vn  0.55465001 -0.83191103  0.01697800
vn  0.76390201 -0.61303902  0.20158499
vn  0.69433498 -0.71513301  0.08052500
vn  0.81098902 -0.49121299  0.31781399
vn  0.83330500 -0.35410801  0.42451200
vn  0.83012199 -0.20678400  0.51782000
vn  0.80178797 -0.05355300  0.59520400
vn  0.74904901  0.10162500  0.65467399
vn  0.67320800  0.25428700  0.69435501
vn  0.57696700  0.39886901  0.71275002
vn  0.46445501  0.52991599  0.70955598
vn  0.33804500  0.64518100  0.68517703
vn  0.19994301  0.74215001  0.63971502
vn  0.05537000  0.81660801  0.57453001
vn -0.09037800  0.86587000  0.49203700
vn -0.23307800  0.88872498  0.39476901
vn -0.36903200  0.88456500  0.28523800
vn -0.49420601  0.85324800  0.16651800
vn -0.60396498  0.79585302  0.04295200
vn -0.69432700  0.71513897 -0.08053400
vn -0.76389402  0.61304897 -0.20158499
vn -0.81098598  0.49122000 -0.31781301
vn -0.83330399  0.35410500 -0.42451599
vn -0.83012199  0.20677900 -0.51782298
vn -0.80178899  0.05355900 -0.59520298
vn -0.74904698 -0.10162000 -0.65467697
vn -0.67320198 -0.25428101 -0.69436300
vn -0.57695299 -0.39886701 -0.71276301
vn -0.46443799 -0.52991003 -0.70957202
vn -0.33803800 -0.64515901 -0.68520099
vn -0.19992501 -0.74213499 -0.63973898
vn -0.05534800 -0.81659299 -0.57455498
vn  0.09039800 -0.86585301 -0.49206400
vn  0.23309900 -0.88870800 -0.39479500
vn  0.36904901 -0.88454998 -0.28526199
vn  0.49422199 -0.85323501 -0.16653700
vn  0.60397398 -0.79584497 -0.04297000
vn  0.79310101 -0.58688098  0.16297700
vn  0.72885501 -0.68377203  0.03501600
vn  0.83395302 -0.47109899  0.28738299
vn  0.84933102 -0.34064901  0.40322900
vn  0.83875299 -0.20033300  0.50632000
vn  0.80276501 -0.05426000  0.59382099
vn  0.74230301  0.09378600  0.66346902
vn  0.65887803  0.23955400  0.71308702
vn  0.55548000  0.37769800  0.74080098
vn  0.43652099  0.50298798  0.74595702
vn  0.30449700  0.61326802  0.72882402
vn  0.16174699  0.70613903  0.68935102
vn  0.01370800  0.77756900  0.62864798
vn -0.13418600  0.82499099  0.54898500
vn -0.27766600  0.84725398  0.45283699
vn -0.41303000  0.84378499  0.34268501
vn -0.53626400  0.81444103  0.22159900
vn -0.64281100  0.76023602  0.09399700
vn -0.72885197  0.68377501 -0.03501800
vn -0.79309899  0.58688498 -0.16297500
vn -0.83395100  0.47110301 -0.28738201
vn -0.84932899  0.34064999 -0.40323499
vn -0.83874798  0.20033400 -0.50632799
vn -0.80276000  0.05427000 -0.59382701
vn -0.74229097 -0.09378100 -0.66348302
vn -0.65886301 -0.23954301 -0.71310502
vn -0.55546302 -0.37768301 -0.74082202
vn -0.43650201 -0.50296998 -0.74598098
vn -0.30448201 -0.61324602 -0.72884899
vn -0.16172500 -0.70612299 -0.68937302
vn -0.01369100 -0.77755201 -0.62866902
vn  0.13419899 -0.82497501 -0.54900599
vn  0.27768001 -0.84724098 -0.45285299
vn  0.41303900 -0.84377497 -0.34269801
vn  0.53627002 -0.81443501 -0.22160900
vn  0.64281398 -0.76023299 -0.09400500
vn  0.80219901 -0.57774103  0.15063500
vn  0.74457401 -0.66737998  0.01458200
vn  0.83610302 -0.46956000  0.28362900
vn  0.84446102 -0.34674701  0.40823099
vn  0.82702500 -0.21381500  0.51991701
vn  0.78452897 -0.07469000  0.61557698
vn  0.71806800  0.06703200  0.69273698
vn  0.62932903  0.20728201  0.74898601
vn  0.52150899  0.34089300  0.78218901
vn  0.39919001  0.46278301  0.79150498
vn  0.26493201  0.57083303  0.77714902
vn  0.12114800  0.66271400  0.73900801
vn -0.02665100  0.73446500  0.67812300
vn -0.17304300  0.78351599  0.59679002
vn -0.31382000  0.80867702  0.49755400
vn -0.44536901  0.80930799  0.38297099
vn -0.56379199  0.78516799  0.25622401
vn -0.66472000  0.73707700  0.12192000
vn -0.74457800  0.66737700 -0.01456900
vn -0.80220097  0.57774103 -0.15062700
vn -0.83610600  0.46955201 -0.28363299
vn -0.84446299  0.34673601 -0.40823600
vn -0.82703000  0.21381500 -0.51990700
vn -0.78454000  0.07468800 -0.61556298
vn -0.71807599 -0.06705300 -0.69272703
vn -0.62934202 -0.20730500 -0.74896902
vn -0.52152902 -0.34091601 -0.78216600
vn -0.39921299 -0.46281099 -0.79147702
vn -0.26496300 -0.57086003 -0.77711898
vn -0.12117800 -0.66274500 -0.73897600
vn  0.02662200 -0.73449600 -0.67809099
vn  0.17301100 -0.78354400 -0.59676200
vn  0.31379500 -0.80870098 -0.49752799
vn  0.44534799 -0.80932897 -0.38295099
vn  0.56377602 -0.78518403 -0.25620800
vn  0.66471201 -0.73708701 -0.12190600
vn  0.79299700 -0.58798999  0.15944700
vn  0.74358398 -0.66847801  0.01482900
vn  0.81890303 -0.48875800  0.30085301
vn  0.81979001 -0.37430200  0.43340701
vn  0.79566002 -0.24882500  0.55227703
vn  0.74742401 -0.11605800  0.65413201
vn  0.67631000  0.02057800  0.73632997
vn  0.58414501  0.15716299  0.79628801
vn  0.47426501  0.28865299  0.83171701
vn  0.35131201  0.41000500  0.84170997
vn  0.21785600  0.51907003  0.82650203
vn  0.07632700  0.61352199  0.78598100
vn -0.06780400  0.68932599  0.72127098
vn -0.20925701  0.74377900  0.63482702
vn -0.34398800  0.77553099  0.52936101
vn -0.46854001  0.78378999  0.40760699
vn -0.57923299  0.76811302  0.27293199
vn -0.67199200  0.72901797  0.13022900
vn -0.74357998  0.66848201 -0.01481700
vn -0.79299599  0.58799303 -0.15944099
vn -0.81890601  0.48874500 -0.30086601
vn -0.81979400  0.37428799 -0.43341199
vn -0.79567403  0.24883100 -0.55225497
vn -0.74744302  0.11605200 -0.65411103
vn -0.67632598 -0.02060600 -0.73631400
vn -0.58417100 -0.15719099 -0.79626399
vn -0.47429401 -0.28868601 -0.83168799
vn -0.35134199 -0.41004199 -0.84167898
vn -0.21789099 -0.51910299 -0.82647198
vn -0.07636000 -0.61355501 -0.78595102
vn  0.06777700 -0.68935800 -0.72124302
vn  0.20923100 -0.74380398 -0.63480598
vn  0.34397000 -0.77555102 -0.52934402
vn  0.46852800 -0.78380400 -0.40759400
vn  0.57922298 -0.76812100 -0.27292800
vn  0.67198998 -0.72902000 -0.13022301
vn  0.78926802 -0.59210402  0.16269200
vn  0.74903399 -0.66245401  0.01016900
vn  0.80600798 -0.50303298  0.31194299
vn  0.79812801 -0.39837599  0.45198101
vn  0.76597297 -0.28198099  0.57773000
vn  0.71067798 -0.15728800  0.68571001
vn  0.63365102 -0.02750100  0.77313000
vn  0.53688401  0.10369800  0.83725899
vn  0.42385501  0.23149100  0.87564802
vn  0.29928100  0.35095099  0.88727897
vn  0.16571601  0.45993599  0.87235099
vn  0.02560500  0.55614001  0.83069402
vn -0.11558800  0.63546401  0.76343000
vn -0.25268301  0.69504499  0.67309999
vn -0.38175201  0.73335499  0.56254399
vn -0.49945399  0.74941701  0.43464899
vn -0.60228002  0.74257898  0.29297701
vn -0.68643302  0.71305400  0.14270200
vn -0.74903202  0.66245598 -0.01016400
vn -0.78926802  0.59210402 -0.16269000
vn -0.80600899  0.50302899 -0.31194800
vn -0.79812902  0.39837801 -0.45197901
vn -0.76597703  0.28199199 -0.57771999
vn -0.71067899  0.15729199 -0.68570697
vn -0.63364702  0.02749400 -0.77313399
vn -0.53688502 -0.10369600 -0.83725798
vn -0.42385900 -0.23148701 -0.87564701
vn -0.29928100 -0.35095200 -0.88727897
vn -0.16571800 -0.45993501 -0.87235200
vn -0.02560900 -0.55613798 -0.83069497
vn  0.11558600 -0.63546300 -0.76343101
vn  0.25268099 -0.69504499 -0.67310101
vn  0.38175699 -0.73335600 -0.56253898
vn  0.49945599 -0.74941701 -0.43464699
vn  0.60227901 -0.74257898 -0.29297799
vn  0.68643397 -0.71305299 -0.14270100
vn  0.81637597 -0.55994099  0.14140899
vn  0.78244901 -0.62250298 -0.01624400
vn  0.82584500 -0.47966599  0.29648101
vn  0.81000698 -0.38453501  0.44274399
vn  0.76953501 -0.27808499  0.57487798
vn  0.70583302 -0.16346300  0.68926001
vn  0.62056398 -0.04364200  0.78294098
vn  0.51599503  0.07797100  0.85303599
vn  0.39588901  0.19694801  0.89692998
vn  0.26521799  0.30871499  0.91342998
vn  0.12660199  0.41129300  0.90266800
vn -0.01742500  0.50254399  0.86437601
vn -0.16126300  0.57861203  0.79950100
vn -0.29966301  0.63674802  0.71046102
vn -0.42867601  0.67542601  0.60003000
vn -0.54496300  0.69363302  0.47104999
vn -0.64500499  0.69063503  0.32709399
vn -0.72507101  0.66648000  0.17342301
vn -0.78242803  0.62252998  0.01623000
vn -0.81636202  0.55995899 -0.14142101
vn -0.82583600  0.47968099 -0.29648101
vn -0.81000400  0.38455001 -0.44273600
vn -0.76953202  0.27808699 -0.57488102
vn -0.70583200  0.16346399 -0.68926102
vn -0.62056100  0.04364100 -0.78294301
vn -0.51599002 -0.07796900 -0.85303903
vn -0.39588600 -0.19693500 -0.89693397
vn -0.26520601 -0.30870000 -0.91343898
vn -0.12658900 -0.41126800 -0.90268099
vn  0.01744400 -0.50251299 -0.86439401
vn  0.16128901 -0.57857603 -0.79952198
vn  0.29968899 -0.63670701 -0.71048599
vn  0.42871699 -0.67538702 -0.60004503
vn  0.54499698 -0.69359303 -0.47106999
vn  0.64503402 -0.69059700 -0.32711899
vn  0.72509801 -0.66644698 -0.17343900
vn  0.85268003 -0.51001102  0.11324700
vn  0.82301998 -0.56601298 -0.04761400
vn  0.85675299 -0.43788701  0.27245000
vn  0.83456898 -0.35219100  0.42362300
vn  0.78702199 -0.25610399  0.56125498
vn  0.71571499 -0.15246899  0.68154597
vn  0.62249702 -0.04396900  0.78138602
vn  0.50986600  0.06629800  0.85769498
vn  0.38187799  0.17431299  0.90762597
vn  0.24382100  0.27590999  0.92974502
vn  0.09846300  0.36927599  0.92408901
vn -0.05150600  0.45246199  0.89029503
vn -0.20023200  0.52196401  0.82913297
vn -0.34228599  0.57527298  0.74290103
vn -0.47362801  0.61099899  0.63431698
vn -0.59087700  0.62821800  0.50616902
vn -0.69048101  0.62625200  0.36200100
vn -0.76873302  0.60512102  0.20706800
vn -0.82300901  0.56602901  0.04761300
vn -0.85267597  0.51001698 -0.11325400
vn -0.85675102  0.43788800 -0.27245399
vn -0.83456999  0.35219499 -0.42361701
vn -0.78702301  0.25610599 -0.56125301
vn -0.71571302  0.15247200 -0.68154800
vn -0.62249202  0.04397800 -0.78139001
vn -0.50984901 -0.06628800 -0.85770601
vn -0.38185799 -0.17429300 -0.90763801
vn -0.24379900 -0.27587900 -0.92975998
vn -0.09844200 -0.36923501 -0.92410702
vn  0.05153600 -0.45242101 -0.89031398
vn  0.20026501 -0.52192003 -0.82915199
vn  0.34231099 -0.57522601 -0.74292499
vn  0.47366300 -0.61095798 -0.63432902
vn  0.59090501 -0.62818098 -0.50618100
vn  0.69049603 -0.62622201 -0.36202401
vn  0.76874900 -0.60509902 -0.20707700
vn  0.87598401 -0.47275001  0.09571000
vn  0.85168499 -0.51950800 -0.06887900
vn  0.87394899 -0.41111201  0.25922999
vn  0.84513301 -0.33675101  0.41514999
vn  0.79066098 -0.25241399  0.55780202
vn  0.71232802 -0.16061100  0.68322200
vn  0.61215597 -0.06371300  0.78816599
vn  0.49283099  0.03552600  0.86939901
vn  0.35866001  0.13348100  0.92387599
vn  0.21517000  0.22635201  0.94998199
vn  0.06523100  0.31246400  0.94768697
vn -0.08836000  0.39003301  0.91655201
vn -0.23956800  0.45580399  0.85723400
vn -0.38286501  0.50740200  0.77198303
vn -0.51419997  0.54347700  0.66349900
vn -0.63019103  0.56310201  0.53457898
vn -0.72731102  0.56555301  0.38880399
vn -0.80196899  0.55070102  0.23146100
vn -0.85170901  0.51946700  0.06889500
vn -0.87600100  0.47271901 -0.09570500
vn -0.87395900  0.41109201 -0.25922900
vn -0.84513998  0.33674499 -0.41514099
vn -0.79066801  0.25241700 -0.55779099
vn -0.71232998  0.16060901 -0.68322098
vn -0.61215901  0.06370600 -0.78816402
vn -0.49283201 -0.03554500 -0.86939800
vn -0.35866800 -0.13350999 -0.92386800
vn -0.21519201 -0.22639000 -0.94996899
vn -0.06526000 -0.31251499 -0.94766903
vn  0.08832500 -0.39009601 -0.91652799
vn  0.23952800 -0.45587501 -0.85720700
vn  0.38282099 -0.50747800 -0.77195400
vn  0.51415902 -0.54355502 -0.66346699
vn  0.63015002 -0.56317502 -0.53455001
vn  0.72727001 -0.56561899 -0.38878500
vn  0.80193698 -0.55075598 -0.23144101
vn  0.88928002 -0.44908699  0.08661500
vn  0.87120998 -0.48407900 -0.08161400
vn  0.88055599 -0.40006599  0.25410199
vn  0.84485102 -0.33869201  0.41414401
vn  0.78354299 -0.26723701  0.56093198
vn  0.69860798 -0.18782701  0.69041198
vn  0.59222901 -0.10251200  0.79922199
vn  0.46727699 -0.01370700  0.88400501
vn  0.32826301  0.07534700  0.94157600
vn  0.18088400  0.16116799  0.97020900
vn  0.02806900  0.24218000  0.96982503
vn -0.12730700  0.31672701  0.93993503
vn -0.27910399  0.38170999  0.88113499
vn -0.42177701  0.43477800  0.79565901
vn -0.55129403  0.47451401  0.68623000
vn -0.66432500  0.49990001  0.55567300
vn -0.75741500  0.51006699  0.40762001
vn -0.82712501  0.50461400  0.24744500
vn -0.87121701  0.48406601  0.08161200
vn -0.88928598  0.44907299 -0.08662100
vn -0.88055998  0.40006199 -0.25409701
vn -0.84485102  0.33870399 -0.41413301
vn -0.78353500  0.26726201 -0.56093103
vn -0.69858801  0.18786600 -0.69042099
vn -0.59220600  0.10257100 -0.79923201
vn -0.46724400  0.01377900 -0.88402098
vn -0.32822201 -0.07526700 -0.94159698
vn -0.18084300 -0.16108200 -0.97023100
vn -0.02802800 -0.24209499 -0.96984798
vn  0.12734801 -0.31665000 -0.93995500
vn  0.27914000 -0.38164499 -0.88115197
vn  0.42181000 -0.43472901 -0.79566801
vn  0.55132002 -0.47448099 -0.68623197
vn  0.66433799 -0.49988201 -0.55567300
vn  0.75742000 -0.51006299 -0.40761700
vn  0.82712299 -0.50462002 -0.24743900
vn  0.89670002 -0.43494499  0.08217200
vn  0.88493901 -0.45716399 -0.08878800
vn  0.88136399 -0.39927399  0.25254500
vn  0.83899498 -0.35130399  0.41553900
vn  0.77122003 -0.29282099  0.56522101
vn  0.68019599 -0.22558200  0.69745702
vn  0.56826901 -0.15132400  0.80880898
vn  0.43848699 -0.07213400  0.89583802
vn  0.29554000  0.00910900  0.95528698
vn  0.14525500  0.08919700  0.98536599
vn -0.00939200  0.16662800  0.98597503
vn -0.16547000  0.23985501  0.95660299
vn -0.31679901  0.30588001  0.89781702
vn -0.45786199  0.36230800  0.81184697
vn -0.58467102  0.40759799  0.70144397
vn -0.69397497  0.44058800  0.56945699
vn -0.78243703  0.46020699  0.41952699
vn -0.84676403  0.46570399  0.25712001
vn -0.88494802  0.45714799  0.08878800
vn -0.89670300  0.43493900 -0.08217200
vn -0.88136500  0.39927301 -0.25254101
vn -0.83899999  0.35129699 -0.41553399
vn -0.77122903  0.29279700 -0.56522202
vn -0.68021601  0.22553800 -0.69745201
vn -0.56830698  0.15126000 -0.80879402
vn -0.43853199  0.07204100 -0.89582402
vn -0.29558700 -0.00923000 -0.95527101
vn -0.14531600 -0.08933500 -0.98534399
vn  0.00931900 -0.16677600 -0.98595101
vn  0.16539900 -0.24000700 -0.95657700
vn  0.31672299 -0.30602100 -0.89779598
vn  0.45778799 -0.36243299 -0.81183302
vn  0.58461499 -0.40770501 -0.70142800
vn  0.69392902 -0.44067001 -0.56945002
vn  0.78240699 -0.46026400 -0.41951901
vn  0.84674799 -0.46573699 -0.25711200
vn  0.90181702 -0.42477199  0.07934200
vn  0.89706600 -0.43197900 -0.09309400
vn  0.87928301 -0.40461701  0.25129101
vn  0.82980502 -0.37204799  0.41593799
vn  0.75523400 -0.32827100  0.56732702
vn  0.65790600 -0.27462399  0.70124298
vn  0.54031402 -0.21247999  0.81419498
vn  0.40566099 -0.14355201  0.90267998
vn  0.25881100 -0.07033500  0.96336401
vn  0.10573400  0.00422800  0.99438500
vn -0.05052500  0.07868100  0.99561900
vn -0.20697300  0.15157200  0.96653402
vn -0.35736799  0.21995500  0.90769398
vn -0.49621600  0.28133300  0.82135302
vn -0.61960900  0.33399501  0.71030498
vn -0.72438800  0.37659201  0.57744300
vn -0.80737102  0.40780699  0.42643401
vn -0.86548299  0.42647699  0.26278499
vn -0.89699000  0.43213600  0.09309700
vn -0.90175498  0.42490500 -0.07933300
vn -0.87924200  0.40470701 -0.25128701
vn -0.82978702  0.37208200 -0.41594401
vn -0.75524598  0.32824501 -0.56732601
vn -0.65795702  0.27454299 -0.70122701
vn -0.54039901  0.21235400 -0.81417102
vn -0.40575299  0.14338601 -0.90266597
vn -0.25890401  0.07014900 -0.96335202
vn -0.10583200 -0.00440900 -0.99437398
vn  0.05044200 -0.07884200 -0.99561000
vn  0.20691800 -0.15169300 -0.96652699
vn  0.35733899 -0.22001900 -0.90768999
vn  0.49621499 -0.28133500 -0.82135397
vn  0.61964798 -0.33394301 -0.71029502
vn  0.72444898 -0.37648699 -0.57743502
vn  0.80745000 -0.40766501 -0.42642099
vn  0.86556900 -0.42631599 -0.26276600
vn  0.91645598 -0.39242801  0.07815700
vn  0.91740400 -0.38654500 -0.09462000
vn  0.88764799 -0.38645199  0.25047100
vn  0.83158898 -0.36862701  0.41542000
vn  0.75039601 -0.33963799  0.56705499
vn  0.64663303 -0.30042201  0.70115101
vn  0.52299500 -0.25199699  0.81423199
vn  0.38286799 -0.19567500  0.90284199
vn  0.23132201 -0.13349199  0.96367502
vn  0.07445900 -0.06797500  0.99490499
vn -0.08464700 -0.00042300  0.99641103
vn -0.24297200  0.06790200  0.96765399
vn -0.39420801  0.13430101  0.90915501
vn -0.53284401  0.19635101  0.82311797
vn -0.65498400  0.25229999  0.71227801
vn -0.75746298  0.30070001  0.57950801
vn -0.83712798  0.34007701  0.42844400
vn -0.89099002  0.36895901  0.26458800
vn -0.91745597  0.38642401  0.09460900
vn -0.91649503  0.39233601 -0.07816400
vn -0.88767397  0.38639200 -0.25047299
vn -0.83159697  0.36859301 -0.41543499
vn -0.75040001  0.33962500 -0.56705803
vn -0.64664102  0.30042100 -0.70114398
vn -0.52300602  0.25199801 -0.81422502
vn -0.38287801  0.19566500 -0.90284002
vn -0.23132800  0.13345701 -0.96367902
vn -0.07448000  0.06791300 -0.99490702
vn  0.08461700  0.00032600 -0.99641401
vn  0.24293201 -0.06803000 -0.96765500
vn  0.39415601 -0.13445300 -0.90915501
vn  0.53277999 -0.19652200 -0.82311898
vn  0.65491599 -0.25248200 -0.71227700
vn  0.75739300 -0.30087900 -0.57950598
vn  0.83705902 -0.34024301 -0.42844599
vn  0.89092898 -0.36910501 -0.26458901
vn  0.94473600 -0.31788400  0.08014500
vn  0.94547498 -0.31221199 -0.09273900
vn  0.91521603 -0.31394500  0.25262299
vn  0.85749698 -0.30035600  0.41771501
vn  0.77373600 -0.27763301  0.56943101
vn  0.66659200 -0.24651700  0.70348102
vn  0.53889799 -0.20783199  0.81633002
vn  0.39421201 -0.16264600  0.90451300
vn  0.23783000 -0.11261100  0.96475703
vn  0.07609100 -0.05977700  0.99530703
vn -0.08782600 -0.00519700  0.99612200
vn -0.25081301  0.05011200  0.96673799
vn -0.40641800  0.10398500  0.90775102
vn -0.54904097  0.15448201  0.82139403
vn -0.67472899  0.20019700  0.71039599
vn -0.78025502  0.23995800  0.57760102
vn -0.86240399  0.27257100  0.42657301
vn -0.91808099  0.29681399  0.26273400
vn -0.94558400  0.31188700  0.09272600
vn -0.94481701  0.31764099 -0.08015300
vn -0.91527200  0.31378600 -0.25261801
vn -0.85751897  0.30026799 -0.41773200
vn -0.77374297  0.27759799 -0.56943899
vn -0.66659802  0.24651100 -0.70347601
vn -0.53890198  0.20782501 -0.81632900
vn -0.39423200  0.16261201 -0.90451002
vn -0.23786300  0.11252000 -0.96475899
vn -0.07615400  0.05961400 -0.99531198
vn  0.08772900  0.00495400 -0.99613202
vn  0.25069001 -0.05043800 -0.96675301
vn  0.40627599 -0.10438400 -0.90776902
vn  0.54887301 -0.15493201 -0.82142198
vn  0.67455101 -0.20067300 -0.71043003
vn  0.78009099 -0.24043700 -0.57762301
vn  0.86225098 -0.27302000 -0.42659399
vn  0.91794699 -0.29721001 -0.26275301
vn  0.96146399 -0.26233000  0.08227800
vn  0.96070498 -0.26237100 -0.09060000
vn  0.93301100 -0.25431699  0.25458500
vn  0.87590599 -0.23849300  0.41941699
vn  0.79229802 -0.21545300  0.57082701
vn  0.68482101 -0.18592399  0.70459402
vn  0.55628198 -0.15067600  0.81721902
vn  0.41020900 -0.11067600  0.90525103
vn  0.25189301 -0.06737500  0.96540701
vn  0.08774300 -0.02252400  0.99588799
vn -0.07902700  0.02300000  0.99660701
vn -0.24524499  0.06833000  0.96705002
vn -0.40428999  0.11165900  0.90778899
vn -0.55039799  0.15141700  0.82105702
vn -0.67946702  0.18648900  0.70960999
vn -0.78814900  0.21596500  0.57635099
vn -0.87313300  0.23894601  0.42490399
vn -0.93123400  0.25457001  0.26076299
vn -0.96070498  0.26237100  0.09060000
vn -0.96146399  0.26233000 -0.08228000
vn -0.93301398  0.25431699 -0.25457299
vn -0.87590200  0.23849100 -0.41942400
vn -0.79228801  0.21545000 -0.57084298
vn -0.68482500  0.18592501 -0.70458901
vn -0.55628198  0.15067500 -0.81721902
vn -0.41020799  0.11067600 -0.90525198
vn -0.25189400  0.06737500 -0.96540701
vn -0.08774200  0.02252300 -0.99588901
vn  0.07902500 -0.02300000 -0.99660701
vn  0.24524499 -0.06833000 -0.96705002
vn  0.40429801 -0.11166100 -0.90778601
vn  0.55039299 -0.15141600 -0.82106102
vn  0.67945898 -0.18648700 -0.70961797
vn  0.78815699 -0.21596700 -0.57634002
vn  0.87313497 -0.23894601 -0.42489901
vn  0.93123198 -0.25457001 -0.26076901
vn  0.98236501 -0.16752300  0.08303100
vn  0.98163098 -0.16794901 -0.09051900
vn  0.95304000 -0.16196500  0.25589499
vn  0.89428699 -0.15140501  0.42110401
vn  0.80844003 -0.13626100  0.57258898
vn  0.69831902 -0.11702800  0.70615500
vn  0.56688499 -0.09422300  0.81839103
vn  0.41780600 -0.06848300  0.90595198
vn  0.25647399 -0.04073800  0.96569198
vn  0.08935500 -0.01209800  0.99592602
vn -0.08039500  0.01689700  0.99662000
vn -0.24965300  0.04571500  0.96725601
vn -0.41178599  0.07322100  0.90833402
vn -0.56095803  0.09842800  0.82197201
vn -0.69297999  0.12062800  0.71079397
vn -0.80436897  0.13923299  0.57758498
vn -0.89161497  0.15365601  0.42592600
vn -0.95133102  0.16333500  0.26132500
vn -0.98162800  0.16796800  0.09051900
vn -0.98236197  0.16754200 -0.08303500
vn -0.95303899  0.16198300 -0.25588900
vn -0.89428502  0.15142100 -0.42110199
vn -0.80842799  0.13627200 -0.57260299
vn -0.69831997  0.11703800 -0.70615298
vn -0.56688499  0.09422900 -0.81839001
vn -0.41779900  0.06848500 -0.90595400
vn -0.25647500  0.04073900 -0.96569198
vn -0.08935500  0.01209800 -0.99592602
vn  0.08039300 -0.01689700 -0.99662000
vn  0.24965100 -0.04571300 -0.96725601
vn  0.41178700 -0.07321800 -0.90833402
vn  0.56095201 -0.09842100 -0.82197702
vn  0.69297498 -0.12061700 -0.71079999
vn  0.80438298 -0.13922200 -0.57756799
vn  0.89162099 -0.15364100 -0.42591801
vn  0.95133102 -0.16331699 -0.26133701
vn  0.99515003 -0.05302400  0.08285100
vn  0.99452901 -0.05299000 -0.09002300
vn  0.96554101 -0.05144700  0.25511599
vn  0.90627402 -0.04829000  0.41992301
vn  0.81959498 -0.04367300  0.57127702
vn  0.70823002 -0.03774000  0.70497298
vn  0.57507098 -0.03064600  0.81752998
vn  0.42378399 -0.02258500  0.90548199
vn  0.25985301 -0.01385100  0.96554899
vn  0.08991500 -0.00479500  0.99593800
vn -0.08271900  0.00440500  0.99656302
vn -0.25474700  0.01357300  0.96691197
vn -0.41933599  0.02234600  0.90755600
vn -0.57048899  0.03040400  0.82074201
vn -0.70397401  0.03752100  0.70923400
vn -0.81636399  0.04351400  0.57589602
vn -0.90419602  0.04819800  0.42439100
vn -0.96417701  0.05139700  0.26023400
vn -0.99452603  0.05301700  0.09003600
vn -0.99514902  0.05305000 -0.08285400
vn -0.96553898  0.05147200 -0.25511599
vn -0.90626800  0.04831200 -0.41993299
vn -0.81958598  0.04369000 -0.57128799
vn -0.70822901  0.03775300 -0.70497203
vn -0.57507002  0.03065400 -0.81752998
vn -0.42378300  0.02259000 -0.90548199
vn -0.25985101  0.01385200 -0.96554899
vn -0.08991200  0.00479600 -0.99593800
vn  0.08271800 -0.00440400 -0.99656302
vn  0.25474700 -0.01357100 -0.96691298
vn  0.41933000 -0.02234100 -0.90755898
vn  0.57047701 -0.03039500 -0.82075101
vn  0.70397598 -0.03750800 -0.70923197
vn  0.81638199 -0.04349700 -0.57587099
vn  0.90419698 -0.04817700 -0.42438999
vn  0.96417600 -0.05137300 -0.26023999
vn  0.99647301  0.01139100  0.08314100
vn  0.99589700  0.01138500 -0.08977600
vn  0.96676201  0.01105100  0.25543800
vn  0.90734398  0.01037200  0.42026100
vn  0.82047200  0.00938000  0.57160997
vn  0.70889598  0.00810600  0.70526701
vn  0.57551903  0.00658200  0.81776202
vn  0.42401099  0.00485000  0.90564400
vn  0.25987199  0.00297200  0.96563798
vn  0.08974200  0.00102300  0.99596399
vn -0.08307600 -0.00095800  0.99654299
vn -0.25528699 -0.00293400  0.96686101
vn -0.42005399 -0.00482700  0.90748602
vn -0.57137603 -0.00656800  0.82066202
vn -0.70501602 -0.00810600  0.70914501
vn -0.81755000 -0.00940300  0.57578099
vn -0.90549397 -0.01041700  0.42423099
vn -0.96553302 -0.01110900  0.26004300
vn -0.99589300 -0.01145800  0.08981000
vn -0.99647200 -0.01146400 -0.08313500
vn -0.96675801 -0.01112000 -0.25545201
vn -0.90733200 -0.01043400 -0.42028499
vn -0.82046902 -0.00943100 -0.57161301
vn -0.70889598 -0.00814400 -0.70526701
vn -0.57551301 -0.00660700 -0.81776601
vn -0.42401800 -0.00486400 -0.90564102
vn -0.25987199 -0.00297800 -0.96563798
vn -0.08973700 -0.00102500 -0.99596500
vn  0.08307900  0.00095700 -0.99654299
vn  0.25529000  0.00292900 -0.96686000
vn  0.42004299  0.00481400 -0.90749198
vn  0.57135499  0.00654300 -0.82067698
vn  0.70502502  0.00806900 -0.70913601
vn  0.81757301  0.00935300 -0.57574898
vn  0.90548700  0.01035500 -0.42424801
vn  0.96553302  0.01103900 -0.26004699
vn  0.99181300  0.09661300  0.08350500
vn  0.99129301  0.09656300 -0.08952300
vn  0.96215397  0.09372200  0.25588101
vn  0.90288699  0.08794800  0.42078400
vn  0.81629097  0.07951400  0.57214099
vn  0.70514101  0.06868700  0.70573199
vn  0.57233101  0.05575000  0.81812602
vn  0.42152801  0.04106000  0.90588498
vn  0.25819999  0.02514800  0.96576399
vn  0.08895500  0.00865800  0.99599802
vn -0.08294600 -0.00809200  0.99652100
vn -0.25424099 -0.02478500  0.96682298
vn -0.41814801 -0.04076200  0.90746403
vn -0.56871998 -0.05544000  0.82066101
vn -0.70173001 -0.06840900  0.70915103
vn -0.81374598 -0.07933100  0.57578200
vn -0.90130401 -0.08786900  0.42418200
vn -0.96108103 -0.09369900  0.25989300
vn -0.99128199 -0.09664300  0.08955000
vn -0.99180597 -0.09669200 -0.08349200
vn -0.96214002 -0.09379700 -0.25590900
vn -0.90287399 -0.08801500 -0.42079899
vn -0.81629300 -0.07956900 -0.57213098
vn -0.70513999 -0.06872800 -0.70573002
vn -0.57232302 -0.05577700 -0.81812900
vn -0.42152900 -0.04107500 -0.90588403
vn -0.25820699 -0.02515500 -0.96576202
vn -0.08895200 -0.00866000 -0.99599802
vn  0.08295000  0.00809100 -0.99652100
vn  0.25424701  0.02478000 -0.96682203
vn  0.41814500  0.04074700 -0.90746599
vn  0.56870002  0.05541100 -0.82067698
vn  0.70173299  0.06836800 -0.70915198
vn  0.81377101  0.07927800 -0.57575399
vn  0.90130502  0.08780200 -0.42419299
vn  0.96108502  0.09362300 -0.25990501
vn  0.97783703  0.19181900  0.08390100
vn  0.97738898  0.19173300 -0.08915900
vn  0.94851398  0.18606400  0.25632101
vn  0.88999099  0.17458300  0.42123401
vn  0.80452800  0.15781599  0.57256401
vn  0.69486701  0.13630299  0.70610303
vn  0.56387502  0.11060500  0.81841999
vn  0.41517001  0.08143300  0.90609199
vn  0.25414100  0.04984400  0.96588200
vn  0.08729600  0.01711400  0.99603498
vn -0.08214400 -0.01612400  0.99649000
vn -0.25098100 -0.04924400  0.96673900
vn -0.41253901 -0.08093600  0.90733701
vn -0.56094903 -0.11004800  0.82050300
vn -0.69205701 -0.13576600  0.70896101
vn -0.80246598 -0.15742400  0.57555801
vn -0.88875997 -0.17434999  0.42392001
vn -0.94766498 -0.18590400  0.25955901
vn -0.97738802 -0.19173300  0.08916600
vn -0.97783798 -0.19181900 -0.08390100
vn -0.94850802 -0.18606400 -0.25634399
vn -0.88998801 -0.17458200 -0.42123801
vn -0.80452800 -0.15781599 -0.57256299
vn -0.69486803 -0.13630299 -0.70610201
vn -0.56387699 -0.11060600 -0.81841898
vn -0.41516700 -0.08143300 -0.90609300
vn -0.25414601 -0.04984500 -0.96588099
vn -0.08729600 -0.01711400 -0.99603498
vn  0.08214500  0.01612400 -0.99649000
vn  0.25098300  0.04924500 -0.96673799
vn  0.41253799  0.08093600 -0.90733802
vn  0.56094098  0.11004700 -0.82050902
vn  0.69205201  0.13576500 -0.70896500
vn  0.80247700  0.15742500 -0.57554102
vn  0.88876599  0.17435101 -0.42390701
vn  0.94766301  0.18590300 -0.25956500
vn  0.95451701  0.28599700  0.08427700
vn  0.95414603  0.28588799 -0.08873300
vn  0.92583400  0.27740100  0.25667101
vn  0.86866802  0.26027200  0.42151499
vn  0.78521401  0.23526600  0.57279003
vn  0.67813402  0.20318100  0.70629501
vn  0.55022401  0.16485400  0.81858200
vn  0.40501100  0.12134300  0.90622401
vn  0.24777800  0.07423100  0.96596903
vn  0.08485200  0.02541400  0.99606901
vn -0.08059300 -0.02415700  0.99645400
vn -0.24544300 -0.07354800  0.96661699
vn -0.40316200 -0.12080100  0.90712100
vn -0.54799801 -0.16419300  0.82020700
vn -0.67593801 -0.20252100  0.70858598
vn -0.78365397 -0.23478900  0.57511699
vn -0.86780298 -0.25999501  0.42346099
vn -0.92521900 -0.27719301  0.25909999
vn -0.95415503 -0.28585899  0.08873300
vn -0.95452499 -0.28596801 -0.08429000
vn -0.92584199 -0.27737400 -0.25667199
vn -0.86867797 -0.26024899 -0.42150900
vn -0.78521597 -0.23524500 -0.57279599
vn -0.67813599 -0.20316499 -0.70629698
vn -0.55022800 -0.16484401 -0.81858099
vn -0.40501601 -0.12133900 -0.90622199
vn -0.24777800 -0.07422900 -0.96596903
vn -0.08485100 -0.02541300 -0.99607003
vn  0.08059200  0.02415700 -0.99645400
vn  0.24543899  0.07354900 -0.96661800
vn  0.40315500  0.12080500 -0.90712303
vn  0.54799902  0.16420300 -0.82020402
vn  0.67593199  0.20253500 -0.70858699
vn  0.78365600  0.23480999 -0.57510698
vn  0.86780298  0.26002100 -0.42344701
vn  0.92521000  0.27721900 -0.25910601
vn  0.92426199  0.37226701  0.08459500
vn  0.92396098  0.37214699 -0.08833200
vn  0.89645803  0.36106700  0.25689200
vn  0.84110802  0.33877301  0.42162701
vn  0.76030701  0.30622700  0.57285100
vn  0.65661502  0.26446199  0.70634001
vn  0.53273499  0.21456499  0.81862998
vn  0.39206901  0.15790799  0.90628201
vn  0.23974800  0.09655700  0.96602100
vn  0.08189000  0.03297600  0.99609601
vn -0.07840800 -0.03158700  0.99642098
vn -0.23811100 -0.09590900  0.96649098
vn -0.39086699 -0.15743300  0.90688401
vn -0.53110701 -0.21391501  0.81985700
vn -0.65494800 -0.26379099  0.70813602
vn -0.75916803 -0.30576301  0.57460701
vn -0.84053898 -0.33853400  0.42295301
vn -0.89603198 -0.36088100  0.25863501
vn -0.92396700 -0.37213099  0.08833300
vn -0.92426801 -0.37225100 -0.08460000
vn -0.89646697 -0.36105299 -0.25688100
vn -0.84111702 -0.33875999 -0.42162099
vn -0.76031202 -0.30621600 -0.57285100
vn -0.65661699 -0.26445299 -0.70634198
vn -0.53272903 -0.21455599 -0.81863701
vn -0.39207599 -0.15790699 -0.90627903
vn -0.23974900 -0.09655600 -0.96602100
vn -0.08188700 -0.03297400 -0.99609601
vn  0.07840500  0.03158600 -0.99642098
vn  0.23810600  0.09590900 -0.96649200
vn  0.39086401  0.15743500 -0.90688503
vn  0.53110600  0.21392000 -0.81985700
vn  0.65494502  0.26379901 -0.70813602
vn  0.75917000  0.30577701 -0.57459700
vn  0.84053600  0.33854800 -0.42294699
vn  0.89602399  0.36089599 -0.25863799
vn  0.89472401  0.43849599  0.08479300
vn  0.89446801  0.43837100 -0.08807400
vn  0.86779499  0.42529801  0.25700799
vn  0.81421798  0.39904100  0.42168200
vn  0.73599899  0.36070600  0.57288498
vn  0.63562000  0.31151199  0.70636201
vn  0.51568598  0.25273299  0.81865400
vn  0.37948701  0.18598400  0.90631098
vn  0.23198099  0.11369200  0.96605301
vn  0.07910700  0.03876800  0.99611199
vn -0.07613300 -0.03731600  0.99639899
vn -0.23077500 -0.11310800  0.96641099
vn -0.37866601 -0.18559200  0.90673500
vn -0.51443601 -0.25213799  0.81962299
vn -0.63428301 -0.31088001  0.70784098
vn -0.73510700 -0.36030000  0.57428300
vn -0.81380898 -0.39887601  0.42262599
vn -0.86746198 -0.42517501  0.25833201
vn -0.89445198 -0.43840399  0.08807500
vn -0.89470798 -0.43852901 -0.08479200
vn -0.86778098 -0.42533001 -0.25700200
vn -0.81420702 -0.39906901 -0.42167601
vn -0.73599201 -0.36073101 -0.57287699
vn -0.63561302 -0.31152901 -0.70636100
vn -0.51567298 -0.25274101 -0.81866002
vn -0.37948799 -0.18599200 -0.90630901
vn -0.23198400 -0.11369600 -0.96605200
vn -0.07910300 -0.03876700 -0.99611199
vn  0.07612900  0.03731300 -0.99640000
vn  0.23077300  0.11310400 -0.96641201
vn  0.37867099  0.18558800 -0.90673298
vn  0.51443398  0.25212401 -0.81962800
vn  0.63429302  0.31086501 -0.70783901
vn  0.73512101  0.36027801 -0.57428002
vn  0.81382102  0.39884800 -0.42262900
vn  0.86747903  0.42514500 -0.25832501
vn  0.88144100  0.46461099  0.08484600
vn  0.88120002  0.46448401 -0.08798400
vn  0.85491401  0.45062900  0.25701299
vn  0.80213702  0.42281100  0.42167199
vn  0.72508299  0.38219801  0.57286900
vn  0.62620503  0.33008099  0.70633900
vn  0.50804901  0.26780099  0.81863898
vn  0.37386301  0.19707100  0.90630603
vn  0.22852001  0.12045900  0.96605802
vn  0.07788600  0.04105600  0.99611598
vn -0.07508000 -0.03957800  0.99639201
vn -0.22744900 -0.11989800  0.96638101
vn -0.37315401 -0.19670700  0.90667701
vn -0.50691801 -0.26722300  0.81952798
vn -0.62497097 -0.32945800  0.70772099
vn -0.72427100 -0.38180801  0.57415497
vn -0.80177897 -0.42266899  0.42249501
vn -0.85460901 -0.45052001  0.25821599
vn -0.88117701 -0.46452701  0.08798300
vn -0.88141799 -0.46465400 -0.08484700
vn -0.85489303 -0.45067000 -0.25701299
vn -0.80212200 -0.42285001 -0.42166099
vn -0.72507298 -0.38223001 -0.57286000
vn -0.62619299 -0.33010200 -0.70633900
vn -0.50803697 -0.26781401 -0.81864202
vn -0.37386000 -0.19708000 -0.90630400
vn -0.22852400 -0.12046500 -0.96605599
vn -0.07788400 -0.04105600 -0.99611700
vn  0.07507600  0.03957500 -0.99639201
vn  0.22744700  0.11989300 -0.96638203
vn  0.37316200  0.19670200 -0.90667403
vn  0.50691801  0.26720500 -0.81953400
vn  0.62498403  0.32943699 -0.70771903
vn  0.72428602  0.38177800 -0.57415599
vn  0.80179399  0.42263100 -0.42250299
vn  0.85463297  0.45048100 -0.25820500
vn  0.39340201  0.91936702  0.00003800
vn  0.39275101  0.91964501  0.00005800
vn  0.39286399  0.91959602 -0.00008700
vn  0.39347899  0.91933399 -0.00006300
vn  0.39379099  0.91920000  0.00025200
vn  0.39365399  0.91925901  0.00014200
vn  0.39347801  0.91933399 -0.00018900
vn  0.39360401  0.91927999 -0.00007600
vn  0.39374799  0.91921800 -0.00052800
vn  0.39363199  0.91926801 -0.00018300
vn  0.39318600  0.91945899 -0.00020600
vn  0.39408600  0.91907400  0.00032100
vn  0.39360699  0.91927898  0.00005400
vn  0.39284500  0.91960502  0.00022900
vn  0.39356101  0.91929799 -0.00030900
vn  0.39346299  0.91934001 -0.00028100
vn  0.39338300  0.91937500  0.00002400
vn  0.39337501  0.91937798  0.00010000
vn  0.39355701  0.91930002 -0.00001600
vn  0.39364800  0.91926098 -0.00007400
vn  0.39358801  0.91928703 -0.00034600
vn  0.39361799  0.91927397  0.00001600
vn  0.39325899  0.91942698 -0.00093400
vn  0.39370999  0.91923499 -0.00013900
vn  0.39319301  0.91945601  0.00021600
vn  0.39397299  0.91912198  0.00068200
vn  0.39362201  0.91927302 -0.00007400
vn  0.39346299  0.91934001 -0.00019200
vn  0.39357501  0.91929299  0.00015000
vn  0.39354101  0.91930598 -0.00127500
vn  0.39188001  0.92001599 -0.00006100
vn  0.39319101  0.91945702 -0.00009700
vn -0.46640500  0.88457102  0.00011800
vn -0.46653000  0.88450497  0.00003800
vn -0.46654099  0.88449901  0.00003800
vn -0.46624899  0.88465399  0.00007100
vn -0.46621099  0.88467401  0.00010600
vn -0.46614400  0.88470900  0.00026300
vn -0.46621001  0.88467401  0.00029100
vn -0.46632001  0.88461602  0.00004600
vn -0.46629700  0.88462800 -0.00007800
vn -0.46633899  0.88460600 -0.00009100
vn -0.46653599  0.88450199  0.00003100
vn -0.46626401  0.88464600 -0.00008000
vn -0.46645901  0.88454300  0.00001300
vn -0.46635199  0.88459897  0.00004600
vn -0.46626800  0.88464302 -0.00009200
vn -0.46621600  0.88467097  0.00033100
vn -0.46609101  0.88473701  0.00036500
vn -0.46637201  0.88458902  0.00009800
vn -0.46642601  0.88455999  0.00019000
vn -0.46631500  0.88461900  0.00013300
vn -0.46632800  0.88461202  0.00006600
vn -0.46594101  0.88481498  0.00087100
vn -0.46589699  0.88483799  0.00100800
vn -0.46648800  0.88452798  0.00027000
vn -0.46584499  0.88486600  0.00048500
vn -0.46663600  0.88444901  0.00051100
vn -0.46629101  0.88463098  0.00047200
vn -0.46631399  0.88461900  0.00017600
vn -0.46692100  0.88429898  0.00014500
vn  0.43556899  0.44890201  0.78023499
vn  0.21541600  0.48470700  0.84773499
vn  0.38622800  0.60513699  0.69615901
vn  0.62936598  0.48108801  0.61028898
vn  0.43643501  0.40971801  0.80103397
vn  0.13729499  0.40450901  0.90416998
vn  0.69584501  0.41109699  0.58889598
vn  0.50488102  0.59522802 -0.62513798
vn  0.23535700  0.68363899 -0.69082898
vn  0.18709201  0.49710801 -0.84727800
vn  0.48631999  0.49519399 -0.71991402
vn  0.65871400  0.65577501 -0.36885700
vn  0.27252600  0.88268697 -0.38287601
vn  0.73314297  0.49985099 -0.46114099
vn -0.64740199  0.45946500 -0.60808200
vn -0.41796100  0.49611500 -0.76103801
vn -0.54029399  0.64429599 -0.54126197
vn -0.75553399  0.49268100 -0.43177900
vn -0.22144800  0.80200899  0.55474597
vn -0.33217299  0.89095002  0.30962801
vn  0.23924400  0.90425199  0.35368201
vn  0.15753700  0.79198003  0.58987302
vn  0.03476700  0.67787302  0.73435700
vn -0.31422499  0.72622597  0.61144000
vn -0.58524102  0.75032401  0.30741799
vn -0.36924401  0.55505103  0.74537098
vn -0.66211402  0.59376401  0.45721900
vn -0.67802298  0.73456401  0.02645500
vn -0.39107201  0.92036003 -0.00060200
vn -0.82201499  0.56628901  0.06006300
vn -0.68574500  0.39777601  0.60953099
vn -0.90010601  0.40868801  0.15094399
vn -0.82197702  0.52550501 -0.21953900
vn -0.65124702  0.72417402 -0.22682500
vn -0.89994699  0.40269601 -0.16712800
vn -0.88346303  0.38988599  0.25977099
vn -0.91456097  0.38996401 -0.10727000
vn -0.84036601  0.40745699 -0.35744101
vn -0.85142601  0.39851099 -0.34097299
vn -0.91551697  0.39626199 -0.06932400
vn -0.85474700  0.39937600 -0.33152300
vn -0.68724501  0.39874300 -0.60720599
vn -0.67528600  0.41085199 -0.61252701
vn -0.69325602  0.39942899 -0.59987700
vn -0.85587901  0.39846101 -0.32969600
vn -0.69573098  0.39894700 -0.59732801
vn -0.44238901  0.39968601 -0.80283499
vn -0.43191200  0.39882699 -0.80894297
vn -0.44580701  0.39949799 -0.80103499
vn -0.69694299  0.40006199 -0.59516501
vn -0.44576699  0.40030000 -0.80065697
vn -0.14369000  0.39816901 -0.90598798
vn -0.14143600  0.39891601 -0.90601403
vn -0.14452800  0.39899400 -0.90549201
vn -0.44566101  0.40015501 -0.80078799
vn -0.14501500  0.39906800 -0.90538102
vn  0.16701099  0.39946201 -0.90140897
vn  0.16866399  0.39851701 -0.90151900
vn  0.16653600  0.39955801 -0.90145397
vn -0.14493801  0.39955801 -0.90517801
vn  0.16601101  0.40000799 -0.90135098
vn  0.46856099  0.39999500 -0.78768998
vn  0.46848899  0.40014201 -0.78765702
vn  0.46831399  0.40088001 -0.78738600
vn  0.16517501  0.39937899 -0.90178299
vn  0.46827799  0.40053099 -0.78758502
vn  0.71039498  0.39946300 -0.57945502
vn  0.71035302  0.39889699 -0.57989699
vn  0.71091998  0.39903599 -0.57910597
vn  0.46822700  0.39998400 -0.78789300
vn  0.71132898  0.39851600 -0.57896203
vn  0.86219800  0.39945799 -0.31152701
vn  0.86245197  0.40008500 -0.31001401
vn  0.86205298  0.39889401 -0.31264800
vn  0.71122700  0.39946401 -0.57843298
vn  0.86111403  0.40018800 -0.31357899
vn  0.91605002  0.40088299  0.01202300
vn  0.91575003  0.40156400  0.01221000
vn  0.91536802  0.40244001  0.01201500
vn  0.86017603  0.40176299 -0.31413901
vn  0.91420299  0.40507799  0.01199100
vn  0.85649300  0.39872000  0.32778299
vn  0.85708600  0.39776900  0.32738900
vn  0.85606599  0.39963701  0.32778201
vn  0.91068602  0.41291699  0.01226200
vn  0.85343897  0.40569401  0.32719201
vn  0.70401102  0.40104201  0.58611798
vn  0.70359302  0.39971000  0.58752799
vn  0.70373303  0.40952700  0.58055800
vn  0.85077101  0.41154501  0.32683101
vn  0.70323199  0.41701800  0.57581300
vn  0.45195499  0.41287300  0.79074198
vn  0.45203099  0.40325400  0.79564703
vn  0.45173800  0.42057401  0.78679800
vn  0.14707300  0.41138801  0.89951599
vn  0.14790300  0.40587699  0.90188098
vn -0.15801901  0.41055200  0.89804000
vn -0.15899900  0.40596700  0.89995003
vn -0.46329701  0.41452599  0.78327799
vn -0.46457899  0.40947399  0.78517300
vn -0.69685799  0.41813901  0.58270800
vn -0.70058298  0.40770999  0.58562398
vn -0.84974200  0.42754000  0.30846000
vn -0.85573500  0.41401899  0.31033099
vn -0.90697402  0.42005101 -0.03091000
vn -0.91054702  0.41237199 -0.02920600
vn -0.85184503  0.40809199 -0.32836100
vn -0.85359800  0.40410101 -0.32874599
vn -0.69873101  0.41038999 -0.58596498
vn -0.69949102  0.40620500 -0.58797097
vn -0.44269201  0.41356999 -0.79560298
vn -0.44374299  0.40921599 -0.79726702
vn -0.14155100  0.41060999 -0.90075701
vn -0.14243101  0.40537301 -0.90298802
vn  0.16224900  0.40987501 -0.89759499
vn  0.16286200  0.40552500 -0.89945900
vn  0.46577299  0.41369399 -0.78224802
vn  0.46687701  0.40875500 -0.78418499
vn  0.70837700  0.41242900 -0.57280499
vn  0.71000201  0.40635300 -0.57512999
vn  0.85420901  0.41433099 -0.31409800
vn  0.85709000  0.40830001 -0.31414700
vn  0.90775502  0.41931000  0.01260500
vn  0.71134001  0.40024999 -0.57775003
vn  0.46777701  0.40280801 -0.78672099
vn  0.46781200  0.40108201 -0.78758198
vn  0.16367801  0.39957601 -0.90196902
vn  0.16336800  0.40058500 -0.90157801
vn  0.16443300  0.39885700 -0.90214998
vn -0.14405499  0.39877301 -0.90566403
vn -0.14347900  0.39942500 -0.90546900
vn -0.14457799  0.39905399 -0.90545702
vn -0.44599801  0.40065500 -0.80035102
vn -0.44618601  0.40047300 -0.80033702
vn -0.44575301  0.40088099 -0.80037397
vn -0.69858098  0.39989901 -0.59335101
vn -0.69942701  0.39948100 -0.59263599
vn -0.69801199  0.39954799 -0.59425700
vn -0.85659200  0.39843199 -0.32787499
vn -0.85636199  0.39886901 -0.32794499
vn -0.85603100  0.39916599 -0.32844600
vn -0.91646099  0.39705899 -0.04942900
vn -0.91686898  0.39702201 -0.04152300
vn -0.91536999  0.39863199 -0.05647600
vn -0.86118197  0.40781400  0.30340400
vn -0.86252201  0.40240100  0.30680299
vn -0.86277401  0.40599000  0.30131799
vn -0.68104899  0.39558500  0.61618602
vn -0.68571597  0.39737201  0.60982698
vn -0.67508501  0.37433201  0.63571697
vn -0.45136601  0.38544801  0.80479699
vn -0.47213599  0.40049800  0.78529501
vn -0.41241199  0.38118300  0.82741499
vn -0.16784599  0.39944199  0.90126199
vn -0.17943300  0.39804301  0.89964801
vn -0.08191700  0.52010101  0.85016799
vn  0.13535701  0.39807799  0.90731001
vn  0.44030499  0.40036401  0.80364197
vn  0.44503301  0.40037999  0.80102497
vn  0.14131200  0.39932400  0.90585399
vn -0.17125399  0.39987999  0.90042698
vn  0.14484701  0.39836299  0.90571898
vn -0.16835400  0.39886701  0.90142202
vn -0.46942401  0.39971301  0.78731900
vn -0.16647500  0.39957899  0.90145600
vn -0.46874699  0.40004501  0.78755301
vn -0.68926001  0.39598799  0.60672498
vn -0.46816000  0.40017399  0.78783703
vn -0.69354701  0.39592499  0.60186100
vn -0.86283898  0.40020099  0.30878499
vn -0.69587702  0.39834601  0.59755898
vn -0.86116701  0.40348700  0.30917701
vn -0.91576302  0.40002099 -0.03690000
vn -0.86072600  0.40366900  0.31016701
vn -0.91565698  0.40040699 -0.03529200
vn -0.85631502  0.39839700 -0.32863900
vn -0.91534299  0.40113699 -0.03515600
vn -0.85631299  0.39770201 -0.32948601
vn -0.70025402  0.39897600 -0.59199899
vn -0.85595298  0.39812800 -0.32990700
vn -0.70036900  0.40009701 -0.59110498
vn -0.44599801  0.40149999 -0.79992700
vn -0.70029598  0.40136799 -0.59033000
vn -0.44531900  0.40337199 -0.79936302
vn -0.14325599  0.39992601 -0.90528297
vn -0.85557002  0.39925700 -0.32953599
vn -0.91579998  0.40053099 -0.02974400
vn -0.91664302  0.39827901 -0.03375900
vn -0.86190999  0.39939001  0.31240800
vn -0.86239499  0.39814699  0.31265599
vn -0.85979098  0.40510601  0.31088501
vn -0.69755298  0.39868000  0.59537601
vn -0.69950700  0.39653701  0.59451503
vn -0.69721198  0.39847600  0.59591401
vn -0.46706399  0.40053701  0.78830302
vn -0.46688399  0.40003300  0.78866500
vn -0.46743599  0.40084901  0.78792399
vn -0.16461401  0.39978400  0.90170699
vn -0.16337900  0.39919999  0.90219003
vn -0.16565600  0.39954001  0.90162402
vn  0.14716700  0.39919099  0.90498000
vn  0.14723900  0.39960900  0.90478402
vn  0.14637500  0.39918700  0.90511000
vn  0.44811600  0.40035400  0.79931700
vn  0.44837400  0.40048000  0.79911000
vn  0.44774100  0.39949700  0.79995602
vn  0.69770098  0.39882800  0.59510398
vn  0.69864601  0.39987800  0.59328902
vn  0.69594598  0.40005001  0.59633899
vn  0.85543400  0.39931899  0.32981399
vn  0.85673302  0.39842501  0.32751599
vn  0.69410002  0.40018100  0.59839797
vn  0.85341400  0.39964899  0.33461201
vn  0.84923100  0.41307601  0.32889801
vn  0.90986699  0.41401801  0.02705600
vn  0.91599399  0.40078399  0.01811700
vn  0.78626299  0.50086898  0.36182901
vn  0.85736603  0.50792098  0.08330500
vn  0.56849301  0.66382301  0.48595801
vn  0.68026102  0.69066900  0.24540000
vn  0.71282297  0.70031202 -0.03803200
vn  0.84656799  0.50006300 -0.18237001
vn  0.23969699  0.97082502  0.00662900
vn -0.31625700  0.89995003 -0.30012000
vn -0.19356900  0.73542398 -0.64937103
vn -0.11298500  0.50583702 -0.85519803
vn -0.39989600  0.41031501 -0.81958801
vn -0.10165400  0.41183099 -0.90557301
vn  0.19770500  0.41388601 -0.88860101
vn -0.13483600  0.39813501 -0.90736300
vn  0.17470300  0.39898100 -0.90016299
vn  0.48753500  0.41336700 -0.76905000
vn  0.47672001  0.40025699 -0.78264397
vn  0.16997600  0.39908800 -0.90101999
vn  0.47018600  0.39985901 -0.78679001
vn  0.71539903  0.39974400 -0.57306999
vn  0.72291100  0.41290301 -0.55399603
vn  0.71252900  0.39943701 -0.57684702
vn  0.46878001  0.39959601 -0.78776199
vn  0.71144599  0.39877501 -0.57863802
vn  0.86444300  0.39936301 -0.30536401
vn  0.86468601  0.39983100 -0.30406100
vn  0.86408299  0.39922801 -0.30655801
vn  0.71062702  0.39930600 -0.57927901
vn  0.86334199  0.39986101 -0.30781800
vn  0.91635001  0.40018001  0.01258400
vn  0.91635299  0.40012899  0.01396100
vn  0.91615897  0.40061200  0.01275400
vn  0.86318201  0.39948499 -0.30875400
vn  0.91613001  0.40067601  0.01280700
vn  0.85687298  0.39900899  0.32643700
vn  0.85725403  0.39886400  0.32561299
vn  0.91556299  0.40198100  0.01250200
vn  0.85695302  0.39939699  0.32575101
vn  0.69957799  0.39987999  0.59218800
vn  0.70039499  0.40027699  0.59095401
vn  0.85698301  0.39857599  0.32667500
vn  0.70174801  0.39934900  0.58997399
vn  0.44875801  0.40121499  0.79852599
vn  0.44964099  0.40076599  0.79825401
vn  0.70300102  0.39876699  0.58887601
vn  0.45069000  0.40040001  0.79784602
vn  0.14709400  0.39912301  0.90502203
vn  0.14705300  0.39870200  0.90521401
vn  0.45148000  0.40122801  0.79698300
vn  0.14743400  0.39934301  0.90486902
vn -0.16232900  0.39886200  0.90252900
vn -0.16133900  0.39949599  0.90242600
vn  0.14825401  0.39999899  0.90444601
vn -0.16040300  0.40051100  0.90214300
vn -0.46658799  0.40072399  0.78849000
vn -0.46616399  0.40266299  0.78775197
vn -0.70268101  0.39636800  0.59087300
vn  0.86635900  0.41277799 -0.28113300

g Figure 1
usemtl Mat
f 35/25/1 36/59/2 2/50/2 1/45/1
f 36/59/2 37/54/3 3/26/3 2/50/2
f 37/54/3 38/35/4 4/20/4 3/26/3
f 38/35/4 39/46/5 5/51/5 4/20/4
f 39/46/5 40/47/6 6/21/6 5/51/5
f 40/47/6 41/63/7 7/42/7 6/21/6
f 41/63/7 42/55/8 8/27/8 7/42/7
f 42/55/8 43/6/9 9/36/9 8/27/8
f 43/6/9 44/34/10 10/12/10 9/36/9
f 44/34/10 45/1/11 11/13/11 10/12/10
f 45/1/11 46/56/12 12/15/12 11/13/11
f 46/56/12 47/43/13 13/14/13 12/15/12
f 47/43/13 48/28/14 14/64/14 13/14/13
f 48/28/14 49/65/15 15/48/15 14/64/14
f 49/65/15 50/29/16 16/66/16 15/48/15
f 50/29/16 51/7/17 17/8/17 16/66/16
f 51/7/17 52/22/18 18/52/18 17/8/17
f 52/22/18 53/9/19 19/30/19 18/52/18
f 53/9/19 54/60/20 20/2/20 19/30/19
f 54/60/20 55/31/21 21/33/21 20/2/20
f 55/31/21 56/23/22 22/32/22 21/33/21
f 56/23/22 57/3/23 23/53/23 22/32/22
f 57/3/23 58/57/24 24/61/24 23/53/23
f 58/57/24 59/38/25 25/37/25 24/61/24
f 59/38/25 60/16/26 26/24/26 25/37/25
f 60/16/26 61/49/27 27/39/27 26/24/26
f 61/49/27 62/67/28 28/18/28 27/39/27
f 62/67/28 63/68/29 29/17/29 28/18/28
f 63/68/29 64/4/30 30/40/30 29/17/29
f 64/4/30 65/41/31 31/19/31 30/40/30
f 65/41/31 66/44/32 32/5/32 31/19/31
f 66/44/32 67/62/33 33/10/33 32/5/32
f 67/62/33 68/11/34 34/58/34 33/10/33
f 103/25/35 104/59/36 70/50/36 69/45/35
f 104/59/36 105/54/37 71/26/37 70/50/36
f 105/54/37 106/35/38 72/20/38 71/26/37
f 106/35/38 107/46/39 73/51/39 72/20/38
f 107/46/39 108/47/40 74/21/40 73/51/39
f 108/47/40 109/63/41 75/42/41 74/21/40
f 109/63/41 110/55/42 76/27/42 75/42/41
f 110/55/42 111/6/43 77/36/43 76/27/42
f 111/6/43 112/34/44 78/12/44 77/36/43
f 112/34/44 113/1/45 79/13/45 78/12/44
f 113/1/45 114/56/46 80/15/46 79/13/45
f 114/56/46 115/43/47 81/14/47 80/15/46
f 115/43/47 116/28/48 82/64/48 81/14/47
f 116/28/48 117/65/49 83/48/49 82/64/48
f 117/65/49 118/29/50 84/66/50 83/48/49
f 118/29/50 119/7/51 85/8/51 84/66/50
f 119/7/51 120/22/52 86/52/52 85/8/51
f 120/22/52 121/9/53 87/30/53 86/52/52
f 121/9/53 122/60/54 88/2/54 87/30/53
f 122/60/54 123/31/55 89/33/55 88/2/54
f 123/31/55 124/23/56 90/32/56 89/33/55
f 124/23/56 125/3/57 91/53/57 90/32/56
f 125/3/57 126/57/58 92/61/58 91/53/57
f 126/57/58 127/38/59 93/37/59 92/61/58
f 127/38/59 128/16/60 94/24/60 93/37/59
f 128/16/60 129/49/61 95/39/61 94/24/60
f 129/49/61 130/67/62 96/18/62 95/39/61
f 130/67/62 131/68/63 97/17/63 96/18/62
f 131/68/63 132/4/64 98/40/64 97/17/63
f 132/4/64 133/41/65 99/19/65 98/40/64
f 133/41/65 134/44/66 100/5/66 99/19/65
f 134/44/66 135/62/67 101/10/67 100/5/66
f 135/62/67 136/11/68 102/58/68 101/10/67
f 171/25/69 172/59/70 138/50/70 137/45/69
f 172/59/70 173/54/71 139/26/71 138/50/70
f 173/54/71 174/35/72 140/20/72 139/26/71
f 174/35/72 175/46/73 141/51/73 140/20/72
f 175/46/73 176/47/74 142/21/74 141/51/73
f 176/47/74 177/63/75 143/42/75 142/21/74
f 177/63/75 178/55/76 144/27/76 143/42/75
f 178/55/76 179/6/77 145/36/77 144/27/76
f 179/6/77 180/34/78 146/12/78 145/36/77
f 180/34/78 181/1/79 147/13/79 146/12/78
f 181/1/79 182/56/80 148/15/80 147/13/79
f 182/56/80 183/43/81 149/14/81 148/15/80
f 183/43/81 184/28/82 150/64/82 149/14/81
f 184/28/82 185/65/83 151/48/83 150/64/82
f 185/65/83 186/29/84 152/66/84 151/48/83
f 186/29/84 187/7/85 153/8/85 152/66/84
f 187/7/85 188/22/86 154/52/86 153/8/85
f 188/22/86 189/9/87 155/30/87 154/52/86
f 189/9/87 190/60/88 156/2/88 155/30/87
f 190/60/88 191/31/89 157/33/89 156/2/88
f 191/31/89 192/23/90 158/32/90 157/33/89
f 192/23/90 193/3/91 159/53/91 158/32/90
f 193/3/91 194/57/92 160/61/92 159/53/91
f 194/57/92 195/38/93 161/37/93 160/61/92
f 195/38/93 196/16/94 162/24/94 161/37/93
f 196/16/94 197/49/95 163/39/95 162/24/94
f 197/49/95 198/67/96 164/18/96 163/39/95
f 198/67/96 199/68/97 165/17/97 164/18/96
f 199/68/97 200/4/98 166/40/98 165/17/97
f 200/4/98 201/41/99 167/19/99 166/40/98
f 201/41/99 202/44/100 168/5/100 167/19/99
f 202/44/100 203/62/101 169/10/101 168/5/100
f 203/62/101 204/11/102 170/58/102 169/10/101
f 239/25/103 240/59/104 206/50/104 205/45/103
f 240/59/104 241/54/105 207/26/105 206/50/104
f 241/54/105 242/35/106 208/20/106 207/26/105
f 242/35/106 243/46/107 209/51/107 208/20/106
f 243/46/107 244/47/108 210/21/108 209/51/107
f 244/47/108 245/63/109 211/42/109 210/21/108
f 245/63/109 246/55/110 212/27/110 211/42/109
f 246/55/110 247/6/111 213/36/111 212/27/110
f 247/6/111 248/34/112 214/12/112 213/36/111
f 248/34/112 249/1/113 215/13/113 214/12/112
f 249/1/113 250/56/114 216/15/114 215/13/113
f 250/56/114 251/43/115 217/14/115 216/15/114
f 251/43/115 252/28/116 218/64/116 217/14/115
f 252/28/116 253/65/117 219/48/117 218/64/116
f 253/65/117 254/29/118 220/66/118 219/48/117
f 254/29/118 255/7/119 221/8/119 220/66/118
f 255/7/119 256/22/120 222/52/120 221/8/119
f 256/22/120 257/9/121 223/30/121 222/52/120
f 257/9/121 258/60/122 224/2/122 223/30/121
f 258/60/122 259/31/123 225/33/123 224/2/122
f 259/31/123 260/23/124 226/32/124 225/33/123
f 260/23/124 261/3/125 227/53/125 226/32/124
f 261/3/125 262/57/126 228/61/126 227/53/125
f 262/57/126 263/38/127 229/37/127 228/61/126
f 263/38/127 264/16/128 230/24/128 229/37/127
f 264/16/128 265/49/129 231/39/129 230/24/128
f 265/49/129 266/67/130 232/18/130 231/39/129
f 266/67/130 267/68/131 233/17/131 232/18/130
f 267/68/131 268/4/132 234/40/132 233/17/131
f 268/4/132 269/41/133 235/19/133 234/40/132
f 269/41/133 270/44/134 236/5/134 235/19/133
f 270/44/134 271/62/135 237/10/135 236/5/134
f 271/62/135 272/11/136 238/58/136 237/10/135
f 307/25/137 308/59/138 274/50/138 273/45/137
f 308/59/138 309/54/139 275/26/139 274/50/138
f 309/54/139 310/35/140 276/20/140 275/26/139
f 310/35/140 311/46/141 277/51/141 276/20/140
f 311/46/141 312/47/142 278/21/142 277/51/141
f 312/47/142 313/63/143 279/42/143 278/21/142
f 313/63/143 314/55/144 280/27/144 279/42/143
f 314/55/144 315/6/145 281/36/145 280/27/144
f 315/6/145 316/34/146 282/12/146 281/36/145
f 316/34/146 317/1/147 283/13/147 282/12/146
f 317/1/147 318/56/148 284/15/148 283/13/147
f 318/56/148 319/43/149 285/14/149 284/15/148
f 319/43/149 320/28/150 286/64/150 285/14/149
f 320/28/150 321/65/151 287/48/151 286/64/150
f 321/65/151 322/29/152 288/66/152 287/48/151
f 322/29/152 323/7/153 289/8/153 288/66/152
f 323/7/153 324/22/154 290/52/154 289/8/153
f 324/22/154 325/9/155 291/30/155 290/52/154
f 325/9/155 326/60/156 292/2/156 291/30/155
f 326/60/156 327/31/157 293/33/157 292/2/156
f 327/31/157 328/23/158 294/32/158 293/33/157
f 328/23/158 329/3/159 295/53/159 294/32/158
f 329/3/159 330/57/160 296/61/160 295/53/159
f 330/57/160 331/38/161 297/37/161 296/61/160
f 331/38/161 332/16/162 298/24/162 297/37/161
f 332/16/162 333/49/163 299/39/163 298/24/162
f 333/49/163 334/67/164 300/18/164 299/39/163
f 334/67/164 335/68/165 301/17/165 300/18/164
f 335/68/165 336/4/166 302/40/166 301/17/165
f 336/4/166 337/41/167 303/19/167 302/40/166
f 337/41/167 338/44/168 304/5/168 303/19/167
f 338/44/168 339/62/169 305/10/169 304/5/168
f 339/62/169 340/11/170 306/58/170 305/10/169
f 375/25/171 376/59/172 342/50/172 341/45/171
f 376/59/172 377/54/173 343/26/173 342/50/172
f 377/54/173 378/35/174 344/20/174 343/26/173
f 378/35/174 379/46/175 345/51/175 344/20/174
f 379/46/175 380/47/176 346/21/176 345/51/175
f 380/47/176 381/63/177 347/42/177 346/21/176
f 381/63/177 382/55/178 348/27/178 347/42/177
f 382/55/178 383/6/179 349/36/179 348/27/178
f 383/6/179 384/34/180 350/12/180 349/36/179
f 384/34/180 385/1/181 351/13/181 350/12/180
f 385/1/181 386/56/182 352/15/182 351/13/181
f 386/56/182 387/43/183 353/14/183 352/15/182
f 387/43/183 388/28/184 354/64/184 353/14/183
f 388/28/184 389/65/185 355/48/185 354/64/184
f 389/65/185 390/29/186 356/66/186 355/48/185
f 390/29/186 391/7/187 357/8/187 356/66/186
f 391/7/187 392/22/188 358/52/188 357/8/187
f 392/22/188 393/9/189 359/30/189 358/52/188
f 393/9/189 394/60/190 360/2/190 359/30/189
f 394/60/190 395/31/191 361/33/191 360/2/190
f 395/31/191 396/23/192 362/32/192 361/33/191
f 396/23/192 397/3/193 363/53/193 362/32/192
f 397/3/193 398/57/194 364/61/194 363/53/193
f 398/57/194 399/38/195 365/37/195 364/61/194
f 399/38/195 400/16/196 366/24/196 365/37/195
f 400/16/196 401/49/197 367/39/197 366/24/196
f 401/49/197 402/67/198 368/18/198 367/39/197
f 402/67/198 403/68/199 369/17/199 368/18/198
f 403/68/199 404/4/200 370/40/200 369/17/199
f 404/4/200 405/41/201 371/19/201 370/40/200
f 405/41/201 406/44/202 372/5/202 371/19/201
f 406/44/202 407/62/203 373/10/203 372/5/202
f 407/62/203 408/11/204 374/58/204 373/10/203
f 443/25/205 444/59/206 410/50/206 409/45/205
f 444/59/206 445/54/207 411/26/207 410/50/206
f 445/54/207 446/35/208 412/20/208 411/26/207
f 446/35/208 447/46/209 413/51/209 412/20/208
f 447/46/209 448/47/210 414/21/210 413/51/209
f 448/47/210 449/63/211 415/42/211 414/21/210
f 449/63/211 450/55/212 416/27/212 415/42/211
f 450/55/212 451/6/213 417/36/213 416/27/212
f 451/6/213 452/34/214 418/12/214 417/36/213
f 452/34/214 453/1/215 419/13/215 418/12/214
f 453/1/215 454/56/216 420/15/216 419/13/215
f 454/56/216 455/43/217 421/14/217 420/15/216
f 455/43/217 456/28/218 422/64/218 421/14/217
f 456/28/218 457/65/219 423/48/219 422/64/218
f 457/65/219 458/29/220 424/66/220 423/48/219
f 458/29/220 459/7/221 425/8/221 424/66/220
f 459/7/221 460/22/222 426/52/222 425/8/221
f 460/22/222 461/9/223 427/30/223 426/52/222
f 461/9/223 462/60/224 428/2/224 427/30/223
f 462/60/224 463/31/225 429/33/225 428/2/224
f 463/31/225 464/23/226 430/32/226 429/33/225
f 464/23/226 465/3/227 431/53/227 430/32/226
f 465/3/227 466/57/228 432/61/228 431/53/227
f 466/57/228 467/38/229 433/37/229 432/61/228
f 467/38/229 468/16/230 434/24/230 433/37/229
f 468/16/230 469/49/231 435/39/231 434/24/230
f 469/49/231 470/67/232 436/18/232 435/39/231
f 470/67/232 471/68/233 437/17/233 436/18/232
f 471/68/233 472/4/234 438/40/234 437/17/233
f 472/4/234 473/41/235 439/19/235 438/40/234
f 473/41/235 474/44/236 440/5/236 439/19/235
f 474/44/236 475/62/237 441/10/237 440/5/236
f 475/62/237 476/11/238 442/58/238 441/10/237
f 511/25/239 512/59/240 478/50/240 477/45/239
f 512/59/240 513/54/241 479/26/241 478/50/240
f 513/54/241 514/35/242 480/20/242 479/26/241
f 514/35/242 515/46/243 481/51/243 480/20/242
f 515/46/243 516/47/244 482/21/244 481/51/243
f 516/47/244 517/63/245 483/42/245 482/21/244
f 517/63/245 518/55/246 484/27/246 483/42/245
f 518/55/246 519/6/247 485/36/247 484/27/246
f 519/6/247 520/34/248 486/12/248 485/36/247
f 520/34/248 521/1/249 487/13/249 486/12/248
f 521/1/249 522/56/250 488/15/250 487/13/249
f 522/56/250 523/43/251 489/14/251 488/15/250
f 523/43/251 524/28/252 490/64/252 489/14/251
f 524/28/252 525/65/253 491/48/253 490/64/252
f 525/65/253 526/29/254 492/66/254 491/48/253
f 526/29/254 527/7/255 493/8/255 492/66/254
f 527/7/255 528/22/256 494/52/256 493/8/255
f 528/22/256 529/9/257 495/30/257 494/52/256
f 529/9/257 530/60/258 496/2/258 495/30/257
f 530/60/258 531/31/259 497/33/259 496/2/258
f 531/31/259 532/23/260 498/32/260 497/33/259
f 532/23/260 533/3/261 499/53/261 498/32/260
f 533/3/261 534/57/262 500/61/262 499/53/261
f 534/57/262 535/38/263 501/37/263 500/61/262
f 535/38/263 536/16/264 502/24/264 501/37/263
f 536/16/264 537/49/265 503/39/265 502/24/264
f 537/49/265 538/67/266 504/18/266 503/39/265
f 538/67/266 539/68/267 505/17/267 504/18/266
f 539/68/267 540/4/268 506/40/268 505/17/267
f 540/4/268 541/41/269 507/19/269 506/40/268
f 541/41/269 542/44/270 508/5/270 507/19/269
f 542/44/270 543/62/271 509/10/271 508/5/270
f 543/62/271 544/11/272 510/58/272 509/10/271
f 579/25/273 580/59/274 546/50/274 545/45/273
f 580/59/274 581/54/275 547/26/275 546/50/274
f 581/54/275 582/35/276 548/20/276 547/26/275
f 582/35/276 583/46/277 549/51/277 548/20/276
f 583/46/277 584/47/278 550/21/278 549/51/277
f 584/47/278 585/63/279 551/42/279 550/21/278
f 585/63/279 586/55/280 552/27/280 551/42/279
f 586/55/280 587/6/281 553/36/281 552/27/280
f 587/6/281 588/34/282 554/12/282 553/36/281
f 588/34/282 589/1/283 555/13/283 554/12/282
f 589/1/283 590/56/284 556/15/284 555/13/283
f 590/56/284 591/43/285 557/14/285 556/15/284
f 591/43/285 592/28/286 558/64/286 557/14/285
f 592/28/286 593/65/287 559/48/287 558/64/286
f 593/65/287 594/29/288 560/66/288 559/48/287
f 594/29/288 595/7/289 561/8/289 560/66/288
f 595/7/289 596/22/290 562/52/290 561/8/289
f 596/22/290 597/9/291 563/30/291 562/52/290
f 597/9/291 598/60/292 564/2/292 563/30/291
f 598/60/292 599/31/293 565/33/293 564/2/292
f 599/31/293 600/23/294 566/32/294 565/33/293
f 600/23/294 601/3/295 567/53/295 566/32/294
f 601/3/295 602/57/296 568/61/296 567/53/295
f 602/57/296 603/38/297 569/37/297 568/61/296
f 603/38/297 604/16/298 570/24/298 569/37/297
f 604/16/298 605/49/299 571/39/299 570/24/298
f 605/49/299 606/67/300 572/18/300 571/39/299
f 606/67/300 607/68/301 573/17/301 572/18/300
f 607/68/301 608/4/302 574/40/302 573/17/301
f 608/4/302 609/41/303 575/19/303 574/40/302
f 609/41/303 610/44/304 576/5/304 575/19/303
f 610/44/304 611/62/305 577/10/305 576/5/304
f 611/62/305 612/11/306 578/58/306 577/10/305
f 647/25/307 648/59/308 614/50/308 613/45/307
f 648/59/308 649/54/309 615/26/309 614/50/308
f 649/54/309 650/35/310 616/20/310 615/26/309
f 650/35/310 651/46/311 617/51/311 616/20/310
f 651/46/311 652/47/312 618/21/312 617/51/311
f 652/47/312 653/63/313 619/42/313 618/21/312
f 653/63/313 654/55/314 620/27/314 619/42/313
f 654/55/314 655/6/315 621/36/315 620/27/314
f 655/6/315 656/34/316 622/12/316 621/36/315
f 656/34/316 657/1/317 623/13/317 622/12/316
f 657/1/317 658/56/318 624/15/318 623/13/317
f 658/56/318 659/43/319 625/14/319 624/15/318
f 659/43/319 660/28/320 626/64/320 625/14/319
f 660/28/320 661/65/321 627/48/321 626/64/320
f 661/65/321 662/29/322 628/66/322 627/48/321
f 662/29/322 663/7/323 629/8/323 628/66/322
f 663/7/323 664/22/324 630/52/324 629/8/323
f 664/22/324 665/9/325 631/30/325 630/52/324
f 665/9/325 666/60/326 632/2/326 631/30/325
f 666/60/326 667/31/327 633/33/327 632/2/326
f 667/31/327 668/23/328 634/32/328 633/33/327
f 668/23/328 669/3/329 635/53/329 634/32/328
f 669/3/329 670/57/330 636/61/330 635/53/329
f 670/57/330 671/38/331 637/37/331 636/61/330
f 671/38/331 672/16/332 638/24/332 637/37/331
f 672/16/332 673/49/333 639/39/333 638/24/332
f 673/49/333 674/67/334 640/18/334 639/39/333
f 674/67/334 675/68/335 641/17/335 640/18/334
f 675/68/335 676/4/336 642/40/336 641/17/335
f 676/4/336 677/41/337 643/19/337 642/40/336
f 677/41/337 678/44/338 644/5/338 643/19/337
f 678/44/338 679/62/339 645/10/339 644/5/338
f 679/62/339 680/11/340 646/58/340 645/10/339
f 715/25/341 716/59/342 682/50/342 681/45/341
f 716/59/342 717/54/343 683/26/343 682/50/342
f 717/54/343 718/35/344 684/20/344 683/26/343
f 718/35/344 719/46/345 685/51/345 684/20/344
f 719/46/345 720/47/346 686/21/346 685/51/345
f 720/47/346 721/63/347 687/42/347 686/21/346
f 721/63/347 722/55/348 688/27/348 687/42/347
f 722/55/348 723/6/349 689/36/349 688/27/348
f 723/6/349 724/34/350 690/12/350 689/36/349
f 724/34/350 725/1/351 691/13/351 690/12/350
f 725/1/351 726/56/352 692/15/352 691/13/351
f 726/56/352 727/43/353 693/14/353 692/15/352
f 727/43/353 728/28/354 694/64/354 693/14/353
f 728/28/354 729/65/355 695/48/355 694/64/354
f 729/65/355 730/29/356 696/66/356 695/48/355
f 730/29/356 731/7/357 697/8/357 696/66/356
f 731/7/357 732/22/358 698/52/358 697/8/357
f 732/22/358 733/9/359 699/30/359 698/52/358
f 733/9/359 734/60/360 700/2/360 699/30/359
f 734/60/360 735/31/361 701/33/361 700/2/360
f 735/31/361 736/23/362 702/32/362 701/33/361
f 736/23/362 737/3/363 703/53/363 702/32/362
f 737/3/363 738/57/364 704/61/364 703/53/363
f 738/57/364 739/38/365 705/37/365 704/61/364
f 739/38/365 740/16/366 706/24/366 705/37/365
f 740/16/366 741/49/367 707/39/367 706/24/366
f 741/49/367 742/67/368 708/18/368 707/39/367
f 742/67/368 743/68/369 709/17/369 708/18/368
f 743/68/369 744/4/370 710/40/370 709/17/369
f 744/4/370 745/41/371 711/19/371 710/40/370
f 745/41/371 746/44/372 712/5/372 711/19/371
f 746/44/372 747/62/373 713/10/373 712/5/372
f 747/62/373 748/11/374 714/58/374 713/10/373
f 783/25/375 784/59/376 750/50/376 749/45/375
f 784/59/376 785/54/377 751/26/377 750/50/376
f 785/54/377 786/35/378 752/20/378 751/26/377
f 786/35/378 787/46/379 753/51/379 752/20/378
f 787/46/379 788/47/380 754/21/380 753/51/379
f 788/47/380 789/63/381 755/42/381 754/21/380
f 789/63/381 790/55/382 756/27/382 755/42/381
f 790/55/382 791/6/383 757/36/383 756/27/382
f 791/6/383 792/34/384 758/12/384 757/36/383
f 792/34/384 793/1/385 759/13/385 758/12/384
f 793/1/385 794/56/386 760/15/386 759/13/385
f 794/56/386 795/43/387 761/14/387 760/15/386
f 795/43/387 796/28/388 762/64/388 761/14/387
f 796/28/388 797/65/389 763/48/389 762/64/388
f 797/65/389 798/29/390 764/66/390 763/48/389
f 798/29/390 799/7/391 765/8/391 764/66/390
f 799/7/391 800/22/392 766/52/392 765/8/391
f 800/22/392 801/9/393 767/30/393 766/52/392
f 801/9/393 802/60/394 768/2/394 767/30/393
f 802/60/394 803/31/395 769/33/395 768/2/394
f 803/31/395 804/23/396 770/32/396 769/33/395
f 804/23/396 805/3/397 771/53/397 770/32/396
f 805/3/397 806/57/398 772/61/398 771/53/397
f 806/57/398 807/38/399 773/37/399 772/61/398
f 807/38/399 808/16/400 774/24/400 773/37/399
f 808/16/400 809/49/401 775/39/401 774/24/400
f 809/49/401 810/67/402 776/18/402 775/39/401
f 810/67/402 811/68/403 777/17/403 776/18/402
f 811/68/403 812/4/404 778/40/404 777/17/403
f 812/4/404 813/41/405 779/19/405 778/40/404
f 813/41/405 814/44/406 780/5/406 779/19/405
f 814/44/406 815/62/407 781/10/407 780/5/406
f 815/62/407 816/11/408 782/58/408 781/10/407
f 851/25/409 852/59/410 818/50/410 817/45/409
f 852/59/410 853/54/411 819/26/411 818/50/410
f 853/54/411 854/35/412 820/20/412 819/26/411
f 854/35/412 855/46/413 821/51/413 820/20/412
f 855/46/413 856/47/414 822/21/414 821/51/413
f 856/47/414 857/63/415 823/42/415 822/21/414
f 857/63/415 858/55/416 824/27/416 823/42/415
f 858/55/416 859/6/417 825/36/417 824/27/416
f 859/6/417 860/34/418 826/12/418 825/36/417
f 860/34/418 861/1/419 827/13/419 826/12/418
f 861/1/419 862/56/420 828/15/420 827/13/419
f 862/56/420 863/43/421 829/14/421 828/15/420
f 863/43/421 864/28/422 830/64/422 829/14/421
f 864/28/422 865/65/423 831/48/423 830/64/422
f 865/65/423 866/29/424 832/66/424 831/48/423
f 866/29/424 867/7/425 833/8/425 832/66/424
f 867/7/425 868/22/426 834/52/426 833/8/425
f 868/22/426 869/9/427 835/30/427 834/52/426
f 869/9/427 870/60/428 836/2/428 835/30/427
f 870/60/428 871/31/429 837/33/429 836/2/428
f 871/31/429 872/23/430 838/32/430 837/33/429
f 872/23/430 873/3/431 839/53/431 838/32/430
f 873/3/431 874/57/432 840/61/432 839/53/431
f 874/57/432 875/38/433 841/37/433 840/61/432
f 875/38/433 876/16/434 842/24/434 841/37/433
f 876/16/434 877/49/435 843/39/435 842/24/434
f 877/49/435 878/67/436 844/18/436 843/39/435
f 878/67/436 879/68/437 845/17/437 844/18/436
f 879/68/437 880/4/438 846/40/438 845/17/437
f 880/4/438 881/41/439 847/19/439 846/40/438
f 881/41/439 882/44/440 848/5/440 847/19/439
f 882/44/440 883/62/441 849/10/441 848/5/440
f 883/62/441 884/11/442 850/58/442 849/10/441
usemtl default
f 921/69/446 922/70/445 886/72/444 885/71/443
f 922/70/445 923/73/448 887/74/447 886/72/444
f 923/73/448 924/131/450 888/76/449 887/74/447
f 924/131/450 925/135/452 889/75/451 888/76/449
f 925/135/452 926/134/454 890/77/453 889/75/451
f 926/134/454 927/138/456 891/79/455 890/77/453
f 927/138/456 928/78/458 892/81/457 891/79/455
f 928/78/458 929/80/460 893/82/459 892/81/457
f 929/80/460 930/83/462 894/85/461 893/82/459
f 930/83/462 931/142/464 895/84/463 894/85/461
f 931/142/464 932/86/466 896/87/465 895/84/463
f 932/86/466 933/89/468 897/88/467 896/87/465
f 933/89/468 934/145/470 898/91/469 897/88/467
f 934/145/470 935/147/472 899/90/471 898/91/469
f 935/147/472 936/92/474 900/95/473 899/90/471
f 936/92/474 937/93/476 901/94/475 900/95/473
f 937/93/476 938/150/478 902/96/477 901/94/475
f 938/150/478 939/97/480 903/98/479 902/96/477
f 939/97/480 940/99/482 904/101/481 903/98/479
f 940/99/482 941/102/484 905/100/483 904/101/481
f 941/102/484 942/152/486 906/103/485 905/100/483
f 942/152/486 943/153/488 907/104/487 906/103/485
f 943/153/488 944/106/490 908/105/489 907/104/487
f 944/106/490 945/108/492 909/107/491 908/105/489
f 945/108/492 946/109/494 910/111/493 909/107/491
f 946/109/494 947/110/496 911/112/495 910/111/493
f 947/110/496 948/156/498 912/115/497 911/112/495
f 948/156/498 949/113/500 913/114/499 912/115/497
f 949/113/500 950/157/502 914/116/501 913/114/499
f 950/157/502 951/159/504 915/119/503 914/116/501
f 951/159/504 952/117/506 916/118/505 915/119/503
f 952/117/506 953/120/508 917/122/507 916/118/505
f 953/120/508 954/121/510 918/123/509 917/122/507
f 954/121/510 955/124/512 919/125/511 918/123/509
f 955/124/512 956/163/514 920/127/513 919/125/511
f 956/163/514 921/164/446 885/126/443 920/127/513
f 957/128/516 958/129/515 922/70/445 921/69/446
f 958/129/515 959/130/517 923/73/448 922/70/445
f 959/130/517 960/132/518 924/131/450 923/73/448
f 960/132/518 961/133/519 925/135/452 924/131/450
f 961/133/519 962/136/520 926/134/454 925/135/452
f 962/136/520 963/137/521 927/138/456 926/134/454
f 963/137/521 964/169/522 928/78/458 927/138/456
f 964/169/522 965/139/523 929/80/460 928/78/458
f 965/139/523 966/140/524 930/83/462 929/80/460
f 966/140/524 967/141/525 931/142/464 930/83/462
f 967/141/525 968/171/526 932/86/466 931/142/464
f 968/171/526 969/143/527 933/89/468 932/86/466
f 969/143/527 970/144/528 934/145/470 933/89/468
f 970/144/528 971/146/529 935/147/472 934/145/470
f 971/146/529 972/148/530 936/92/474 935/147/472
f 972/148/530 973/149/531 937/93/476 936/92/474
f 973/149/531 974/173/532 938/150/478 937/93/476
f 974/173/532 975/151/533 939/97/480 938/150/478
f 975/151/533 976/175/534 940/99/482 939/97/480
f 976/175/534 977/178/535 941/102/484 940/99/482
f 977/178/535 978/179/536 942/152/486 941/102/484
f 978/179/536 979/181/537 943/153/488 942/152/486
f 979/181/537 980/182/538 944/106/490 943/153/488
f 980/182/538 981/183/539 945/108/492 944/106/490
f 981/183/539 982/185/540 946/109/494 945/108/492
f 982/185/540 983/154/541 947/110/496 946/109/494
f 983/154/541 984/155/542 948/156/498 947/110/496
f 984/155/542 985/187/543 949/113/500 948/156/498
f 985/187/543 986/186/544 950/157/502 949/113/500
f 986/186/544 987/158/545 951/159/504 950/157/502
f 987/158/545 988/188/546 952/117/506 951/159/504
f 988/188/546 989/160/547 953/120/508 952/117/506
f 989/160/547 990/161/548 954/121/510 953/120/508
f 990/161/548 991/162/549 955/124/512 954/121/510
f 991/162/549 992/193/550 956/163/514 955/124/512
f 992/193/550 957/192/516 921/164/446 956/163/514
f 993/165/552 994/195/551 958/129/515 957/128/516
f 994/195/551 995/197/553 959/130/517 958/129/515
f 995/197/553 996/196/554 960/132/518 959/130/517
f 996/196/554 997/166/555 961/133/519 960/132/518
f 997/166/555 998/201/556 962/136/520 961/133/519
f 998/201/556 999/200/557 963/137/521 962/136/520
f 999/200/557 1000/167/558 964/169/522 963/137/521
f 1000/167/558 1001/168/559 965/139/523 964/169/522
f 1001/168/559 1002/203/560 966/140/524 965/139/523
f 1002/203/560 1003/205/561 967/141/525 966/140/524
f 1003/205/561 1004/170/562 968/171/526 967/141/525
f 1004/170/562 1005/206/563 969/143/527 968/171/526
f 1005/206/563 1006/207/564 970/144/528 969/143/527
f 1006/207/564 1007/208/565 971/146/529 970/144/528
f 1007/208/565 1008/209/566 972/148/530 971/146/529
f 1008/209/566 1009/172/567 973/149/531 972/148/530
f 1009/172/567 1010/213/568 974/173/532 973/149/531
f 1010/213/568 1011/174/569 975/151/533 974/173/532
f 1011/174/569 1012/176/570 976/175/534 975/151/533
f 1012/176/570 1013/177/571 977/178/535 976/175/534
f 1013/177/571 1014/215/572 978/179/536 977/178/535
f 1014/215/572 1015/180/573 979/181/537 978/179/536
f 1015/180/573 1016/217/574 980/182/538 979/181/537
f 1016/217/574 1017/184/575 981/183/539 980/182/538
f 1017/184/575 1018/220/576 982/185/540 981/183/539
f 1018/220/576 1019/221/577 983/154/541 982/185/540
f 1019/221/577 1020/222/578 984/155/542 983/154/541
f 1020/222/578 1021/224/579 985/187/543 984/155/542
f 1021/224/579 1022/223/580 986/186/544 985/187/543
f 1022/223/580 1023/226/581 987/158/545 986/186/544
f 1023/226/581 1024/227/582 988/188/546 987/158/545
f 1024/227/582 1025/228/583 989/160/547 988/188/546
f 1025/228/583 1026/189/584 990/161/548 989/160/547
f 1026/189/584 1027/190/585 991/162/549 990/161/548
f 1027/190/585 1028/230/586 992/193/550 991/162/549
f 1028/230/586 993/191/552 957/192/516 992/193/550
f 1029/194/588 1030/232/587 994/195/551 993/165/552
f 1030/232/587 1031/234/589 995/197/553 994/195/551
f 1031/234/589 1032/235/590 996/196/554 995/197/553
f 1032/235/590 1033/198/591 997/166/555 996/196/554
f 1033/198/591 1034/199/592 998/201/556 997/166/555
f 1034/199/592 1035/237/593 999/200/557 998/201/556
f 1035/237/593 1036/202/594 1000/167/558 999/200/557
f 1036/202/594 1037/239/595 1001/168/559 1000/167/558
f 1037/239/595 1038/204/596 1002/203/560 1001/168/559
f 1038/204/596 1039/242/597 1003/205/561 1002/203/560
f 1039/242/597 1040/244/598 1004/170/562 1003/205/561
f 1040/244/598 1041/246/599 1005/206/563 1004/170/562
f 1041/246/599 1042/248/600 1006/207/564 1005/206/563
f 1042/248/600 1043/250/601 1007/208/565 1006/207/564
f 1043/250/601 1044/252/602 1008/209/566 1007/208/565
f 1044/252/602 1045/210/603 1009/172/567 1008/209/566
f 1045/210/603 1046/211/604 1010/213/568 1009/172/567
f 1046/211/604 1047/212/605 1011/174/569 1010/213/568
f 1047/212/605 1048/254/606 1012/176/570 1011/174/569
f 1048/254/606 1049/214/607 1013/177/571 1012/176/570
f 1049/214/607 1050/216/608 1014/215/572 1013/177/571
f 1050/216/608 1051/255/609 1015/180/573 1014/215/572
f 1051/255/609 1052/218/610 1016/217/574 1015/180/573
f 1052/218/610 1053/219/611 1017/184/575 1016/217/574
f 1053/219/611 1054/258/612 1018/220/576 1017/184/575
f 1054/258/612 1055/257/613 1019/221/577 1018/220/576
f 1055/257/613 1056/260/614 1020/222/578 1019/221/577
f 1056/260/614 1057/262/615 1021/224/579 1020/222/578
f 1057/262/615 1058/225/616 1022/223/580 1021/224/579
f 1058/225/616 1059/263/617 1023/226/581 1022/223/580
f 1059/263/617 1060/265/618 1024/227/582 1023/226/581
f 1060/265/618 1061/264/619 1025/228/583 1024/227/582
f 1061/264/619 1062/268/620 1026/189/584 1025/228/583
f 1062/268/620 1063/270/621 1027/190/585 1026/189/584
f 1063/270/621 1064/229/622 1028/230/586 1027/190/585
f 1064/229/622 1029/231/588 993/191/552 1028/230/586
f 1065/274/624 1066/273/623 1030/232/587 1029/194/588
f 1066/273/623 1067/233/625 1031/234/589 1030/232/587
f 1067/233/625 1068/276/626 1032/235/590 1031/234/589
f 1068/276/626 1069/278/627 1033/198/591 1032/235/590
f 1069/278/627 1070/236/628 1034/199/592 1033/198/591
f 1070/236/628 1071/238/629 1035/237/593 1034/199/592
f 1071/238/629 1072/280/630 1036/202/594 1035/237/593
f 1072/280/630 1073/281/631 1037/239/595 1036/202/594
f 1073/281/631 1074/240/632 1038/204/596 1037/239/595
f 1074/240/632 1075/241/633 1039/242/597 1038/204/596
f 1075/241/633 1076/243/634 1040/244/598 1039/242/597
f 1076/243/634 1077/245/635 1041/246/599 1040/244/598
f 1077/245/635 1078/284/636 1042/248/600 1041/246/599
f 1078/284/636 1079/247/637 1043/250/601 1042/248/600
f 1079/247/637 1080/249/638 1044/252/602 1043/250/601
f 1080/249/638 1081/251/639 1045/210/603 1044/252/602
f 1081/251/639 1082/288/640 1046/211/604 1045/210/603
f 1082/288/640 1083/287/641 1047/212/605 1046/211/604
f 1083/287/641 1084/253/642 1048/254/606 1047/212/605
f 1084/253/642 1085/290/643 1049/214/607 1048/254/606
f 1085/290/643 1086/294/644 1050/216/608 1049/214/607
f 1086/294/644 1087/293/645 1051/255/609 1050/216/608
f 1087/293/645 1088/295/646 1052/218/610 1051/255/609
f 1088/295/646 1089/256/647 1053/219/611 1052/218/610
f 1089/256/647 1090/296/648 1054/258/612 1053/219/611
f 1090/296/648 1091/299/649 1055/257/613 1054/258/612
f 1091/299/649 1092/259/650 1056/260/614 1055/257/613
f 1092/259/650 1093/261/651 1057/262/615 1056/260/614
f 1093/261/651 1094/302/652 1058/225/616 1057/262/615
f 1094/302/652 1095/304/653 1059/263/617 1058/225/616
f 1095/304/653 1096/303/654 1060/265/618 1059/263/617
f 1096/303/654 1097/266/655 1061/264/619 1060/265/618
f 1097/266/655 1098/267/656 1062/268/620 1061/264/619
f 1098/267/656 1099/269/657 1063/270/621 1062/268/620
f 1099/269/657 1100/309/658 1064/229/622 1063/270/621
f 1100/309/658 1065/271/624 1029/231/588 1064/229/622
f 1101/311/660 1102/272/659 1066/273/623 1065/274/624
f 1102/272/659 1103/314/661 1067/233/625 1066/273/623
f 1103/314/661 1104/275/662 1068/276/626 1067/233/625
f 1104/275/662 1105/315/663 1069/278/627 1068/276/626
f 1105/315/663 1106/277/664 1070/236/628 1069/278/627
f 1106/277/664 1107/279/665 1071/238/629 1070/236/628
f 1107/279/665 1108/319/666 1072/280/630 1071/238/629
f 1108/319/666 1109/318/667 1073/281/631 1072/280/630
f 1109/318/667 1110/322/668 1074/240/632 1073/281/631
f 1110/322/668 1111/282/669 1075/241/633 1074/240/632
f 1111/282/669 1112/283/670 1076/243/634 1075/241/633
f 1112/283/670 1113/325/671 1077/245/635 1076/243/634
f 1113/325/671 1114/327/672 1078/284/636 1077/245/635
f 1114/327/672 1115/285/673 1079/247/637 1078/284/636
f 1115/285/673 1116/330/674 1080/249/638 1079/247/637
f 1116/330/674 1117/286/675 1081/251/639 1080/249/638
f 1117/286/675 1118/333/676 1082/288/640 1081/251/639
f 1118/333/676 1119/332/677 1083/287/641 1082/288/640
f 1119/332/677 1120/336/678 1084/253/642 1083/287/641
f 1120/336/678 1121/289/679 1085/290/643 1084/253/642
f 1121/289/679 1122/291/680 1086/294/644 1085/290/643
f 1122/291/680 1123/292/681 1087/293/645 1086/294/644
f 1123/292/681 1124/340/682 1088/295/646 1087/293/645
f 1124/340/682 1125/342/683 1089/256/647 1088/295/646
f 1125/342/683 1126/297/684 1090/296/648 1089/256/647
f 1126/297/684 1127/298/685 1091/299/649 1090/296/648
f 1127/298/685 1128/300/686 1092/259/650 1091/299/649
f 1128/300/686 1129/301/687 1093/261/651 1092/259/650
f 1129/301/687 1130/348/688 1094/302/652 1093/261/651
f 1130/348/688 1131/349/689 1095/304/653 1094/302/652
f 1131/349/689 1132/305/690 1096/303/654 1095/304/653
f 1132/305/690 1133/350/691 1097/266/655 1096/303/654
f 1133/350/691 1134/306/692 1098/267/656 1097/266/655
f 1134/306/692 1135/307/693 1099/269/657 1098/267/656
f 1135/307/693 1136/308/694 1100/309/658 1099/269/657
f 1136/308/694 1101/355/660 1065/271/624 1100/309/658
f 1137/356/696 1138/310/695 1102/272/659 1101/311/660
f 1138/310/695 1139/312/697 1103/314/661 1102/272/659
f 1139/312/697 1140/313/698 1104/275/662 1103/314/661
f 1140/313/698 1141/316/699 1105/315/663 1104/275/662
f 1141/316/699 1142/317/700 1106/277/664 1105/315/663
f 1142/317/700 1143/362/701 1107/279/665 1106/277/664
f 1143/362/701 1144/364/702 1108/319/666 1107/279/665
f 1144/364/702 1145/320/703 1109/318/667 1108/319/666
f 1145/320/703 1146/321/704 1110/322/668 1109/318/667
f 1146/321/704 1147/367/705 1111/282/669 1110/322/668
f 1147/367/705 1148/323/706 1112/283/670 1111/282/669
f 1148/323/706 1149/324/707 1113/325/671 1112/283/670
f 1149/324/707 1150/326/708 1114/327/672 1113/325/671
f 1150/326/708 1151/370/709 1115/285/673 1114/327/672
f 1151/370/709 1152/328/710 1116/330/674 1115/285/673
f 1152/328/710 1153/329/711 1117/286/675 1116/330/674
f 1153/329/711 1154/331/712 1118/333/676 1117/286/675
f 1154/331/712 1155/334/713 1119/332/677 1118/333/676
f 1155/334/713 1156/335/714 1120/336/678 1119/332/677
f 1156/335/714 1157/337/715 1121/289/679 1120/336/678
f 1157/337/715 1158/338/716 1122/291/680 1121/289/679
f 1158/338/716 1159/374/717 1123/292/681 1122/291/680
f 1159/374/717 1160/339/718 1124/340/682 1123/292/681
f 1160/339/718 1161/341/719 1125/342/683 1124/340/682
f 1161/341/719 1162/343/720 1126/297/684 1125/342/683
f 1162/343/720 1163/376/721 1127/298/685 1126/297/684
f 1163/376/721 1164/344/722 1128/300/686 1127/298/685
f 1164/344/722 1165/345/723 1129/301/687 1128/300/686
f 1165/345/723 1166/346/724 1130/348/688 1129/301/687
f 1166/346/724 1167/347/725 1131/349/689 1130/348/688
f 1167/347/725 1168/382/726 1132/305/690 1131/349/689
f 1168/382/726 1169/381/727 1133/350/691 1132/305/690
f 1169/381/727 1170/351/728 1134/306/692 1133/350/691
f 1170/351/728 1171/352/729 1135/307/693 1134/306/692
f 1171/352/729 1172/353/730 1136/308/694 1135/307/693
f 1172/353/730 1137/354/696 1101/355/660 1136/308/694
f 1173/387/732 1174/357/731 1138/310/695 1137/356/696
f 1174/357/731 1175/358/733 1139/312/697 1138/310/695
f 1175/358/733 1176/359/734 1140/313/698 1139/312/697
f 1176/359/734 1177/392/735 1141/316/699 1140/313/698
f 1177/392/735 1178/360/736 1142/317/700 1141/316/699
f 1178/360/736 1179/361/737 1143/362/701 1142/317/700
f 1179/361/737 1180/363/738 1144/364/702 1143/362/701
f 1180/363/738 1181/394/739 1145/320/703 1144/364/702
f 1181/394/739 1182/365/740 1146/321/704 1145/320/703
f 1182/365/740 1183/366/741 1147/367/705 1146/321/704
f 1183/366/741 1184/398/742 1148/323/706 1147/367/705
f 1184/398/742 1185/368/743 1149/324/707 1148/323/706
f 1185/368/743 1186/400/744 1150/326/708 1149/324/707
f 1186/400/744 1187/401/745 1151/370/709 1150/326/708
f 1187/401/745 1188/369/746 1152/328/710 1151/370/709
f 1188/369/746 1189/404/747 1153/329/711 1152/328/710
f 1189/404/747 1190/406/748 1154/331/712 1153/329/711
f 1190/406/748 1191/371/749 1155/334/713 1154/331/712
f 1191/371/749 1192/372/750 1156/335/714 1155/334/713
f 1192/372/750 1193/410/751 1157/337/715 1156/335/714
f 1193/410/751 1194/409/752 1158/338/716 1157/337/715
f 1194/409/752 1195/373/753 1159/374/717 1158/338/716
f 1195/373/753 1196/413/754 1160/339/718 1159/374/717
f 1196/413/754 1197/415/755 1161/341/719 1160/339/718
f 1197/415/755 1198/375/756 1162/343/720 1161/341/719
f 1198/375/756 1199/377/757 1163/376/721 1162/343/720
f 1199/377/757 1200/378/758 1164/344/722 1163/376/721
f 1200/378/758 1201/379/759 1165/345/723 1164/344/722
f 1201/379/759 1202/380/760 1166/346/724 1165/345/723
f 1202/380/760 1203/422/761 1167/347/725 1166/346/724
f 1203/422/761 1204/424/762 1168/382/726 1167/347/725
f 1204/424/762 1205/423/763 1169/381/727 1168/382/726
f 1205/423/763 1206/425/764 1170/351/728 1169/381/727
f 1206/425/764 1207/383/765 1171/352/729 1170/351/728
f 1207/383/765 1208/384/766 1172/353/730 1171/352/729
f 1208/384/766 1173/385/732 1137/354/696 1172/353/730
f 1209/386/768 1210/429/767 1174/357/731 1173/387/732
f 1210/429/767 1211/388/769 1175/358/733 1174/357/731
f 1211/388/769 1212/389/770 1176/359/734 1175/358/733
f 1212/389/770 1213/390/771 1177/392/735 1176/359/734
f 1213/390/771 1214/391/772 1178/360/736 1177/392/735
f 1214/391/772 1215/393/773 1179/361/737 1178/360/736
f 1215/393/773 1216/433/774 1180/363/738 1179/361/737
f 1216/433/774 1217/395/775 1181/394/739 1180/363/738
f 1217/395/775 1218/396/776 1182/365/740 1181/394/739
f 1218/396/776 1219/397/777 1183/366/741 1182/365/740
f 1219/397/777 1220/438/778 1184/398/742 1183/366/741
f 1220/438/778 1221/437/779 1185/368/743 1184/398/742
f 1221/437/779 1222/399/780 1186/400/744 1185/368/743
f 1222/399/780 1223/402/781 1187/401/745 1186/400/744
f 1223/402/781 1224/403/782 1188/369/746 1187/401/745
f 1224/403/782 1225/405/783 1189/404/747 1188/369/746
f 1225/405/783 1226/441/784 1190/406/748 1189/404/747
f 1226/441/784 1227/407/785 1191/371/749 1190/406/748
f 1227/407/785 1228/445/786 1192/372/750 1191/371/749
f 1228/445/786 1229/408/787 1193/410/751 1192/372/750
f 1229/408/787 1230/411/788 1194/409/752 1193/410/751
f 1230/411/788 1231/412/789 1195/373/753 1194/409/752
f 1231/412/789 1232/447/790 1196/413/754 1195/373/753
f 1232/447/790 1233/448/791 1197/415/755 1196/413/754
f 1233/448/791 1234/414/792 1198/375/756 1197/415/755
f 1234/414/792 1235/416/793 1199/377/757 1198/375/756
f 1235/416/793 1236/417/794 1200/378/758 1199/377/757
f 1236/417/794 1237/418/795 1201/379/759 1200/378/758
f 1237/418/795 1238/419/796 1202/380/760 1201/379/759
f 1238/419/796 1239/420/797 1203/422/761 1202/380/760
f 1239/420/797 1240/421/798 1204/424/762 1203/422/761
f 1240/421/798 1241/455/799 1205/423/763 1204/424/762
f 1241/455/799 1242/426/800 1206/425/764 1205/423/763
f 1242/426/800 1243/427/801 1207/383/765 1206/425/764
f 1243/427/801 1244/457/802 1208/384/766 1207/383/765
f 1244/457/802 1209/459/768 1173/385/732 1208/384/766
f 1245/428/804 1246/461/803 1210/429/767 1209/386/768
f 1246/461/803 1247/464/805 1211/388/769 1210/429/767
f 1247/464/805 1248/466/806 1212/389/770 1211/388/769
f 1248/466/806 1249/430/807 1213/390/771 1212/389/770
f 1249/430/807 1250/467/808 1214/391/772 1213/390/771
f 1250/467/808 1251/431/809 1215/393/773 1214/391/772
f 1251/431/809 1252/432/810 1216/433/774 1215/393/773
f 1252/432/810 1253/469/811 1217/395/775 1216/433/774
f 1253/469/811 1254/434/812 1218/396/776 1217/395/775
f 1254/434/812 1255/435/813 1219/397/777 1218/396/776
f 1255/435/813 1256/436/814 1220/438/778 1219/397/777
f 1256/436/814 1257/474/815 1221/437/779 1220/438/778
f 1257/474/815 1258/473/816 1222/399/780 1221/437/779
f 1258/473/816 1259/476/817 1223/402/781 1222/399/780
f 1259/476/817 1260/439/818 1224/403/782 1223/402/781
f 1260/439/818 1261/440/819 1225/405/783 1224/403/782
f 1261/440/819 1262/442/820 1226/441/784 1225/405/783
f 1262/442/820 1263/443/821 1227/407/785 1226/441/784
f 1263/443/821 1264/444/822 1228/445/786 1227/407/785
f 1264/444/822 1265/446/823 1229/408/787 1228/445/786
f 1265/446/823 1266/480/824 1230/411/788 1229/408/787
f 1266/480/824 1267/481/825 1231/412/789 1230/411/788
f 1267/481/825 1268/482/826 1232/447/790 1231/412/789
f 1268/482/826 1269/484/827 1233/448/791 1232/447/790
f 1269/484/827 1270/483/828 1234/414/792 1233/448/791
f 1270/483/828 1271/449/829 1235/416/793 1234/414/792
f 1271/449/829 1272/450/830 1236/417/794 1235/416/793
f 1272/450/830 1273/451/831 1237/418/795 1236/417/794
f 1273/451/831 1274/452/832 1238/419/796 1237/418/795
f 1274/452/832 1275/453/833 1239/420/797 1238/419/796
f 1275/453/833 1276/489/834 1240/421/798 1239/420/797
f 1276/489/834 1277/454/835 1241/455/799 1240/421/798
f 1277/454/835 1278/492/836 1242/426/800 1241/455/799
f 1278/492/836 1279/456/837 1243/427/801 1242/426/800
f 1279/456/837 1280/494/838 1244/457/802 1243/427/801
f 1280/494/838 1245/458/804 1209/459/768 1244/457/802
f 1281/460/840 1282/462/839 1246/461/803 1245/428/804
f 1282/462/839 1283/463/841 1247/464/805 1246/461/803
f 1283/463/841 1284/465/842 1248/466/806 1247/464/805
f 1284/465/842 1285/498/843 1249/430/807 1248/466/806
f 1285/498/843 1286/497/844 1250/467/808 1249/430/807
f 1286/497/844 1287/501/845 1251/431/809 1250/467/808
f 1287/501/845 1288/468/846 1252/432/810 1251/431/809
f 1288/468/846 1289/503/847 1253/469/811 1252/432/810
f 1289/503/847 1290/470/848 1254/434/812 1253/469/811
f 1290/470/848 1291/505/849 1255/435/813 1254/434/812
f 1291/505/849 1292/471/850 1256/436/814 1255/435/813
f 1292/471/850 1293/472/851 1257/474/815 1256/436/814
f 1293/472/851 1294/475/852 1258/473/816 1257/474/815
f 1294/475/852 1295/511/853 1259/476/817 1258/473/816
f 1295/511/853 1296/510/854 1260/439/818 1259/476/817
f 1296/510/854 1297/512/855 1261/440/819 1260/439/818
f 1297/512/855 1298/514/856 1262/442/820 1261/440/819
f 1298/514/856 1299/477/857 1263/443/821 1262/442/820
f 1299/477/857 1300/478/858 1264/444/822 1263/443/821
f 1300/478/858 1301/516/859 1265/446/823 1264/444/822
f 1301/516/859 1302/479/860 1266/480/824 1265/446/823
f 1302/479/860 1303/517/861 1267/481/825 1266/480/824
f 1303/517/861 1304/520/862 1268/482/826 1267/481/825
f 1304/520/862 1305/522/863 1269/484/827 1268/482/826
f 1305/522/863 1306/521/864 1270/483/828 1269/484/827
f 1306/521/864 1307/485/865 1271/449/829 1270/483/828
f 1307/485/865 1308/525/866 1272/450/830 1271/449/829
f 1308/525/866 1309/486/867 1273/451/831 1272/450/830
f 1309/486/867 1310/487/868 1274/452/832 1273/451/831
f 1310/487/868 1311/528/869 1275/453/833 1274/452/832
f 1311/528/869 1312/530/870 1276/489/834 1275/453/833
f 1312/530/870 1313/488/871 1277/454/835 1276/489/834
f 1313/488/871 1314/490/872 1278/492/836 1277/454/835
f 1314/490/872 1315/491/873 1279/456/837 1278/492/836
f 1315/491/873 1316/493/874 1280/494/838 1279/456/837
f 1316/493/874 1281/533/840 1245/458/804 1280/494/838
f 1317/495/876 1318/535/875 1282/462/839 1281/460/840
f 1318/535/875 1319/496/877 1283/463/841 1282/462/839
f 1319/496/877 1320/537/878 1284/465/842 1283/463/841
f 1320/537/878 1321/539/879 1285/498/843 1284/465/842
f 1321/539/879 1322/499/880 1286/497/844 1285/498/843
f 1322/499/880 1323/500/881 1287/501/845 1286/497/844
f 1323/500/881 1324/502/882 1288/468/846 1287/501/845
f 1324/502/882 1325/543/883 1289/503/847 1288/468/846
f 1325/543/883 1326/544/884 1290/470/848 1289/503/847
f 1326/544/884 1327/504/885 1291/505/849 1290/470/848
f 1327/504/885 1328/506/886 1292/471/850 1291/505/849
f 1328/506/886 1329/507/887 1293/472/851 1292/471/850
f 1329/507/887 1330/508/888 1294/475/852 1293/472/851
f 1330/508/888 1331/509/889 1295/511/853 1294/475/852
f 1331/509/889 1332/550/890 1296/510/854 1295/511/853
f 1332/550/890 1333/552/891 1297/512/855 1296/510/854
f 1333/552/891 1334/553/892 1298/514/856 1297/512/855
f 1334/553/892 1335/513/893 1299/477/857 1298/514/856
f 1335/513/893 1336/515/894 1300/478/858 1299/477/857
f 1336/515/894 1337/555/895 1301/516/859 1300/478/858
f 1337/555/895 1338/557/896 1302/479/860 1301/516/859
f 1338/557/896 1339/558/897 1303/517/861 1302/479/860
f 1339/558/897 1340/518/898 1304/520/862 1303/517/861
f 1340/518/898 1341/519/899 1305/522/863 1304/520/862
f 1341/519/899 1342/559/900 1306/521/864 1305/522/863
f 1342/559/900 1343/523/901 1307/485/865 1306/521/864
f 1343/523/901 1344/524/902 1308/525/866 1307/485/865
f 1344/524/902 1345/526/903 1309/486/867 1308/525/866
f 1345/526/903 1346/527/904 1310/487/868 1309/486/867
f 1346/527/904 1347/563/905 1311/528/869 1310/487/868
f 1347/563/905 1348/529/906 1312/530/870 1311/528/869
f 1348/529/906 1349/531/907 1313/488/871 1312/530/870
f 1349/531/907 1350/532/908 1314/490/872 1313/488/871
f 1350/532/908 1351/565/909 1315/491/873 1314/490/872
f 1351/565/909 1352/567/910 1316/493/874 1315/491/873
f 1352/567/910 1317/566/876 1281/533/840 1316/493/874
f 1353/534/912 1354/536/911 1318/535/875 1317/495/876
f 1354/536/911 1355/568/913 1319/496/877 1318/535/875
f 1355/568/913 1356/538/914 1320/537/878 1319/496/877
f 1356/538/914 1357/540/915 1321/539/879 1320/537/878
f 1357/540/915 1358/541/916 1322/499/880 1321/539/879
f 1358/541/916 1359/542/917 1323/500/881 1322/499/880
f 1359/542/917 1360/571/918 1324/502/882 1323/500/881
f 1360/571/918 1361/570/919 1325/543/883 1324/502/882
f 1361/570/919 1362/574/920 1326/544/884 1325/543/883
f 1362/574/920 1363/545/921 1327/504/885 1326/544/884
f 1363/545/921 1364/546/922 1328/506/886 1327/504/885
f 1364/546/922 1365/547/923 1329/507/887 1328/506/886
f 1365/547/923 1366/576/924 1330/508/888 1329/507/887
f 1366/576/924 1367/548/925 1331/509/889 1330/508/888
f 1367/548/925 1368/549/926 1332/550/890 1331/509/889
f 1368/549/926 1369/551/927 1333/552/891 1332/550/890
f 1369/551/927 1370/578/928 1334/553/892 1333/552/891
f 1370/578/928 1371/554/929 1335/513/893 1334/553/892
f 1371/554/929 1372/582/930 1336/515/894 1335/513/893
f 1372/582/930 1373/581/931 1337/555/895 1336/515/894
f 1373/581/931 1374/556/932 1338/557/896 1337/555/895
f 1374/556/932 1375/585/933 1339/558/897 1338/557/896
f 1375/585/933 1376/584/934 1340/518/898 1339/558/897
f 1376/584/934 1377/587/935 1341/519/899 1340/518/898
f 1377/587/935 1378/589/936 1342/559/900 1341/519/899
f 1378/589/936 1379/560/937 1343/523/901 1342/559/900
f 1379/560/937 1380/561/938 1344/524/902 1343/523/901
f 1380/561/938 1381/562/939 1345/526/903 1344/524/902
f 1381/562/939 1382/594/940 1346/527/904 1345/526/903
f 1382/594/940 1383/593/941 1347/563/905 1346/527/904
f 1383/593/941 1384/596/942 1348/529/906 1347/563/905
f 1384/596/942 1385/598/943 1349/531/907 1348/529/906
f 1385/598/943 1386/597/944 1350/532/908 1349/531/907
f 1386/597/944 1387/564/945 1351/565/909 1350/532/908
f 1387/564/945 1388/600/946 1352/567/910 1351/565/909
f 1388/600/946 1353/602/912 1317/566/876 1352/567/910
f 1389/604/948 1390/606/947 1354/536/911 1353/534/912
f 1390/606/947 1391/605/949 1355/568/913 1354/536/911
f 1391/605/949 1392/608/950 1356/538/914 1355/568/913
f 1392/608/950 1393/610/951 1357/540/915 1356/538/914
f 1393/610/951 1394/569/952 1358/541/916 1357/540/915
f 1394/569/952 1395/613/953 1359/542/917 1358/541/916
f 1395/613/953 1396/615/954 1360/571/918 1359/542/917
f 1396/615/954 1397/614/955 1361/570/919 1360/571/918
f 1397/614/955 1398/572/956 1362/574/920 1361/570/919
f 1398/572/956 1399/573/957 1363/545/921 1362/574/920
f 1399/573/957 1400/575/958 1364/546/922 1363/545/921
f 1400/575/958 1401/621/959 1365/547/923 1364/546/922
f 1401/621/959 1402/620/960 1366/576/924 1365/547/923
f 1402/620/960 1403/622/961 1367/548/925 1366/576/924
f 1403/622/961 1404/624/962 1368/549/926 1367/548/925
f 1404/624/962 1405/577/963 1369/551/927 1368/549/926
f 1405/577/963 1406/579/964 1370/578/928 1369/551/927
f 1406/579/964 1407/628/965 1371/554/929 1370/578/928
f 1407/628/965 1408/580/966 1372/582/930 1371/554/929
f 1408/580/966 1409/583/967 1373/581/931 1372/582/930
f 1409/583/967 1410/629/968 1374/556/932 1373/581/931
f 1410/629/968 1411/631/969 1375/585/933 1374/556/932
f 1411/631/969 1412/586/970 1376/584/934 1375/585/933
f 1412/586/970 1413/632/971 1377/587/935 1376/584/934
f 1413/632/971 1414/588/972 1378/589/936 1377/587/935
f 1414/588/972 1415/590/973 1379/560/937 1378/589/936
f 1415/590/973 1416/591/974 1380/561/938 1379/560/937
f 1416/591/974 1417/635/975 1381/562/939 1380/561/938
f 1417/635/975 1418/634/976 1382/594/940 1381/562/939
f 1418/634/976 1419/592/977 1383/593/941 1382/594/940
f 1419/592/977 1420/595/978 1384/596/942 1383/593/941
f 1420/595/978 1421/639/979 1385/598/943 1384/596/942
f 1421/639/979 1422/638/980 1386/597/944 1385/598/943
f 1422/638/980 1423/599/981 1387/564/945 1386/597/944
f 1423/599/981 1424/641/982 1388/600/946 1387/564/945
f 1424/641/982 1389/601/948 1353/602/912 1388/600/946
f 1425/603/984 1426/644/983 1390/606/947 1389/604/948
f 1426/644/983 1427/607/985 1391/605/949 1390/606/947
f 1427/607/985 1428/609/986 1392/608/950 1391/605/949
f 1428/609/986 1429/611/987 1393/610/951 1392/608/950
f 1429/611/987 1430/646/988 1394/569/952 1393/610/951
f 1430/646/988 1431/612/989 1395/613/953 1394/569/952
f 1431/612/989 1432/649/990 1396/615/954 1395/613/953
f 1432/649/990 1433/651/991 1397/614/955 1396/615/954
f 1433/651/991 1434/616/992 1398/572/956 1397/614/955
f 1434/616/992 1435/617/993 1399/573/957 1398/572/956
f 1435/617/993 1436/652/994 1400/575/958 1399/573/957
f 1436/652/994 1437/618/995 1401/621/959 1400/575/958
f 1437/618/995 1438/619/996 1402/620/960 1401/621/959
f 1438/619/996 1439/653/997 1403/622/961 1402/620/960
f 1439/653/997 1440/623/998 1404/624/962 1403/622/961
f 1440/623/998 1441/625/999 1405/577/963 1404/624/962
f 1441/625/999 1442/655/1000 1406/579/964 1405/577/963
f 1442/655/1000 1443/626/1001 1407/628/965 1406/579/964
f 1443/626/1001 1444/627/1002 1408/580/966 1407/628/965
f 1444/627/1002 1445/656/1003 1409/583/967 1408/580/966
f 1445/656/1003 1446/657/1004 1410/629/968 1409/583/967
f 1446/657/1004 1447/660/1005 1411/631/969 1410/629/968
f 1447/660/1005 1448/630/1006 1412/586/970 1411/631/969
f 1448/630/1006 1449/661/1007 1413/632/971 1412/586/970
f 1449/661/1007 1450/633/1008 1414/588/972 1413/632/971
f 1450/633/1008 1451/664/1009 1415/590/973 1414/588/972
f 1451/664/1009 1452/663/1010 1416/591/974 1415/590/973
f 1452/663/1010 1453/665/1011 1417/635/975 1416/591/974
f 1453/665/1011 1454/667/1012 1418/634/976 1417/635/975
f 1454/667/1012 1455/669/1013 1419/592/977 1418/634/976
f 1455/669/1013 1456/636/1014 1420/595/978 1419/592/977
f 1456/636/1014 1457/672/1015 1421/639/979 1420/595/978
f 1457/672/1015 1458/637/1016 1422/638/980 1421/639/979
f 1458/637/1016 1459/640/1017 1423/599/981 1422/638/980
f 1459/640/1017 1460/673/1018 1424/641/982 1423/599/981
f 1460/673/1018 1425/676/984 1389/601/948 1424/641/982
f 1461/642/1020 1462/678/1019 1426/644/983 1425/603/984
f 1462/678/1019 1463/643/1021 1427/607/985 1426/644/983
f 1463/643/1021 1464/680/1022 1428/609/986 1427/607/985
f 1464/680/1022 1465/645/1023 1429/611/987 1428/609/986
f 1465/645/1023 1466/683/1024 1430/646/988 1429/611/987
f 1466/683/1024 1467/647/1025 1431/612/989 1430/646/988
f 1467/647/1025 1468/648/1026 1432/649/990 1431/612/989
f 1468/648/1026 1469/650/1027 1433/651/991 1432/649/990
f 1469/650/1027 1470/687/1028 1434/616/992 1433/651/991
f 1470/687/1028 1471/688/1029 1435/617/993 1434/616/992
f 1471/688/1029 1472/691/1030 1436/652/994 1435/617/993
f 1472/691/1030 1473/690/1031 1437/618/995 1436/652/994
f 1473/690/1031 1474/693/1032 1438/619/996 1437/618/995
f 1474/693/1032 1475/695/1033 1439/653/997 1438/619/996
f 1475/695/1033 1476/697/1034 1440/623/998 1439/653/997
f 1476/697/1034 1477/654/1035 1441/625/999 1440/623/998
f 1477/654/1035 1478/700/1036 1442/655/1000 1441/625/999
f 1478/700/1036 1479/699/1037 1443/626/1001 1442/655/1000
f 1479/699/1037 1480/702/1038 1444/627/1002 1443/626/1001
f 1480/702/1038 1481/703/1039 1445/656/1003 1444/627/1002
f 1481/703/1039 1482/658/1040 1446/657/1004 1445/656/1003
f 1482/658/1040 1483/659/1041 1447/660/1005 1446/657/1004
f 1483/659/1041 1484/706/1042 1448/630/1006 1447/660/1005
f 1484/706/1042 1485/708/1043 1449/661/1007 1448/630/1006
f 1485/708/1043 1486/707/1044 1450/633/1008 1449/661/1007
f 1486/707/1044 1487/711/1045 1451/664/1009 1450/633/1008
f 1487/711/1045 1488/662/1046 1452/663/1010 1451/664/1009
f 1488/662/1046 1489/666/1047 1453/665/1011 1452/663/1010
f 1489/666/1047 1490/668/1048 1454/667/1012 1453/665/1011
f 1490/668/1048 1491/670/1049 1455/669/1013 1454/667/1012
f 1491/670/1049 1492/671/1050 1456/636/1014 1455/669/1013
f 1492/671/1050 1493/717/1051 1457/672/1015 1456/636/1014
f 1493/717/1051 1494/716/1052 1458/637/1016 1457/672/1015
f 1494/716/1052 1495/718/1053 1459/640/1017 1458/637/1016
f 1495/718/1053 1496/674/1054 1460/673/1018 1459/640/1017
f 1496/674/1054 1461/675/1020 1425/676/984 1460/673/1018
f 1497/677/1056 1498/721/1055 1462/678/1019 1461/642/1020
f 1498/721/1055 1499/679/1057 1463/643/1021 1462/678/1019
f 1499/679/1057 1500/681/1058 1464/680/1022 1463/643/1021
f 1500/681/1058 1501/682/1059 1465/645/1023 1464/680/1022
f 1501/682/1059 1502/684/1060 1466/683/1024 1465/645/1023
f 1502/684/1060 1503/724/1061 1467/647/1025 1466/683/1024
f 1503/724/1061 1504/685/1062 1468/648/1026 1467/647/1025
f 1504/685/1062 1505/686/1063 1469/650/1027 1468/648/1026
f 1505/686/1063 1506/727/1064 1470/687/1028 1469/650/1027
f 1506/727/1064 1507/729/1065 1471/688/1029 1470/687/1028
f 1507/729/1065 1508/689/1066 1472/691/1030 1471/688/1029
f 1508/689/1066 1509/730/1067 1473/690/1031 1472/691/1030
f 1509/730/1067 1510/692/1068 1474/693/1032 1473/690/1031
f 1510/692/1068 1511/694/1069 1475/695/1033 1474/693/1032
f 1511/694/1069 1512/734/1070 1476/697/1034 1475/695/1033
f 1512/734/1070 1513/696/1071 1477/654/1035 1476/697/1034
f 1513/696/1071 1514/698/1072 1478/700/1036 1477/654/1035
f 1514/698/1072 1515/701/1073 1479/699/1037 1478/700/1036
f 1515/701/1073 1516/738/1074 1480/702/1038 1479/699/1037
f 1516/738/1074 1517/737/1075 1481/703/1039 1480/702/1038
f 1517/737/1075 1518/741/1076 1482/658/1040 1481/703/1039
f 1518/741/1076 1519/742/1077 1483/659/1041 1482/658/1040
f 1519/742/1077 1520/704/1078 1484/706/1042 1483/659/1041
f 1520/704/1078 1521/705/1079 1485/708/1043 1484/706/1042
f 1521/705/1079 1522/709/1080 1486/707/1044 1485/708/1043
f 1522/709/1080 1523/710/1081 1487/711/1045 1486/707/1044
f 1523/710/1081 1524/712/1082 1488/662/1046 1487/711/1045
f 1524/712/1082 1525/746/1083 1489/666/1047 1488/662/1046
f 1525/746/1083 1526/749/1084 1490/668/1048 1489/666/1047
f 1526/749/1084 1527/750/1085 1491/670/1049 1490/668/1048
f 1527/750/1085 1528/713/1086 1492/671/1050 1491/670/1049
f 1528/713/1086 1529/714/1087 1493/717/1051 1492/671/1050
f 1529/714/1087 1530/715/1088 1494/716/1052 1493/717/1051
f 1530/715/1088 1531/754/1089 1495/718/1053 1494/716/1052
f 1531/754/1089 1532/755/1090 1496/674/1054 1495/718/1053
f 1532/755/1090 1497/719/1056 1461/675/1020 1496/674/1054
f 1533/720/1092 1534/756/1091 1498/721/1055 1497/677/1056
f 1534/756/1091 1535/722/1093 1499/679/1057 1498/721/1055
f 1535/722/1093 1536/758/1094 1500/681/1058 1499/679/1057
f 1536/758/1094 1537/723/1095 1501/682/1059 1500/681/1058
f 1537/723/1095 1538/760/1096 1502/684/1060 1501/682/1059
f 1538/760/1096 1539/725/1097 1503/724/1061 1502/684/1060
f 1539/725/1097 1540/762/1098 1504/685/1062 1503/724/1061
f 1540/762/1098 1541/726/1099 1505/686/1063 1504/685/1062
f 1541/726/1099 1542/765/1100 1506/727/1064 1505/686/1063
f 1542/765/1100 1543/728/1101 1507/729/1065 1506/727/1064
f 1543/728/1101 1544/768/1102 1508/689/1066 1507/729/1065
f 1544/768/1102 1545/731/1103 1509/730/1067 1508/689/1066
f 1545/731/1103 1546/769/1104 1510/692/1068 1509/730/1067
f 1546/769/1104 1547/732/1105 1511/694/1069 1510/692/1068
f 1547/732/1105 1548/733/1106 1512/734/1070 1511/694/1069
f 1548/733/1106 1549/771/1107 1513/696/1071 1512/734/1070
f 1549/771/1107 1550/735/1108 1514/698/1072 1513/696/1071
f 1550/735/1108 1551/736/1109 1515/701/1073 1514/698/1072
f 1551/736/1109 1552/774/1110 1516/738/1074 1515/701/1073
f 1552/774/1110 1553/739/1111 1517/737/1075 1516/738/1074
f 1553/739/1111 1554/740/1112 1518/741/1076 1517/737/1075
f 1554/740/1112 1555/743/1113 1519/742/1077 1518/741/1076
f 1555/743/1113 1556/777/1114 1520/704/1078 1519/742/1077
f 1556/777/1114 1557/744/1115 1521/705/1079 1520/704/1078
f 1557/744/1115 1558/779/1116 1522/709/1080 1521/705/1079
f 1558/779/1116 1559/745/1117 1523/710/1081 1522/709/1080
f 1559/745/1117 1560/782/1118 1524/712/1082 1523/710/1081
f 1560/782/1118 1561/747/1119 1525/746/1083 1524/712/1082
f 1561/747/1119 1562/748/1120 1526/749/1084 1525/746/1083
f 1562/748/1120 1563/751/1121 1527/750/1085 1526/749/1084
f 1563/751/1121 1564/785/1122 1528/713/1086 1527/750/1085
f 1564/785/1122 1565/752/1123 1529/714/1087 1528/713/1086
f 1565/752/1123 1566/788/1124 1530/715/1088 1529/714/1087
f 1566/788/1124 1567/753/1125 1531/754/1089 1530/715/1088
f 1567/753/1125 1568/789/1126 1532/755/1090 1531/754/1089
f 1568/789/1126 1533/791/1092 1497/719/1056 1532/755/1090
f 1569/794/1128 1570/793/1127 1534/756/1091 1533/720/1092
f 1570/793/1127 1571/757/1129 1535/722/1093 1534/756/1091
f 1571/757/1129 1572/796/1130 1536/758/1094 1535/722/1093
f 1572/796/1130 1573/759/1131 1537/723/1095 1536/758/1094
f 1573/759/1131 1574/797/1132 1538/760/1096 1537/723/1095
f 1574/797/1132 1575/761/1133 1539/725/1097 1538/760/1096
f 1575/761/1133 1576/798/1134 1540/762/1098 1539/725/1097
f 1576/798/1134 1577/763/1135 1541/726/1099 1540/762/1098
f 1577/763/1135 1578/764/1136 1542/765/1100 1541/726/1099
f 1578/764/1136 1579/766/1137 1543/728/1101 1542/765/1100
f 1579/766/1137 1580/767/1138 1544/768/1102 1543/728/1101
f 1580/767/1138 1581/804/1139 1545/731/1103 1544/768/1102
f 1581/804/1139 1582/803/1140 1546/769/1104 1545/731/1103
f 1582/803/1140 1583/770/1141 1547/732/1105 1546/769/1104
f 1583/770/1141 1584/808/1142 1548/733/1106 1547/732/1105
f 1584/808/1142 1585/809/1143 1549/771/1107 1548/733/1106
f 1585/809/1143 1586/772/1144 1550/735/1108 1549/771/1107
f 1586/772/1144 1587/810/1145 1551/736/1109 1550/735/1108
f 1587/810/1145 1588/773/1146 1552/774/1110 1551/736/1109
f 1588/773/1146 1589/775/1147 1553/739/1111 1552/774/1110
f 1589/775/1147 1590/814/1148 1554/740/1112 1553/739/1111
f 1590/814/1148 1591/776/1149 1555/743/1113 1554/740/1112
f 1591/776/1149 1592/778/1150 1556/777/1114 1555/743/1113
f 1592/778/1150 1593/817/1151 1557/744/1115 1556/777/1114
f 1593/817/1151 1594/816/1152 1558/779/1116 1557/744/1115
f 1594/816/1152 1595/780/1153 1559/745/1117 1558/779/1116
f 1595/780/1153 1596/781/1154 1560/782/1118 1559/745/1117
f 1596/781/1154 1597/783/1155 1561/747/1119 1560/782/1118
f 1597/783/1155 1598/820/1156 1562/748/1120 1561/747/1119
f 1598/820/1156 1599/784/1157 1563/751/1121 1562/748/1120
f 1599/784/1157 1600/822/1158 1564/785/1122 1563/751/1121
f 1600/822/1158 1601/786/1159 1565/752/1123 1564/785/1122
f 1601/786/1159 1602/787/1160 1566/788/1124 1565/752/1123
f 1602/787/1160 1603/826/1161 1567/753/1125 1566/788/1124
f 1603/826/1161 1604/825/1162 1568/789/1126 1567/753/1125
f 1604/825/1162 1569/790/1128 1533/791/1092 1568/789/1126
f 1605/828/1164 1606/792/1163 1570/793/1127 1569/794/1128
f 1606/792/1163 1607/829/1165 1571/757/1129 1570/793/1127
f 1607/829/1165 1608/795/1166 1572/796/1130 1571/757/1129
f 1608/795/1166 1609/834/1167 1573/759/1131 1572/796/1130
f 1609/834/1167 1610/833/1168 1574/797/1132 1573/759/1131
f 1610/833/1168 1611/835/1169 1575/761/1133 1574/797/1132
f 1611/835/1169 1612/799/1170 1576/798/1134 1575/761/1133
f 1612/799/1170 1613/837/1171 1577/763/1135 1576/798/1134
f 1613/837/1171 1614/800/1172 1578/764/1136 1577/763/1135
f 1614/800/1172 1615/801/1173 1579/766/1137 1578/764/1136
f 1615/801/1173 1616/802/1174 1580/767/1138 1579/766/1137
f 1616/802/1174 1617/841/1175 1581/804/1139 1580/767/1138
f 1617/841/1175 1618/805/1176 1582/803/1140 1581/804/1139
f 1618/805/1176 1619/842/1177 1583/770/1141 1582/803/1140
f 1619/842/1177 1620/806/1178 1584/808/1142 1583/770/1141
f 1620/806/1178 1621/807/1179 1585/809/1143 1584/808/1142
f 1621/807/1179 1622/845/1180 1586/772/1144 1585/809/1143
f 1622/845/1180 1623/811/1181 1587/810/1145 1586/772/1144
f 1623/811/1181 1624/812/1182 1588/773/1146 1587/810/1145
f 1624/812/1182 1625/813/1183 1589/775/1147 1588/773/1146
f 1625/813/1183 1626/851/1184 1590/814/1148 1589/775/1147
f 1626/851/1184 1627/852/1185 1591/776/1149 1590/814/1148
f 1627/852/1185 1628/815/1186 1592/778/1150 1591/776/1149
f 1628/815/1186 1629/854/1187 1593/817/1151 1592/778/1150
f 1629/854/1187 1630/853/1188 1594/816/1152 1593/817/1151
f 1630/853/1188 1631/855/1189 1595/780/1153 1594/816/1152
f 1631/855/1189 1632/856/1190 1596/781/1154 1595/780/1153
f 1632/856/1190 1633/818/1191 1597/783/1155 1596/781/1154
f 1633/818/1191 1634/857/1192 1598/820/1156 1597/783/1155
f 1634/857/1192 1635/819/1193 1599/784/1157 1598/820/1156
f 1635/819/1193 1636/821/1194 1600/822/1158 1599/784/1157
f 1636/821/1194 1637/860/1195 1601/786/1159 1600/822/1158
f 1637/860/1195 1638/823/1196 1602/787/1160 1601/786/1159
f 1638/823/1196 1639/824/1197 1603/826/1161 1602/787/1160
f 1639/824/1197 1640/865/1198 1604/825/1162 1603/826/1161
f 1640/865/1198 1605/864/1164 1569/790/1128 1604/825/1162
f 1641/827/1200 1642/867/1199 1606/792/1163 1605/828/1164
f 1642/867/1199 1643/830/1201 1607/829/1165 1606/792/1163
f 1643/830/1201 1644/868/1202 1608/795/1166 1607/829/1165
f 1644/868/1202 1645/831/1203 1609/834/1167 1608/795/1166
f 1645/831/1203 1646/832/1204 1610/833/1168 1609/834/1167
f 1646/832/1204 1647/872/1205 1611/835/1169 1610/833/1168
f 1647/872/1205 1648/836/1206 1612/799/1170 1611/835/1169
f 1648/836/1206 1649/838/1207 1613/837/1171 1612/799/1170
f 1649/838/1207 1650/876/1208 1614/800/1172 1613/837/1171
f 1650/876/1208 1651/877/1209 1615/801/1173 1614/800/1172
f 1651/877/1209 1652/839/1210 1616/802/1174 1615/801/1173
f 1652/839/1210 1653/840/1211 1617/841/1175 1616/802/1174
f 1653/840/1211 1654/880/1212 1618/805/1176 1617/841/1175
f 1654/880/1212 1655/843/1213 1619/842/1177 1618/805/1176
f 1655/843/1213 1656/844/1214 1620/806/1178 1619/842/1177
f 1656/844/1214 1657/881/1215 1621/807/1179 1620/806/1178
f 1657/881/1215 1658/846/1216 1622/845/1180 1621/807/1179
f 1658/846/1216 1659/847/1217 1623/811/1181 1622/845/1180
f 1659/847/1217 1660/848/1218 1624/812/1182 1623/811/1181
f 1660/848/1218 1661/849/1219 1625/813/1183 1624/812/1182
f 1661/849/1219 1662/850/1220 1626/851/1184 1625/813/1183
f 1662/850/1220 1663/885/1221 1627/852/1185 1626/851/1184
f 1663/885/1221 1664/886/1222 1628/815/1186 1627/852/1185
f 1664/886/1222 1665/890/1223 1629/854/1187 1628/815/1186
f 1665/890/1223 1666/889/1224 1630/853/1188 1629/854/1187
f 1666/889/1224 1667/891/1225 1631/855/1189 1630/853/1188
f 1667/891/1225 1668/894/1226 1632/856/1190 1631/855/1189
f 1668/894/1226 1669/896/1227 1633/818/1191 1632/856/1190
f 1669/896/1227 1670/895/1228 1634/857/1192 1633/818/1191
f 1670/895/1228 1671/901/1229 1635/819/1193 1634/857/1192
f 1671/901/1229 1672/900/1230 1636/821/1194 1635/819/1193
f 1672/900/1230 1673/858/1231 1637/860/1195 1636/821/1194
f 1673/858/1231 1674/859/1232 1638/823/1196 1637/860/1195
f 1674/859/1232 1675/861/1233 1639/824/1197 1638/823/1196
f 1675/861/1233 1676/862/1234 1640/865/1198 1639/824/1197
f 1676/862/1234 1641/863/1200 1605/864/1164 1640/865/1198
f 1677/866/1236 1678/906/1235 1642/867/1199 1641/827/1200
f 1678/906/1235 1679/905/1237 1643/830/1201 1642/867/1199
f 1679/905/1237 1680/869/1238 1644/868/1202 1643/830/1201
f 1680/869/1238 1681/909/1239 1645/831/1203 1644/868/1202
f 1681/909/1239 1682/870/1240 1646/832/1204 1645/831/1203
f 1682/870/1240 1683/871/1241 1647/872/1205 1646/832/1204
f 1683/871/1241 1684/873/1242 1648/836/1206 1647/872/1205
f 1684/873/1242 1685/874/1243 1649/838/1207 1648/836/1206
f 1685/874/1243 1686/875/1244 1650/876/1208 1649/838/1207
f 1686/875/1244 1687/913/1245 1651/877/1209 1650/876/1208
f 1687/913/1245 1688/878/1246 1652/839/1210 1651/877/1209
f 1688/878/1246 1689/915/1247 1653/840/1211 1652/839/1210
f 1689/915/1247 1690/918/1248 1654/880/1212 1653/840/1211
f 1690/918/1248 1691/879/1249 1655/843/1213 1654/880/1212
f 1691/879/1249 1692/921/1250 1656/844/1214 1655/843/1213
f 1692/921/1250 1693/920/1251 1657/881/1215 1656/844/1214
f 1693/920/1251 1694/923/1252 1658/846/1216 1657/881/1215
f 1694/923/1252 1695/882/1253 1659/847/1217 1658/846/1216
f 1695/882/1253 1696/883/1254 1660/848/1218 1659/847/1217
f 1696/883/1254 1697/924/1255 1661/849/1219 1660/848/1218
f 1697/924/1255 1698/926/1256 1662/850/1220 1661/849/1219
f 1698/926/1256 1699/884/1257 1663/885/1221 1662/850/1220
f 1699/884/1257 1700/928/1258 1664/886/1222 1663/885/1221
f 1700/928/1258 1701/887/1259 1665/890/1223 1664/886/1222
f 1701/887/1259 1702/888/1260 1666/889/1224 1665/890/1223
f 1702/888/1260 1703/930/1261 1667/891/1225 1666/889/1224
f 1703/930/1261 1704/892/1262 1668/894/1226 1667/891/1225
f 1704/892/1262 1705/893/1263 1669/896/1227 1668/894/1226
f 1705/893/1263 1706/897/1264 1670/895/1228 1669/896/1227
f 1706/897/1264 1707/898/1265 1671/901/1229 1670/895/1228
f 1707/898/1265 1708/899/1266 1672/900/1230 1671/901/1229
f 1708/899/1266 1709/936/1267 1673/858/1231 1672/900/1230
f 1709/936/1267 1710/935/1268 1674/859/1232 1673/858/1231
f 1710/935/1268 1711/937/1269 1675/861/1233 1674/859/1232
f 1711/937/1269 1712/902/1270 1676/862/1234 1675/861/1233
f 1712/902/1270 1677/903/1236 1641/863/1200 1676/862/1234
f 1713/942/1272 1714/904/1271 1678/906/1235 1677/866/1236
f 1714/904/1271 1715/907/1273 1679/905/1237 1678/906/1235
f 1715/907/1273 1716/945/1274 1680/869/1238 1679/905/1237
f 1716/945/1274 1717/908/1275 1681/909/1239 1680/869/1238
f 1717/908/1275 1718/946/1276 1682/870/1240 1681/909/1239
f 1718/946/1276 1719/948/1277 1683/871/1241 1682/870/1240
f 1719/948/1277 1720/910/1278 1684/873/1242 1683/871/1241
f 1720/910/1278 1721/911/1279 1685/874/1243 1684/873/1242
f 1721/911/1279 1722/912/1280 1686/875/1244 1685/874/1243
f 1722/912/1280 1723/950/1281 1687/913/1245 1686/875/1244
f 1723/950/1281 1724/914/1282 1688/878/1246 1687/913/1245
f 1724/914/1282 1725/916/1283 1689/915/1247 1688/878/1246
f 1725/916/1283 1726/917/1284 1690/918/1248 1689/915/1247
f 1726/917/1284 1727/956/1285 1691/879/1249 1690/918/1248
f 1727/956/1285 1728/919/1286 1692/921/1250 1691/879/1249
f 1728/919/1286 1729/922/1287 1693/920/1251 1692/921/1250
f 1729/922/1287 1730/959/1288 1694/923/1252 1693/920/1251
f 1730/959/1288 1731/958/1289 1695/882/1253 1694/923/1252
f 1731/958/1289 1732/962/1290 1696/883/1254 1695/882/1253
f 1732/962/1290 1733/925/1291 1697/924/1255 1696/883/1254
f 1733/925/1291 1734/963/1292 1698/926/1256 1697/924/1255
f 1734/963/1292 1735/964/1293 1699/884/1257 1698/926/1256
f 1735/964/1293 1736/927/1294 1700/928/1258 1699/884/1257
f 1736/927/1294 1737/929/1295 1701/887/1259 1700/928/1258
f 1737/929/1295 1738/966/1296 1702/888/1260 1701/887/1259
f 1738/966/1296 1739/931/1297 1703/930/1261 1702/888/1260
f 1739/931/1297 1740/967/1298 1704/892/1262 1703/930/1261
f 1740/967/1298 1741/932/1299 1705/893/1263 1704/892/1262
f 1741/932/1299 1742/933/1300 1706/897/1264 1705/893/1263
f 1742/933/1300 1743/971/1301 1707/898/1265 1706/897/1264
f 1743/971/1301 1744/934/1302 1708/899/1266 1707/898/1265
f 1744/934/1302 1745/972/1303 1709/936/1267 1708/899/1266
f 1745/972/1303 1746/975/1304 1710/935/1268 1709/936/1267
f 1746/975/1304 1747/938/1305 1711/937/1269 1710/935/1268
f 1747/938/1305 1748/939/1306 1712/902/1270 1711/937/1269
f 1748/939/1306 1713/940/1272 1677/903/1236 1712/902/1270
f 1749/941/1308 1750/978/1307 1714/904/1271 1713/942/1272
f 1750/978/1307 1751/980/1309 1715/907/1273 1714/904/1271
f 1751/980/1309 1752/943/1310 1716/945/1274 1715/907/1273
f 1752/943/1310 1753/944/1311 1717/908/1275 1716/945/1274
f 1753/944/1311 1754/947/1312 1718/946/1276 1717/908/1275
f 1754/947/1312 1755/982/1313 1719/948/1277 1718/946/1276
f 1755/982/1313 1756/984/1314 1720/910/1278 1719/948/1277
f 1756/984/1314 1757/986/1315 1721/911/1279 1720/910/1278
f 1757/986/1315 1758/949/1316 1722/912/1280 1721/911/1279
f 1758/949/1316 1759/951/1317 1723/950/1281 1722/912/1280
f 1759/951/1317 1760/952/1318 1724/914/1282 1723/950/1281
f 1760/952/1318 1761/953/1319 1725/916/1283 1724/914/1282
f 1761/953/1319 1762/954/1320 1726/917/1284 1725/916/1283
f 1762/954/1320 1763/955/1321 1727/956/1285 1726/917/1284
f 1763/955/1321 1764/991/1322 1728/919/1286 1727/956/1285
f 1764/991/1322 1765/992/1323 1729/922/1287 1728/919/1286
f 1765/992/1323 1766/957/1324 1730/959/1288 1729/922/1287
f 1766/957/1324 1767/960/1325 1731/958/1289 1730/959/1288
f 1767/960/1325 1768/961/1326 1732/962/1290 1731/958/1289
f 1768/961/1326 1769/995/1327 1733/925/1291 1732/962/1290
f 1769/995/1327 1770/994/1328 1734/963/1292 1733/925/1291
f 1770/994/1328 1771/996/1329 1735/964/1293 1734/963/1292
f 1771/996/1329 1772/998/1330 1736/927/1294 1735/964/1293
f 1772/998/1330 1773/965/1331 1737/929/1295 1736/927/1294
f 1773/965/1331 1774/1000/1332 1738/966/1296 1737/929/1295
f 1774/1000/1332 1775/1001/1333 1739/931/1297 1738/966/1296
f 1775/1001/1333 1776/968/1334 1740/967/1298 1739/931/1297
f 1776/968/1334 1777/969/1335 1741/932/1299 1740/967/1298
f 1777/969/1335 1778/970/1336 1742/933/1300 1741/932/1299
f 1778/970/1336 1779/1006/1337 1743/971/1301 1742/933/1300
f 1779/1006/1337 1780/1005/1338 1744/934/1302 1743/971/1301
f 1780/1005/1338 1781/973/1339 1745/972/1303 1744/934/1302
f 1781/973/1339 1782/974/1340 1746/975/1304 1745/972/1303
f 1782/974/1340 1783/1007/1341 1747/938/1305 1746/975/1304
f 1783/1007/1341 1784/976/1342 1748/939/1306 1747/938/1305
f 1784/976/1342 1749/1008/1308 1713/940/1272 1748/939/1306
f 1785/977/1344 1786/1009/1343 1750/978/1307 1749/941/1308
f 1786/1009/1343 1787/979/1345 1751/980/1309 1750/978/1307
f 1787/979/1345 1788/1013/1346 1752/943/1310 1751/980/1309
f 1788/1013/1346 1789/1012/1347 1753/944/1311 1752/943/1310
f 1789/1012/1347 1790/981/1348 1754/947/1312 1753/944/1311
f 1790/981/1348 1791/983/1349 1755/982/1313 1754/947/1312
f 1791/983/1349 1792/1016/1350 1756/984/1314 1755/982/1313
f 1792/1016/1350 1793/985/1351 1757/986/1315 1756/984/1314
f 1793/985/1351 1794/1019/1352 1758/949/1316 1757/986/1315
f 1794/1019/1352 1795/1020/1353 1759/951/1317 1758/949/1316
f 1795/1020/1353 1796/1023/1354 1760/952/1318 1759/951/1317
f 1796/1023/1354 1797/987/1355 1761/953/1319 1760/952/1318
f 1797/987/1355 1798/988/1356 1762/954/1320 1761/953/1319
f 1798/988/1356 1799/989/1357 1763/955/1321 1762/954/1320
f 1799/989/1357 1800/990/1358 1764/991/1322 1763/955/1321
f 1800/990/1358 1801/1026/1359 1765/992/1323 1764/991/1322
f 1801/1026/1359 1802/1025/1360 1766/957/1324 1765/992/1323
f 1802/1025/1360 1803/1029/1361 1767/960/1325 1766/957/1324
f 1803/1029/1361 1804/1028/1362 1768/961/1326 1767/960/1325
f 1804/1028/1362 1805/993/1363 1769/995/1327 1768/961/1326
f 1805/993/1363 1806/1031/1364 1770/994/1328 1769/995/1327
f 1806/1031/1364 1807/1032/1365 1771/996/1329 1770/994/1328
f 1807/1032/1365 1808/997/1366 1772/998/1330 1771/996/1329
f 1808/997/1366 1809/999/1367 1773/965/1331 1772/998/1330
f 1809/999/1367 1810/1035/1368 1774/1000/1332 1773/965/1331
f 1810/1035/1368 1811/1037/1369 1775/1001/1333 1774/1000/1332
f 1811/1037/1369 1812/1002/1370 1776/968/1334 1775/1001/1333
f 1812/1002/1370 1813/1039/1371 1777/969/1335 1776/968/1334
f 1813/1039/1371 1814/1003/1372 1778/970/1336 1777/969/1335
f 1814/1003/1372 1815/1041/1373 1779/1006/1337 1778/970/1336
f 1815/1041/1373 1816/1004/1374 1780/1005/1338 1779/1006/1337
f 1816/1004/1374 1817/1044/1375 1781/973/1339 1780/1005/1338
f 1817/1044/1375 1818/1045/1376 1782/974/1340 1781/973/1339
f 1818/1045/1376 1819/1048/1377 1783/1007/1341 1782/974/1340
f 1819/1048/1377 1820/1047/1378 1784/976/1342 1783/1007/1341
f 1820/1047/1378 1785/1050/1344 1749/1008/1308 1784/976/1342
f 1821/1052/1380 1822/1054/1379 1786/1009/1343 1785/977/1344
f 1822/1054/1379 1823/1010/1381 1787/979/1345 1786/1009/1343
f 1823/1010/1381 1824/1011/1382 1788/1013/1346 1787/979/1345
f 1824/1011/1382 1825/1014/1383 1789/1012/1347 1788/1013/1346
f 1825/1014/1383 1826/1057/1384 1790/981/1348 1789/1012/1347
f 1826/1057/1384 1827/1015/1385 1791/983/1349 1790/981/1348
f 1827/1015/1385 1828/1017/1386 1792/1016/1350 1791/983/1349
f 1828/1017/1386 1829/1018/1387 1793/985/1351 1792/1016/1350
f 1829/1018/1387 1830/1060/1388 1794/1019/1352 1793/985/1351
f 1830/1060/1388 1831/1021/1389 1795/1020/1353 1794/1019/1352
f 1831/1021/1389 1832/1022/1390 1796/1023/1354 1795/1020/1353
f 1832/1022/1390 1833/1063/1391 1797/987/1355 1796/1023/1354
f 1833/1063/1391 1834/1064/1392 1798/988/1356 1797/987/1355
f 1834/1064/1392 1835/1065/1393 1799/989/1357 1798/988/1356
f 1835/1065/1393 1836/1024/1394 1800/990/1358 1799/989/1357
f 1836/1024/1394 1837/1066/1395 1801/1026/1359 1800/990/1358
f 1837/1066/1395 1838/1067/1396 1802/1025/1360 1801/1026/1359
f 1838/1067/1396 1839/1027/1397 1803/1029/1361 1802/1025/1360
f 1839/1027/1397 1840/1069/1398 1804/1028/1362 1803/1029/1361
f 1840/1069/1398 1841/1030/1399 1805/993/1363 1804/1028/1362
f 1841/1030/1399 1842/1071/1400 1806/1031/1364 1805/993/1363
f 1842/1071/1400 1843/1033/1401 1807/1032/1365 1806/1031/1364
f 1843/1033/1401 1844/1034/1402 1808/997/1366 1807/1032/1365
f 1844/1034/1402 1845/1076/1403 1809/999/1367 1808/997/1366
f 1845/1076/1403 1846/1075/1404 1810/1035/1368 1809/999/1367
f 1846/1075/1404 1847/1036/1405 1811/1037/1369 1810/1035/1368
f 1847/1036/1405 1848/1038/1406 1812/1002/1370 1811/1037/1369
f 1848/1038/1406 1849/1078/1407 1813/1039/1371 1812/1002/1370
f 1849/1078/1407 1850/1040/1408 1814/1003/1372 1813/1039/1371
f 1850/1040/1408 1851/1042/1409 1815/1041/1373 1814/1003/1372
f 1851/1042/1409 1852/1079/1410 1816/1004/1374 1815/1041/1373
f 1852/1079/1410 1853/1043/1411 1817/1044/1375 1816/1004/1374
f 1853/1043/1411 1854/1046/1412 1818/1045/1376 1817/1044/1375
f 1854/1046/1412 1855/1082/1413 1819/1048/1377 1818/1045/1376
f 1855/1082/1413 1856/1084/1414 1820/1047/1378 1819/1048/1377
f 1856/1084/1414 1821/1049/1380 1785/1050/1344 1820/1047/1378
f 1857/1051/1416 1858/1085/1415 1822/1054/1379 1821/1052/1380
f 1858/1085/1415 1859/1053/1417 1823/1010/1381 1822/1054/1379
f 1859/1053/1417 1860/1055/1418 1824/1011/1382 1823/1010/1381
f 1860/1055/1418 1861/1088/1419 1825/1014/1383 1824/1011/1382
f 1861/1088/1419 1862/1056/1420 1826/1057/1384 1825/1014/1383
f 1862/1056/1420 1863/1089/1421 1827/1015/1385 1826/1057/1384
f 1863/1089/1421 1864/1091/1422 1828/1017/1386 1827/1015/1385
f 1864/1091/1422 1865/1058/1423 1829/1018/1387 1828/1017/1386
f 1865/1058/1423 1866/1059/1424 1830/1060/1388 1829/1018/1387
f 1866/1059/1424 1867/1093/1425 1831/1021/1389 1830/1060/1388
f 1867/1093/1425 1868/1061/1426 1832/1022/1390 1831/1021/1389
f 1868/1061/1426 1869/1095/1427 1833/1063/1391 1832/1022/1390
f 1869/1095/1427 1870/1062/1428 1834/1064/1392 1833/1063/1391
f 1870/1062/1428 1871/1098/1429 1835/1065/1393 1834/1064/1392
f 1871/1098/1429 1872/1097/1430 1836/1024/1394 1835/1065/1393
f 1872/1097/1430 1873/1100/1431 1837/1066/1395 1836/1024/1394
f 1873/1100/1431 1874/1101/1432 1838/1067/1396 1837/1066/1395
f 1874/1101/1432 1875/1068/1433 1839/1027/1397 1838/1067/1396
f 1875/1068/1433 1876/1103/1434 1840/1069/1398 1839/1027/1397
f 1876/1103/1434 1877/1070/1435 1841/1030/1399 1840/1069/1398
f 1877/1070/1435 1878/1072/1436 1842/1071/1400 1841/1030/1399
f 1878/1072/1436 1879/1105/1437 1843/1033/1401 1842/1071/1400
f 1879/1105/1437 1880/1073/1438 1844/1034/1402 1843/1033/1401
f 1880/1073/1438 1881/1074/1439 1845/1076/1403 1844/1034/1402
f 1881/1074/1439 1882/1077/1440 1846/1075/1404 1845/1076/1403
f 1882/1077/1440 1883/1111/1441 1847/1036/1405 1846/1075/1404
f 1883/1111/1441 1884/1110/1442 1848/1038/1406 1847/1036/1405
f 1884/1110/1442 1885/1115/1443 1849/1078/1407 1848/1038/1406
f 1885/1115/1443 1886/1114/1444 1850/1040/1408 1849/1078/1407
f 1886/1114/1444 1887/1118/1445 1851/1042/1409 1850/1040/1408
f 1887/1118/1445 1888/1120/1446 1852/1079/1410 1851/1042/1409
f 1888/1120/1446 1889/1119/1447 1853/1043/1411 1852/1079/1410
f 1889/1119/1447 1890/1080/1448 1854/1046/1412 1853/1043/1411
f 1890/1080/1448 1891/1081/1449 1855/1082/1413 1854/1046/1412
f 1891/1081/1449 1892/1123/1450 1856/1084/1414 1855/1082/1413
f 1892/1123/1450 1857/1083/1416 1821/1049/1380 1856/1084/1414
f 1893/1125/1452 1894/1126/1451 1858/1085/1415 1857/1051/1416
f 1894/1126/1451 1895/1086/1453 1859/1053/1417 1858/1085/1415
f 1895/1086/1453 1896/1087/1454 1860/1055/1418 1859/1053/1417
f 1896/1087/1454 1897/1129/1455 1861/1088/1419 1860/1055/1418
f 1897/1129/1455 1898/1130/1456 1862/1056/1420 1861/1088/1419
f 1898/1130/1456 1899/1090/1457 1863/1089/1421 1862/1056/1420
f 1899/1090/1457 1900/1132/1458 1864/1091/1422 1863/1089/1421
f 1900/1132/1458 1901/1135/1459 1865/1058/1423 1864/1091/1422
f 1901/1135/1459 1902/1134/1460 1866/1059/1424 1865/1058/1423
f 1902/1134/1460 1903/1092/1461 1867/1093/1425 1866/1059/1424
f 1903/1092/1461 1904/1138/1462 1868/1061/1426 1867/1093/1425
f 1904/1138/1462 1905/1094/1463 1869/1095/1427 1868/1061/1426
f 1905/1094/1463 1906/1141/1464 1870/1062/1428 1869/1095/1427
f 1906/1141/1464 1907/1140/1465 1871/1098/1429 1870/1062/1428
f 1907/1140/1465 1908/1096/1466 1872/1097/1430 1871/1098/1429
f 1908/1096/1466 1909/1144/1467 1873/1100/1431 1872/1097/1430
f 1909/1144/1467 1910/1099/1468 1874/1101/1432 1873/1100/1431
f 1910/1099/1468 1911/1102/1469 1875/1068/1433 1874/1101/1432
f 1911/1102/1469 1912/1146/1470 1876/1103/1434 1875/1068/1433
f 1912/1146/1470 1913/1104/1471 1877/1070/1435 1876/1103/1434
f 1913/1104/1471 1914/1151/1472 1878/1072/1436 1877/1070/1435
f 1914/1151/1472 1915/1150/1473 1879/1105/1437 1878/1072/1436
f 1915/1150/1473 1916/1106/1474 1880/1073/1438 1879/1105/1437
f 1916/1106/1474 1917/1107/1475 1881/1074/1439 1880/1073/1438
f 1917/1107/1475 1918/1155/1476 1882/1077/1440 1881/1074/1439
f 1918/1155/1476 1919/1108/1477 1883/1111/1441 1882/1077/1440
f 1919/1108/1477 1920/1109/1478 1884/1110/1442 1883/1111/1441
f 1920/1109/1478 1921/1112/1479 1885/1115/1443 1884/1110/1442
f 1921/1112/1479 1922/1113/1480 1886/1114/1444 1885/1115/1443
f 1922/1113/1480 1923/1116/1481 1887/1118/1445 1886/1114/1444
f 1923/1116/1481 1924/1117/1482 1888/1120/1446 1887/1118/1445
f 1924/1117/1482 1925/1159/1483 1889/1119/1447 1888/1120/1446
f 1925/1159/1483 1926/1160/1484 1890/1080/1448 1889/1119/1447
f 1926/1160/1484 1927/1121/1485 1891/1081/1449 1890/1080/1448
f 1927/1121/1485 1928/1164/1486 1892/1123/1450 1891/1081/1449
f 1928/1164/1486 1893/1122/1452 1857/1083/1416 1892/1123/1450
f 1929/1165/1488 1930/1124/1487 1894/1126/1451 1893/1125/1452
f 1930/1124/1487 1931/1167/1489 1895/1086/1453 1894/1126/1451
f 1931/1167/1489 1932/1127/1490 1896/1087/1454 1895/1086/1453
f 1932/1127/1490 1933/1128/1491 1897/1129/1455 1896/1087/1454
f 1933/1128/1491 1934/1169/1492 1898/1130/1456 1897/1129/1455
f 1934/1169/1492 1935/1171/1493 1899/1090/1457 1898/1130/1456
f 1935/1171/1493 1936/1131/1494 1900/1132/1458 1899/1090/1457
f 1936/1131/1494 1937/1133/1495 1901/1135/1459 1900/1132/1458
f 1937/1133/1495 1938/1136/1496 1902/1134/1460 1901/1135/1459
f 1938/1136/1496 1939/1137/1497 1903/1092/1461 1902/1134/1460
f 1939/1137/1497 1940/1175/1498 1904/1138/1462 1903/1092/1461
f 1940/1175/1498 1941/1139/1499 1905/1094/1463 1904/1138/1462
f 1941/1139/1499 1942/1177/1500 1906/1141/1464 1905/1094/1463
f 1942/1177/1500 1943/1178/1501 1907/1140/1465 1906/1141/1464
f 1943/1178/1501 1944/1142/1502 1908/1096/1466 1907/1140/1465
f 1944/1142/1502 1945/1143/1503 1909/1144/1467 1908/1096/1466
f 1945/1143/1503 1946/1180/1504 1910/1099/1468 1909/1144/1467
f 1946/1180/1504 1947/1145/1505 1911/1102/1469 1910/1099/1468
f 1947/1145/1505 1948/1147/1506 1912/1146/1470 1911/1102/1469
f 1948/1147/1506 1949/1183/1507 1913/1104/1471 1912/1146/1470
f 1949/1183/1507 1950/1148/1508 1914/1151/1472 1913/1104/1471
f 1950/1148/1508 1951/1149/1509 1915/1150/1473 1914/1151/1472
f 1951/1149/1509 1952/1152/1510 1916/1106/1474 1915/1150/1473
f 1952/1152/1510 1953/1153/1511 1917/1107/1475 1916/1106/1474
f 1953/1153/1511 1954/1154/1512 1918/1155/1476 1917/1107/1475
f 1954/1154/1512 1955/1156/1513 1919/1108/1477 1918/1155/1476
f 1955/1156/1513 1956/1188/1514 1920/1109/1478 1919/1108/1477
f 1956/1188/1514 1957/1157/1515 1921/1112/1479 1920/1109/1478
f 1957/1157/1515 1958/1158/1516 1922/1113/1480 1921/1112/1479
f 1958/1158/1516 1959/1191/1517 1923/1116/1481 1922/1113/1480
f 1959/1191/1517 1960/1192/1518 1924/1117/1482 1923/1116/1481
f 1960/1192/1518 1961/1194/1519 1925/1159/1483 1924/1117/1482
f 1961/1194/1519 1962/1195/1520 1926/1160/1484 1925/1159/1483
f 1962/1195/1520 1963/1161/1521 1927/1121/1485 1926/1160/1484
f 1963/1161/1521 1964/1162/1522 1928/1164/1486 1927/1121/1485
f 1964/1162/1522 1929/1163/1488 1893/1122/1452 1928/1164/1486
f 1965/1199/1524 1966/1166/1523 1930/1124/1487 1929/1165/1488
f 1966/1166/1523 1967/1201/1525 1931/1167/1489 1930/1124/1487
f 1967/1201/1525 1968/1202/1526 1932/1127/1490 1931/1167/1489
f 1968/1202/1526 1969/1168/1527 1933/1128/1491 1932/1127/1490
f 1969/1168/1527 1970/1170/1528 1934/1169/1492 1933/1128/1491
f 1970/1170/1528 1971/1172/1529 1935/1171/1493 1934/1169/1492
f 1971/1172/1529 1972/1204/1530 1936/1131/1494 1935/1171/1493
f 1972/1204/1530 1973/1173/1531 1937/1133/1495 1936/1131/1494
f 1973/1173/1531 1974/1206/1532 1938/1136/1496 1937/1133/1495
f 1974/1206/1532 1975/1209/1533 1939/1137/1497 1938/1136/1496
f 1975/1209/1533 1976/1174/1534 1940/1175/1498 1939/1137/1497
f 1976/1174/1534 1977/1176/1535 1941/1139/1499 1940/1175/1498
f 1977/1176/1535 1978/1210/1536 1942/1177/1500 1941/1139/1499
f 1978/1210/1536 1979/1212/1537 1943/1178/1501 1942/1177/1500
f 1979/1212/1537 1980/1213/1538 1944/1142/1502 1943/1178/1501
f 1980/1213/1538 1981/1179/1539 1945/1143/1503 1944/1142/1502
f 1981/1179/1539 1982/1215/1540 1946/1180/1504 1945/1143/1503
f 1982/1215/1540 1983/1181/1541 1947/1145/1505 1946/1180/1504
f 1983/1181/1541 1984/1217/1542 1948/1147/1506 1947/1145/1505
f 1984/1217/1542 1985/1182/1543 1949/1183/1507 1948/1147/1506
f 1985/1182/1543 1986/1219/1544 1950/1148/1508 1949/1183/1507
f 1986/1219/1544 1987/1184/1545 1951/1149/1509 1950/1148/1508
f 1987/1184/1545 1988/1185/1546 1952/1152/1510 1951/1149/1509
f 1988/1185/1546 1989/1186/1547 1953/1153/1511 1952/1152/1510
f 1989/1186/1547 1990/1221/1548 1954/1154/1512 1953/1153/1511
f 1990/1221/1548 1991/1222/1549 1955/1156/1513 1954/1154/1512
f 1991/1222/1549 1992/1187/1550 1956/1188/1514 1955/1156/1513
f 1992/1187/1550 1993/1189/1551 1957/1157/1515 1956/1188/1514
f 1993/1189/1551 1994/1190/1552 1958/1158/1516 1957/1157/1515
f 1994/1190/1552 1995/1226/1553 1959/1191/1517 1958/1158/1516
f 1995/1226/1553 1996/1225/1554 1960/1192/1518 1959/1191/1517
f 1996/1225/1554 1997/1193/1555 1961/1194/1519 1960/1192/1518
f 1997/1193/1555 1998/1228/1556 1962/1195/1520 1961/1194/1519
f 1998/1228/1556 1999/1230/1557 1963/1161/1521 1962/1195/1520
f 1999/1230/1557 2000/1196/1558 1964/1162/1522 1963/1161/1521
f 2000/1196/1558 1965/1197/1524 1929/1163/1488 1964/1162/1522
f 2001/1198/1560 2002/1200/1559 1966/1166/1523 1965/1199/1524
f 2002/1200/1559 2003/1235/1561 1967/1201/1525 1966/1166/1523
f 2003/1235/1561 2004/1234/1562 1968/1202/1526 1967/1201/1525
f 2004/1234/1562 2005/1203/1563 1969/1168/1527 1968/1202/1526
f 2005/1203/1563 2006/1237/1564 1970/1170/1528 1969/1168/1527
f 2006/1237/1564 2007/1236/1565 1971/1172/1529 1970/1170/1528
f 2007/1236/1565 2008/1238/1566 1972/1204/1530 1971/1172/1529
f 2008/1238/1566 2009/1205/1567 1973/1173/1531 1972/1204/1530
f 2009/1205/1567 2010/1207/1568 1974/1206/1532 1973/1173/1531
f 2010/1207/1568 2011/1208/1569 1975/1209/1533 1974/1206/1532
f 2011/1208/1569 2012/1241/1570 1976/1174/1534 1975/1209/1533
f 2012/1241/1570 2013/1244/1571 1977/1176/1535 1976/1174/1534
f 2013/1244/1571 2014/1243/1572 1978/1210/1536 1977/1176/1535
f 2014/1243/1572 2015/1211/1573 1979/1212/1537 1978/1210/1536
f 2015/1211/1573 2016/1245/1574 1980/1213/1538 1979/1212/1537
f 2016/1245/1574 2017/1214/1575 1981/1179/1539 1980/1213/1538
f 2017/1214/1575 2018/1246/1576 1982/1215/1540 1981/1179/1539
f 2018/1246/1576 2019/1249/1577 1983/1181/1541 1982/1215/1540
f 2019/1249/1577 2020/1216/1578 1984/1217/1542 1983/1181/1541
f 2020/1216/1578 2021/1251/1579 1985/1182/1543 1984/1217/1542
f 2021/1251/1579 2022/1218/1580 1986/1219/1544 1985/1182/1543
f 2022/1218/1580 2023/1253/1581 1987/1184/1545 1986/1219/1544
f 2023/1253/1581 2024/1254/1582 1988/1185/1546 1987/1184/1545
f 2024/1254/1582 2025/1220/1583 1989/1186/1547 1988/1185/1546
f 2025/1220/1583 2026/1256/1584 1990/1221/1548 1989/1186/1547
f 2026/1256/1584 2027/1255/1585 1991/1222/1549 1990/1221/1548
f 2027/1255/1585 2028/1258/1586 1992/1187/1550 1991/1222/1549
f 2028/1258/1586 2029/1223/1587 1993/1189/1551 1992/1187/1550
f 2029/1223/1587 2030/1224/1588 1994/1190/1552 1993/1189/1551
f 2030/1224/1588 2031/1260/1589 1995/1226/1553 1994/1190/1552
f 2031/1260/1589 2032/1227/1590 1996/1225/1554 1995/1226/1553
f 2032/1227/1590 2033/1264/1591 1997/1193/1555 1996/1225/1554
f 2033/1264/1591 2034/1229/1592 1998/1228/1556 1997/1193/1555
f 2034/1229/1592 2035/1268/1593 1999/1230/1557 1998/1228/1556
f 2035/1268/1593 2036/1267/1594 2000/1196/1558 1999/1230/1557
f 2036/1267/1594 2001/1269/1560 1965/1197/1524 2000/1196/1558
f 2037/1231/1596 2038/1232/1595 2002/1200/1559 2001/1198/1560
f 2038/1232/1595 2039/1233/1597 2003/1235/1561 2002/1200/1559
f 2039/1233/1597 2040/1273/1598 2004/1234/1562 2003/1235/1561
f 2040/1273/1598 2041/1274/1599 2005/1203/1563 2004/1234/1562
f 2041/1274/1599 2042/1275/1600 2006/1237/1564 2005/1203/1563
f 2042/1275/1600 2043/1276/1601 2007/1236/1565 2006/1237/1564
f 2043/1276/1601 2044/1277/1602 2008/1238/1566 2007/1236/1565
f 2044/1277/1602 2045/1279/1603 2009/1205/1567 2008/1238/1566
f 2045/1279/1603 2046/1239/1604 2010/1207/1568 2009/1205/1567
f 2046/1239/1604 2047/1240/1605 2011/1208/1569 2010/1207/1568
f 2047/1240/1605 2048/1242/1606 2012/1241/1570 2011/1208/1569
f 2048/1242/1606 2049/1284/1607 2013/1244/1571 2012/1241/1570
f 2049/1284/1607 2050/1288/1608 2014/1243/1572 2013/1244/1571
f 2050/1288/1608 2051/1287/1609 2015/1211/1573 2014/1243/1572
f 2051/1287/1609 2052/1290/1610 2016/1245/1574 2015/1211/1573
f 2052/1290/1610 2053/1289/1611 2017/1214/1575 2016/1245/1574
f 2053/1289/1611 2054/1247/1612 2018/1246/1576 2017/1214/1575
f 2054/1247/1612 2055/1248/1613 2019/1249/1577 2018/1246/1576
f 2055/1248/1613 2056/1293/1614 2020/1216/1578 2019/1249/1577
f 2056/1293/1614 2057/1250/1615 2021/1251/1579 2020/1216/1578
f 2057/1250/1615 2058/1294/1616 2022/1218/1580 2021/1251/1579
f 2058/1294/1616 2059/1252/1617 2023/1253/1581 2022/1218/1580
f 2059/1252/1617 2060/1296/1618 2024/1254/1582 2023/1253/1581
f 2060/1296/1618 2061/1299/1619 2025/1220/1583 2024/1254/1582
f 2061/1299/1619 2062/1298/1620 2026/1256/1584 2025/1220/1583
f 2062/1298/1620 2063/1300/1621 2027/1255/1585 2026/1256/1584
f 2063/1300/1621 2064/1257/1622 2028/1258/1586 2027/1255/1585
f 2064/1257/1622 2065/1302/1623 2029/1223/1587 2028/1258/1586
f 2065/1302/1623 2066/1259/1624 2030/1224/1588 2029/1223/1587
f 2066/1259/1624 2067/1261/1625 2031/1260/1589 2030/1224/1588
f 2067/1261/1625 2068/1262/1626 2032/1227/1590 2031/1260/1589
f 2068/1262/1626 2069/1263/1627 2033/1264/1591 2032/1227/1590
f 2069/1263/1627 2070/1306/1628 2034/1229/1592 2033/1264/1591
f 2070/1306/1628 2071/1265/1629 2035/1268/1593 2034/1229/1592
f 2071/1265/1629 2072/1266/1630 2036/1267/1594 2035/1268/1593
f 2072/1266/1630 2037/1307/1596 2001/1269/1560 2036/1267/1594
f 2073/1270/1632 2074/1271/1631 2038/1232/1595 2037/1231/1596
f 2074/1271/1631 2075/1272/1633 2039/1233/1597 2038/1232/1595
f 2075/1272/1633 2076/1308/1634 2040/1273/1598 2039/1233/1597
f 2076/1308/1634 2077/1310/1635 2041/1274/1599 2040/1273/1598
f 2077/1310/1635 2078/1309/1636 2042/1275/1600 2041/1274/1599
f 2078/1309/1636 2079/1311/1637 2043/1276/1601 2042/1275/1600
f 2079/1311/1637 2080/1312/1638 2044/1277/1602 2043/1276/1601
f 2080/1312/1638 2081/1278/1639 2045/1279/1603 2044/1277/1602
f 2081/1278/1639 2082/1280/1640 2046/1239/1604 2045/1279/1603
f 2082/1280/1640 2083/1281/1641 2047/1240/1605 2046/1239/1604
f 2083/1281/1641 2084/1282/1642 2048/1242/1606 2047/1240/1605
f 2084/1282/1642 2085/1283/1643 2049/1284/1607 2048/1242/1606
f 2085/1283/1643 2086/1285/1644 2050/1288/1608 2049/1284/1607
f 2086/1285/1644 2087/1286/1645 2051/1287/1609 2050/1288/1608
f 2087/1286/1645 2088/1315/1646 2052/1290/1610 2051/1287/1609
f 2088/1315/1646 2089/1316/1647 2053/1289/1611 2052/1290/1610
f 2089/1316/1647 2090/1318/1648 2054/1247/1612 2053/1289/1611
f 2090/1318/1648 2091/1291/1649 2055/1248/1613 2054/1247/1612
f 2091/1291/1649 2092/1292/1650 2056/1293/1614 2055/1248/1613
f 2092/1292/1650 2093/1320/1651 2057/1250/1615 2056/1293/1614
f 2093/1320/1651 2094/1321/1652 2058/1294/1616 2057/1250/1615
f 2094/1321/1652 2095/1295/1653 2059/1252/1617 2058/1294/1616
f 2095/1295/1653 2096/1324/1654 2060/1296/1618 2059/1252/1617
f 2096/1324/1654 2097/1326/1655 2061/1299/1619 2060/1296/1618
f 2097/1326/1655 2098/1297/1656 2062/1298/1620 2061/1299/1619
f 2098/1297/1656 2099/1328/1657 2063/1300/1621 2062/1298/1620
f 2099/1328/1657 2100/1301/1658 2064/1257/1622 2063/1300/1621
f 2100/1301/1658 2101/1331/1659 2065/1302/1623 2064/1257/1622
f 2101/1331/1659 2102/1303/1660 2066/1259/1624 2065/1302/1623
f 2102/1303/1660 2103/1333/1661 2067/1261/1625 2066/1259/1624
f 2103/1333/1661 2104/1304/1662 2068/1262/1626 2067/1261/1625
f 2104/1304/1662 2105/1305/1663 2069/1263/1627 2068/1262/1626
f 2105/1305/1663 2106/1336/1664 2070/1306/1628 2069/1263/1627
f 2106/1336/1664 2107/1338/1665 2071/1265/1629 2070/1306/1628
f 2107/1338/1665 2108/1337/1666 2072/1266/1630 2071/1265/1629
f 2108/1337/1666 2073/1340/1632 2037/1307/1596 2072/1266/1630
f 2109/1342/1668 2110/1344/1667 2074/1271/1631 2073/1270/1632
f 2110/1344/1667 2111/1346/1669 2075/1272/1633 2074/1271/1631
f 2111/1346/1669 2112/1345/1670 2076/1308/1634 2075/1272/1633
f 2112/1345/1670 2113/1349/1671 2077/1310/1635 2076/1308/1634
f 2113/1349/1671 2114/1351/1672 2078/1309/1636 2077/1310/1635
f 2114/1351/1672 2115/1350/1673 2079/1311/1637 2078/1309/1636
f 2115/1350/1673 2116/1352/1674 2080/1312/1638 2079/1311/1637
f 2116/1352/1674 2117/1354/1675 2081/1278/1639 2080/1312/1638
f 2117/1354/1675 2118/1357/1676 2082/1280/1640 2081/1278/1639
f 2118/1357/1676 2119/1356/1677 2083/1281/1641 2082/1280/1640
f 2119/1356/1677 2120/1313/1678 2084/1282/1642 2083/1281/1641
f 2120/1313/1678 2121/1314/1679 2085/1283/1643 2084/1282/1642
f 2121/1314/1679 2122/1360/1680 2086/1285/1644 2085/1283/1643
f 2122/1360/1680 2123/1363/1681 2087/1286/1645 2086/1285/1644
f 2123/1363/1681 2124/1362/1682 2088/1315/1646 2087/1286/1645
f 2124/1362/1682 2125/1365/1683 2089/1316/1647 2088/1315/1646
f 2125/1365/1683 2126/1317/1684 2090/1318/1648 2089/1316/1647
f 2126/1317/1684 2127/1367/1685 2091/1291/1649 2090/1318/1648
f 2127/1367/1685 2128/1368/1686 2092/1292/1650 2091/1291/1649
f 2128/1368/1686 2129/1369/1687 2093/1320/1651 2092/1292/1650
f 2129/1369/1687 2130/1319/1688 2094/1321/1652 2093/1320/1651
f 2130/1319/1688 2131/1322/1689 2095/1295/1653 2094/1321/1652
f 2131/1322/1689 2132/1323/1690 2096/1324/1654 2095/1295/1653
f 2132/1323/1690 2133/1325/1691 2097/1326/1655 2096/1324/1654
f 2133/1325/1691 2134/1327/1692 2098/1297/1656 2097/1326/1655
f 2134/1327/1692 2135/1372/1693 2099/1328/1657 2098/1297/1656
f 2135/1372/1693 2136/1329/1694 2100/1301/1658 2099/1328/1657
f 2136/1329/1694 2137/1330/1695 2101/1331/1659 2100/1301/1658
f 2137/1330/1695 2138/1332/1696 2102/1303/1660 2101/1331/1659
f 2138/1332/1696 2139/1375/1697 2103/1333/1661 2102/1303/1660
f 2139/1375/1697 2140/1376/1698 2104/1304/1662 2103/1333/1661
f 2140/1376/1698 2141/1334/1699 2105/1305/1663 2104/1304/1662
f 2141/1334/1699 2142/1335/1700 2106/1336/1664 2105/1305/1663
f 2142/1335/1700 2143/1379/1701 2107/1338/1665 2106/1336/1664
f 2143/1379/1701 2144/1339/1702 2108/1337/1666 2107/1338/1665
f 2144/1339/1702 2109/1382/1668 2073/1340/1632 2108/1337/1666
f 2145/1341/1704 2146/1384/1703 2110/1344/1667 2109/1342/1668
f 2146/1384/1703 2147/1343/1705 2111/1346/1669 2110/1344/1667
f 2147/1343/1705 2148/1347/1706 2112/1345/1670 2111/1346/1669
f 2148/1347/1706 2149/1348/1707 2113/1349/1671 2112/1345/1670
f 2149/1348/1707 2150/1388/1708 2114/1351/1672 2113/1349/1671
f 2150/1388/1708 2151/1389/1709 2115/1350/1673 2114/1351/1672
f 2151/1389/1709 2152/1391/1710 2116/1352/1674 2115/1350/1673
f 2152/1391/1710 2153/1353/1711 2117/1354/1675 2116/1352/1674
f 2153/1353/1711 2154/1355/1712 2118/1357/1676 2117/1354/1675
f 2154/1355/1712 2155/1358/1713 2119/1356/1677 2118/1357/1676
f 2155/1358/1713 2156/1393/1714 2120/1313/1678 2119/1356/1677
f 2156/1393/1714 2157/1395/1715 2121/1314/1679 2120/1313/1678
f 2157/1395/1715 2158/1359/1716 2122/1360/1680 2121/1314/1679
f 2158/1359/1716 2159/1361/1717 2123/1363/1681 2122/1360/1680
f 2159/1361/1717 2160/1364/1718 2124/1362/1682 2123/1363/1681
f 2160/1364/1718 2161/1398/1719 2125/1365/1683 2124/1362/1682
f 2161/1398/1719 2162/1397/1720 2126/1317/1684 2125/1365/1683
f 2162/1397/1720 2163/1366/1721 2127/1367/1685 2126/1317/1684
f 2163/1366/1721 2164/1401/1722 2128/1368/1686 2127/1367/1685
f 2164/1401/1722 2165/1402/1723 2129/1369/1687 2128/1368/1686
f 2165/1402/1723 2166/1370/1724 2130/1319/1688 2129/1369/1687
f 2166/1370/1724 2167/1404/1725 2131/1322/1689 2130/1319/1688
f 2167/1404/1725 2168/1371/1726 2132/1323/1690 2131/1322/1689
f 2168/1371/1726 2169/1405/1727 2133/1325/1691 2132/1323/1690
f 2169/1405/1727 2170/1406/1728 2134/1327/1692 2133/1325/1691
f 2170/1406/1728 2171/1408/1729 2135/1372/1693 2134/1327/1692
f 2171/1408/1729 2172/1373/1730 2136/1329/1694 2135/1372/1693
f 2172/1373/1730 2173/1410/1731 2137/1330/1695 2136/1329/1694
f 2173/1410/1731 2174/1374/1732 2138/1332/1696 2137/1330/1695
f 2174/1374/1732 2175/1412/1733 2139/1375/1697 2138/1332/1696
f 2175/1412/1733 2176/1377/1734 2140/1376/1698 2139/1375/1697
f 2176/1377/1734 2177/1414/1735 2141/1334/1699 2140/1376/1698
f 2177/1414/1735 2178/1378/1736 2142/1335/1700 2141/1334/1699
f 2178/1378/1736 2179/1380/1737 2143/1379/1701 2142/1335/1700
f 2179/1380/1737 2180/1381/1738 2144/1339/1702 2143/1379/1701
f 2180/1381/1738 2145/1418/1704 2109/1382/1668 2144/1339/1702
f 2181/1383/1740 2182/1420/1739 2146/1384/1703 2145/1341/1704
f 2182/1420/1739 2183/1422/1741 2147/1343/1705 2146/1384/1703
f 2183/1422/1741 2184/1385/1742 2148/1347/1706 2147/1343/1705
f 2184/1385/1742 2185/1386/1743 2149/1348/1707 2148/1347/1706
f 2185/1386/1743 2186/1424/1744 2150/1388/1708 2149/1348/1707
f 2186/1424/1744 2187/1387/1745 2151/1389/1709 2150/1388/1708
f 2187/1387/1745 2188/1390/1746 2152/1391/1710 2151/1389/1709
f 2188/1390/1746 2189/1427/1747 2153/1353/1711 2152/1391/1710
f 2189/1427/1747 2190/1430/1748 2154/1355/1712 2153/1353/1711
f 2190/1430/1748 2191/1429/1749 2155/1358/1713 2154/1355/1712
f 2191/1429/1749 2192/1392/1750 2156/1393/1714 2155/1358/1713
f 2192/1392/1750 2193/1432/1751 2157/1395/1715 2156/1393/1714
f 2193/1432/1751 2194/1394/1752 2158/1359/1716 2157/1395/1715
f 2194/1394/1752 2195/1396/1753 2159/1361/1717 2158/1359/1716
f 2195/1396/1753 2196/1435/1754 2160/1364/1718 2159/1361/1717
f 2196/1435/1754 2197/1434/1755 2161/1398/1719 2160/1364/1718
f 2197/1434/1755 2198/1399/1756 2162/1397/1720 2161/1398/1719
f 2198/1399/1756 2199/1438/1757 2163/1366/1721 2162/1397/1720
f 2199/1438/1757 2200/1437/1758 2164/1401/1722 2163/1366/1721
f 2200/1437/1758 2201/1400/1759 2165/1402/1723 2164/1401/1722
f 2201/1400/1759 2202/1439/1760 2166/1370/1724 2165/1402/1723
f 2202/1439/1760 2203/1403/1761 2167/1404/1725 2166/1370/1724
f 2203/1403/1761 2204/1442/1762 2168/1371/1726 2167/1404/1725
f 2204/1442/1762 2205/1441/1763 2169/1405/1727 2168/1371/1726
f 2205/1441/1763 2206/1407/1764 2170/1406/1728 2169/1405/1727
f 2206/1407/1764 2207/1445/1765 2171/1408/1729 2170/1406/1728
f 2207/1445/1765 2208/1409/1766 2172/1373/1730 2171/1408/1729
f 2208/1409/1766 2209/1448/1767 2173/1410/1731 2172/1373/1730
f 2209/1448/1767 2210/1411/1768 2174/1374/1732 2173/1410/1731
f 2210/1411/1768 2211/1449/1769 2175/1412/1733 2174/1374/1732
f 2211/1449/1769 2212/1413/1770 2176/1377/1734 2175/1412/1733
f 2212/1413/1770 2213/1415/1771 2177/1414/1735 2176/1377/1734
f 2213/1415/1771 2214/1450/1772 2178/1378/1736 2177/1414/1735
f 2214/1450/1772 2215/1416/1773 2179/1380/1737 2178/1378/1736
f 2215/1416/1773 2216/1417/1774 2180/1381/1738 2179/1380/1737
f 2216/1417/1774 2181/1453/1740 2145/1418/1704 2180/1381/1738
f 2217/1454/1776 2218/1419/1775 2182/1420/1739 2181/1383/1740
f 2218/1419/1775 2219/1421/1777 2183/1422/1741 2182/1420/1739
f 2219/1421/1777 2220/1456/1778 2184/1385/1742 2183/1422/1741
f 2220/1456/1778 2221/1423/1779 2185/1386/1743 2184/1385/1742
f 2221/1423/1779 2222/1458/1780 2186/1424/1744 2185/1386/1743
f 2222/1458/1780 2223/1425/1781 2187/1387/1745 2186/1424/1744
f 2223/1425/1781 2224/1426/1782 2188/1390/1746 2187/1387/1745
f 2224/1426/1782 2225/1462/1783 2189/1427/1747 2188/1390/1746
f 2225/1462/1783 2226/1428/1784 2190/1430/1748 2189/1427/1747
f 2226/1428/1784 2227/1464/1785 2191/1429/1749 2190/1430/1748
f 2227/1464/1785 2228/1431/1786 2192/1392/1750 2191/1429/1749
f 2228/1431/1786 2229/1466/1787 2193/1432/1751 2192/1392/1750
f 2229/1466/1787 2230/1465/1788 2194/1394/1752 2193/1432/1751
f 2230/1465/1788 2231/1467/1789 2195/1396/1753 2194/1394/1752
f 2231/1467/1789 2232/1433/1790 2196/1435/1754 2195/1396/1753
f 2232/1433/1790 2233/1436/1791 2197/1434/1755 2196/1435/1754
f 2233/1436/1791 2234/1468/1792 2198/1399/1756 2197/1434/1755
f 2234/1468/1792 2235/1470/1793 2199/1438/1757 2198/1399/1756
f 2235/1470/1793 2236/1472/1794 2200/1437/1758 2199/1438/1757
f 2236/1472/1794 2237/1475/1795 2201/1400/1759 2200/1437/1758
f 2237/1475/1795 2238/1474/1796 2202/1439/1760 2201/1400/1759
f 2238/1474/1796 2239/1476/1797 2203/1403/1761 2202/1439/1760
f 2239/1476/1797 2240/1440/1798 2204/1442/1762 2203/1403/1761
f 2240/1440/1798 2241/1443/1799 2205/1441/1763 2204/1442/1762
f 2241/1443/1799 2242/1444/1800 2206/1407/1764 2205/1441/1763
f 2242/1444/1800 2243/1478/1801 2207/1445/1765 2206/1407/1764
f 2243/1478/1801 2244/1446/1802 2208/1409/1766 2207/1445/1765
f 2244/1446/1802 2245/1447/1803 2209/1448/1767 2208/1409/1766
f 2245/1447/1803 2246/1483/1804 2210/1411/1768 2209/1448/1767
f 2246/1483/1804 2247/1485/1805 2211/1449/1769 2210/1411/1768
f 2247/1485/1805 2248/1484/1806 2212/1413/1770 2211/1449/1769
f 2248/1484/1806 2249/1488/1807 2213/1415/1771 2212/1413/1770
f 2249/1488/1807 2250/1487/1808 2214/1450/1772 2213/1415/1771
f 2250/1487/1808 2251/1451/1809 2215/1416/1773 2214/1450/1772
f 2251/1451/1809 2252/1490/1810 2216/1417/1774 2215/1416/1773
f 2252/1490/1810 2217/1452/1776 2181/1453/1740 2216/1417/1774
f 2253/1493/1812 2254/1492/1811 2218/1419/1775 2217/1454/1776
f 2254/1492/1811 2255/1455/1813 2219/1421/1777 2218/1419/1775
f 2255/1455/1813 2256/1496/1814 2220/1456/1778 2219/1421/1777
f 2256/1496/1814 2257/1457/1815 2221/1423/1779 2220/1456/1778
f 2257/1457/1815 2258/1459/1816 2222/1458/1780 2221/1423/1779
f 2258/1459/1816 2259/1460/1817 2223/1425/1781 2222/1458/1780
f 2259/1460/1817 2260/1499/1818 2224/1426/1782 2223/1425/1781
f 2260/1499/1818 2261/1461/1819 2225/1462/1783 2224/1426/1782
f 2261/1461/1819 2262/1501/1820 2226/1428/1784 2225/1462/1783
f 2262/1501/1820 2263/1463/1821 2227/1464/1785 2226/1428/1784
f 2263/1463/1821 2264/1503/1822 2228/1431/1786 2227/1464/1785
f 2264/1503/1822 2265/1504/1823 2229/1466/1787 2228/1431/1786
f 2265/1504/1823 2266/1509/1824 2230/1465/1788 2229/1466/1787
f 2266/1509/1824 2267/1508/1825 2231/1467/1789 2230/1465/1788
f 2267/1508/1825 2268/1511/1826 2232/1433/1790 2231/1467/1789
f 2268/1511/1826 2269/1512/1827 2233/1436/1791 2232/1433/1790
f 2269/1512/1827 2270/1513/1828 2234/1468/1792 2233/1436/1791
f 2270/1513/1828 2271/1469/1829 2235/1470/1793 2234/1468/1792
f 2271/1469/1829 2272/1471/1830 2236/1472/1794 2235/1470/1793
f 2272/1471/1830 2273/1515/1831 2237/1475/1795 2236/1472/1794
f 2273/1515/1831 2274/1473/1832 2238/1474/1796 2237/1475/1795
f 2274/1473/1832 2275/1518/1833 2239/1476/1797 2238/1474/1796
f 2275/1518/1833 2276/1521/1834 2240/1440/1798 2239/1476/1797
f 2276/1521/1834 2277/1520/1835 2241/1443/1799 2240/1440/1798
f 2277/1520/1835 2278/1523/1836 2242/1444/1800 2241/1443/1799
f 2278/1523/1836 2279/1477/1837 2243/1478/1801 2242/1444/1800
f 2279/1477/1837 2280/1479/1838 2244/1446/1802 2243/1478/1801
f 2280/1479/1838 2281/1480/1839 2245/1447/1803 2244/1446/1802
f 2281/1480/1839 2282/1481/1840 2246/1483/1804 2245/1447/1803
f 2282/1481/1840 2283/1482/1841 2247/1485/1805 2246/1483/1804
f 2283/1482/1841 2284/1486/1842 2248/1484/1806 2247/1485/1805
f 2284/1486/1842 2285/1527/1843 2249/1488/1807 2248/1484/1806
f 2285/1527/1843 2286/1489/1844 2250/1487/1808 2249/1488/1807
f 2286/1489/1844 2287/1529/1845 2251/1451/1809 2250/1487/1808
f 2287/1529/1845 2288/1531/1846 2252/1490/1810 2251/1451/1809
f 2288/1531/1846 2253/1533/1812 2217/1452/1776 2252/1490/1810
f 2289/1534/1848 2290/1491/1847 2254/1492/1811 2253/1493/1812
f 2290/1491/1847 2291/1537/1849 2255/1455/1813 2254/1492/1811
f 2291/1537/1849 2292/1494/1850 2256/1496/1814 2255/1455/1813
f 2292/1494/1850 2293/1495/1851 2257/1457/1815 2256/1496/1814
f 2293/1495/1851 2294/1538/1852 2258/1459/1816 2257/1457/1815
f 2294/1538/1852 2295/1497/1853 2259/1460/1817 2258/1459/1816
f 2295/1497/1853 2296/1498/1854 2260/1499/1818 2259/1460/1817
f 2296/1498/1854 2297/1500/1855 2261/1461/1819 2260/1499/1818
f 2297/1500/1855 2298/1541/1856 2262/1501/1820 2261/1461/1819
f 2298/1541/1856 2299/1502/1857 2263/1463/1821 2262/1501/1820
f 2299/1502/1857 2300/1544/1858 2264/1503/1822 2263/1463/1821
f 2300/1544/1858 2301/1505/1859 2265/1504/1823 2264/1503/1822
f 2301/1505/1859 2302/1506/1860 2266/1509/1824 2265/1504/1823
f 2302/1506/1860 2303/1507/1861 2267/1508/1825 2266/1509/1824
f 2303/1507/1861 2304/1547/1862 2268/1511/1826 2267/1508/1825
f 2304/1547/1862 2305/1510/1863 2269/1512/1827 2268/1511/1826
f 2305/1510/1863 2306/1548/1864 2270/1513/1828 2269/1512/1827
f 2306/1548/1864 2307/1551/1865 2271/1469/1829 2270/1513/1828
f 2307/1551/1865 2308/1514/1866 2272/1471/1830 2271/1469/1829
f 2308/1514/1866 2309/1554/1867 2273/1515/1831 2272/1471/1830
f 2309/1554/1867 2310/1516/1868 2274/1473/1832 2273/1515/1831
f 2310/1516/1868 2311/1517/1869 2275/1518/1833 2274/1473/1832
f 2311/1517/1869 2312/1556/1870 2276/1521/1834 2275/1518/1833
f 2312/1556/1870 2313/1519/1871 2277/1520/1835 2276/1521/1834
f 2313/1519/1871 2314/1558/1872 2278/1523/1836 2277/1520/1835
f 2314/1558/1872 2315/1522/1873 2279/1477/1837 2278/1523/1836
f 2315/1522/1873 2316/1524/1874 2280/1479/1838 2279/1477/1837
f 2316/1524/1874 2317/1525/1875 2281/1480/1839 2280/1479/1838
f 2317/1525/1875 2318/1560/1876 2282/1481/1840 2281/1480/1839
f 2318/1560/1876 2319/1562/1877 2283/1482/1841 2282/1481/1840
f 2319/1562/1877 2320/1526/1878 2284/1486/1842 2283/1482/1841
f 2320/1526/1878 2321/1564/1879 2285/1527/1843 2284/1486/1842
f 2321/1564/1879 2322/1565/1880 2286/1489/1844 2285/1527/1843
f 2322/1565/1880 2323/1528/1881 2287/1529/1845 2286/1489/1844
f 2323/1528/1881 2324/1530/1882 2288/1531/1846 2287/1529/1845
f 2324/1530/1882 2289/1532/1848 2253/1533/1812 2288/1531/1846
f 2325/1568/1884 2326/1567/1883 2290/1491/1847 2289/1534/1848
f 2326/1567/1883 2327/1535/1885 2291/1537/1849 2290/1491/1847
f 2327/1535/1885 2328/1536/1886 2292/1494/1850 2291/1537/1849
f 2328/1536/1886 2329/1572/1887 2293/1495/1851 2292/1494/1850
f 2329/1572/1887 2330/1571/1888 2294/1538/1852 2293/1495/1851
f 2330/1571/1888 2331/1574/1889 2295/1497/1853 2294/1538/1852
f 2331/1574/1889 2332/1539/1890 2296/1498/1854 2295/1497/1853
f 2332/1539/1890 2333/1540/1891 2297/1500/1855 2296/1498/1854
f 2333/1540/1891 2334/1576/1892 2298/1541/1856 2297/1500/1855
f 2334/1576/1892 2335/1575/1893 2299/1502/1857 2298/1541/1856
f 2335/1575/1893 2336/1542/1894 2300/1544/1858 2299/1502/1857
f 2336/1542/1894 2337/1543/1895 2301/1505/1859 2300/1544/1858
f 2337/1543/1895 2338/1545/1896 2302/1506/1860 2301/1505/1859
f 2338/1545/1896 2339/1580/1897 2303/1507/1861 2302/1506/1860
f 2339/1580/1897 2340/1546/1898 2304/1547/1862 2303/1507/1861
f 2340/1546/1898 2341/1582/1899 2305/1510/1863 2304/1547/1862
f 2341/1582/1899 2342/1549/1900 2306/1548/1864 2305/1510/1863
f 2342/1549/1900 2343/1550/1901 2307/1551/1865 2306/1548/1864
f 2343/1550/1901 2344/1586/1902 2308/1514/1866 2307/1551/1865
f 2344/1586/1902 2345/1552/1903 2309/1554/1867 2308/1514/1866
f 2345/1552/1903 2346/1553/1904 2310/1516/1868 2309/1554/1867
f 2346/1553/1904 2347/1555/1905 2311/1517/1869 2310/1516/1868
f 2347/1555/1905 2348/1591/1906 2312/1556/1870 2311/1517/1869
f 2348/1591/1906 2349/1557/1907 2313/1519/1871 2312/1556/1870
f 2349/1557/1907 2350/1593/1908 2314/1558/1872 2313/1519/1871
f 2350/1593/1908 2351/1592/1909 2315/1522/1873 2314/1558/1872
f 2351/1592/1909 2352/1596/1910 2316/1524/1874 2315/1522/1873
f 2352/1596/1910 2353/1595/1911 2317/1525/1875 2316/1524/1874
f 2353/1595/1911 2354/1559/1912 2318/1560/1876 2317/1525/1875
f 2354/1559/1912 2355/1561/1913 2319/1562/1877 2318/1560/1876
f 2355/1561/1913 2356/1598/1914 2320/1526/1878 2319/1562/1877
f 2356/1598/1914 2357/1563/1915 2321/1564/1879 2320/1526/1878
f 2357/1563/1915 2358/1600/1916 2322/1565/1880 2321/1564/1879
f 2358/1600/1916 2359/1599/1917 2323/1528/1881 2322/1565/1880
f 2359/1599/1917 2360/1602/1918 2324/1530/1882 2323/1528/1881
f 2360/1602/1918 2325/1566/1884 2289/1532/1848 2324/1530/1882
f 2361/1606/1920 2362/1605/1919 2326/1567/1883 2325/1568/1884
f 2362/1605/1919 2363/1607/1921 2327/1535/1885 2326/1567/1883
f 2363/1607/1921 2364/1569/1922 2328/1536/1886 2327/1535/1885
f 2364/1569/1922 2365/1570/1923 2329/1572/1887 2328/1536/1886
f 2365/1570/1923 2366/1573/1924 2330/1571/1888 2329/1572/1887
f 2366/1573/1924 2367/1611/1925 2331/1574/1889 2330/1571/1888
f 2367/1611/1925 2368/1614/1926 2332/1539/1890 2331/1574/1889
f 2368/1614/1926 2369/1616/1927 2333/1540/1891 2332/1539/1890
f 2369/1616/1927 2370/1615/1928 2334/1576/1892 2333/1540/1891
f 2370/1615/1928 2371/1577/1929 2335/1575/1893 2334/1576/1892
f 2371/1577/1929 2372/1619/1930 2336/1542/1894 2335/1575/1893
f 2372/1619/1930 2373/1578/1931 2337/1543/1895 2336/1542/1894
f 2373/1578/1931 2374/1621/1932 2338/1545/1896 2337/1543/1895
f 2374/1621/1932 2375/1579/1933 2339/1580/1897 2338/1545/1896
f 2375/1579/1933 2376/1581/1934 2340/1546/1898 2339/1580/1897
f 2376/1581/1934 2377/1583/1935 2341/1582/1899 2340/1546/1898
f 2377/1583/1935 2378/1623/1936 2342/1549/1900 2341/1582/1899
f 2378/1623/1936 2379/1584/1937 2343/1550/1901 2342/1549/1900
f 2379/1584/1937 2380/1585/1938 2344/1586/1902 2343/1550/1901
f 2380/1585/1938 2381/1624/1939 2345/1552/1903 2344/1586/1902
f 2381/1624/1939 2382/1587/1940 2346/1553/1904 2345/1552/1903
f 2382/1587/1940 2383/1588/1941 2347/1555/1905 2346/1553/1904
f 2383/1588/1941 2384/1589/1942 2348/1591/1906 2347/1555/1905
f 2384/1589/1942 2385/1590/1943 2349/1557/1907 2348/1591/1906
f 2385/1590/1943 2386/1628/1944 2350/1593/1908 2349/1557/1907
f 2386/1628/1944 2387/1630/1945 2351/1592/1909 2350/1593/1908
f 2387/1630/1945 2388/1594/1946 2352/1596/1910 2351/1592/1909
f 2388/1594/1946 2389/1632/1947 2353/1595/1911 2352/1596/1910
f 2389/1632/1947 2390/1597/1948 2354/1559/1912 2353/1595/1911
f 2390/1597/1948 2391/1635/1949 2355/1561/1913 2354/1559/1912
f 2391/1635/1949 2392/1637/1950 2356/1598/1914 2355/1561/1913
f 2392/1637/1950 2393/1636/1951 2357/1563/1915 2356/1598/1914
f 2393/1636/1951 2394/1639/1952 2358/1600/1916 2357/1563/1915
f 2394/1639/1952 2395/1640/1953 2359/1599/1917 2358/1600/1916
f 2395/1640/1953 2396/1601/1954 2360/1602/1918 2359/1599/1917
f 2396/1601/1954 2361/1641/1920 2325/1566/1884 2360/1602/1918
f 2397/1603/1956 2398/1604/1955 2362/1605/1919 2361/1606/1920
f 2398/1604/1955 2399/1643/1957 2363/1607/1921 2362/1605/1919
f 2399/1643/1957 2400/1608/1958 2364/1569/1922 2363/1607/1921
f 2400/1608/1958 2401/1609/1959 2365/1570/1923 2364/1569/1922
f 2401/1609/1959 2402/1648/1960 2366/1573/1924 2365/1570/1923
f 2402/1648/1960 2403/1610/1961 2367/1611/1925 2366/1573/1924
f 2403/1610/1961 2404/1612/1962 2368/1614/1926 2367/1611/1925
f 2404/1612/1962 2405/1613/1963 2369/1616/1927 2368/1614/1926
f 2405/1613/1963 2406/1617/1964 2370/1615/1928 2369/1616/1927
f 2406/1617/1964 2407/1618/1965 2371/1577/1929 2370/1615/1928
f 2407/1618/1965 2408/1653/1966 2372/1619/1930 2371/1577/1929
f 2408/1653/1966 2409/1620/1967 2373/1578/1931 2372/1619/1930
f 2409/1620/1967 2410/1654/1968 2374/1621/1932 2373/1578/1931
f 2410/1654/1968 2411/1622/1969 2375/1579/1933 2374/1621/1932
f 2411/1622/1969 2412/1656/1970 2376/1581/1934 2375/1579/1933
f 2412/1656/1970 2413/1658/1971 2377/1583/1935 2376/1581/1934
f 2413/1658/1971 2414/1660/1972 2378/1623/1936 2377/1583/1935
f 2414/1660/1972 2415/1662/1973 2379/1584/1937 2378/1623/1936
f 2415/1662/1973 2416/1663/1974 2380/1585/1938 2379/1584/1937
f 2416/1663/1974 2417/1664/1975 2381/1624/1939 2380/1585/1938
f 2417/1664/1975 2418/1625/1976 2382/1587/1940 2381/1624/1939
f 2418/1625/1976 2419/1665/1977 2383/1588/1941 2382/1587/1940
f 2419/1665/1977 2420/1626/1978 2384/1589/1942 2383/1588/1941
f 2420/1626/1978 2421/1627/1979 2385/1590/1943 2384/1589/1942
f 2421/1627/1979 2422/1667/1980 2386/1628/1944 2385/1590/1943
f 2422/1667/1980 2423/1629/1981 2387/1630/1945 2386/1628/1944
f 2423/1629/1981 2424/1668/1982 2388/1594/1946 2387/1630/1945
f 2424/1668/1982 2425/1631/1983 2389/1632/1947 2388/1594/1946
f 2425/1631/1983 2426/1670/1984 2390/1597/1948 2389/1632/1947
f 2426/1670/1984 2427/1633/1985 2391/1635/1949 2390/1597/1948
f 2427/1633/1985 2428/1634/1986 2392/1637/1950 2391/1635/1949
f 2428/1634/1986 2429/1672/1987 2393/1636/1951 2392/1637/1950
f 2429/1672/1987 2430/1638/1988 2394/1639/1952 2393/1636/1951
f 2430/1638/1988 2431/1674/1989 2395/1640/1953 2394/1639/1952
f 2431/1674/1989 2432/1676/1990 2396/1601/1954 2395/1640/1953
f 2432/1676/1990 2397/1677/1956 2361/1641/1920 2396/1601/1954
f 2433/1642/1992 2434/1682/1991 2398/1604/1955 2397/1603/1956
f 2434/1682/1991 2435/1681/1993 2399/1643/1957 2398/1604/1955
f 2435/1681/1993 2436/1644/1994 2400/1608/1958 2399/1643/1957
f 2436/1644/1994 2437/1645/1995 2401/1609/1959 2400/1608/1958
f 2437/1645/1995 2438/1646/1996 2402/1648/1960 2401/1609/1959
f 2438/1646/1996 2439/1647/1997 2403/1610/1961 2402/1648/1960
f 2439/1647/1997 2440/1649/1998 2404/1612/1962 2403/1610/1961
f 2440/1649/1998 2441/1650/1999 2405/1613/1963 2404/1612/1962
f 2441/1650/1999 2442/1687/2000 2406/1617/1964 2405/1613/1963
f 2442/1687/2000 2443/1688/2001 2407/1618/1965 2406/1617/1964
f 2443/1688/2001 2444/1651/2002 2408/1653/1966 2407/1618/1965
f 2444/1651/2002 2445/1652/2003 2409/1620/1967 2408/1653/1966
f 2445/1652/2003 2446/1690/2004 2410/1654/1968 2409/1620/1967
f 2446/1690/2004 2447/1655/2005 2411/1622/1969 2410/1654/1968
f 2447/1655/2005 2448/1657/2006 2412/1656/1970 2411/1622/1969
f 2448/1657/2006 2449/1659/2007 2413/1658/1971 2412/1656/1970
f 2449/1659/2007 2450/1694/2008 2414/1660/1972 2413/1658/1971
f 2450/1694/2008 2451/1693/2009 2415/1662/1973 2414/1660/1972
f 2451/1693/2009 2452/1661/2010 2416/1663/1974 2415/1662/1973
f 2452/1661/2010 2453/1696/2011 2417/1664/1975 2416/1663/1974
f 2453/1696/2011 2454/1697/2012 2418/1625/1976 2417/1664/1975
f 2454/1697/2012 2455/1700/2013 2419/1665/1977 2418/1625/1976
f 2455/1700/2013 2456/1699/2014 2420/1626/1978 2419/1665/1977
f 2456/1699/2014 2457/1701/2015 2421/1627/1979 2420/1626/1978
f 2457/1701/2015 2458/1666/2016 2422/1667/1980 2421/1627/1979
f 2458/1666/2016 2459/1703/2017 2423/1629/1981 2422/1667/1980
f 2459/1703/2017 2460/1705/2018 2424/1668/1982 2423/1629/1981
f 2460/1705/2018 2461/1707/2019 2425/1631/1983 2424/1668/1982
f 2461/1707/2019 2462/1669/2020 2426/1670/1984 2425/1631/1983
f 2462/1669/2020 2463/1709/2021 2427/1633/1985 2426/1670/1984
f 2463/1709/2021 2464/1671/2022 2428/1634/1986 2427/1633/1985
f 2464/1671/2022 2465/1711/2023 2429/1672/1987 2428/1634/1986
f 2465/1711/2023 2466/1673/2024 2430/1638/1988 2429/1672/1987
f 2466/1673/2024 2467/1713/2025 2431/1674/1989 2430/1638/1988
f 2467/1713/2025 2468/1675/2026 2432/1676/1990 2431/1674/1989
f 2468/1675/2026 2433/1714/1992 2397/1677/1956 2432/1676/1990
f 2469/1678/2028 2470/1679/2027 2434/1682/1991 2433/1642/1992
f 2470/1679/2027 2471/1680/2029 2435/1681/1993 2434/1682/1991
f 2471/1680/2029 2472/1683/2030 2436/1644/1994 2435/1681/1993
f 2472/1683/2030 2473/1684/2031 2437/1645/1995 2436/1644/1994
f 2473/1684/2031 2474/1717/2032 2438/1646/1996 2437/1645/1995
f 2474/1717/2032 2475/1719/2033 2439/1647/1997 2438/1646/1996
f 2475/1719/2033 2476/1685/2034 2440/1649/1998 2439/1647/1997
f 2476/1685/2034 2477/1686/2035 2441/1650/1999 2440/1649/1998
f 2477/1686/2035 2478/1724/2036 2442/1687/2000 2441/1650/1999
f 2478/1724/2036 2479/1689/2037 2443/1688/2001 2442/1687/2000
f 2479/1689/2037 2480/1725/2038 2444/1651/2002 2443/1688/2001
f 2480/1725/2038 2481/1728/2039 2445/1652/2003 2444/1651/2002
f 2481/1728/2039 2482/1727/2040 2446/1690/2004 2445/1652/2003
f 2482/1727/2040 2483/1691/2041 2447/1655/2005 2446/1690/2004
f 2483/1691/2041 2484/1731/2042 2448/1657/2006 2447/1655/2005
f 2484/1731/2042 2485/1692/2043 2449/1659/2007 2448/1657/2006
f 2485/1692/2043 2486/1732/2044 2450/1694/2008 2449/1659/2007
f 2486/1732/2044 2487/1734/2045 2451/1693/2009 2450/1694/2008
f 2487/1734/2045 2488/1695/2046 2452/1661/2010 2451/1693/2009
f 2488/1695/2046 2489/1735/2047 2453/1696/2011 2452/1661/2010
f 2489/1735/2047 2490/1737/2048 2454/1697/2012 2453/1696/2011
f 2490/1737/2048 2491/1738/2049 2455/1700/2013 2454/1697/2012
f 2491/1738/2049 2492/1698/2050 2456/1699/2014 2455/1700/2013
f 2492/1698/2050 2493/1742/2051 2457/1701/2015 2456/1699/2014
f 2493/1742/2051 2494/1741/2052 2458/1666/2016 2457/1701/2015
f 2494/1741/2052 2495/1702/2053 2459/1703/2017 2458/1666/2016
f 2495/1702/2053 2496/1704/2054 2460/1705/2018 2459/1703/2017
f 2496/1704/2054 2497/1706/2055 2461/1707/2019 2460/1705/2018
f 2497/1706/2055 2498/1745/2056 2462/1669/2020 2461/1707/2019
f 2498/1745/2056 2499/1708/2057 2463/1709/2021 2462/1669/2020
f 2499/1708/2057 2500/1747/2058 2464/1671/2022 2463/1709/2021
f 2500/1747/2058 2501/1710/2059 2465/1711/2023 2464/1671/2022
f 2501/1710/2059 2502/1751/2060 2466/1673/2024 2465/1711/2023
f 2502/1751/2060 2503/1750/2061 2467/1713/2025 2466/1673/2024
f 2503/1750/2061 2504/1712/2062 2468/1675/2026 2467/1713/2025
f 2504/1712/2062 2469/1752/2028 2433/1714/1992 2468/1675/2026
f 2505/1715/2064 2506/1716/2063 2470/1679/2027 2469/1678/2028
f 2506/1716/2063 2507/1753/2065 2471/1680/2029 2470/1679/2027
f 2507/1753/2065 2508/1755/2066 2472/1683/2030 2471/1680/2029
f 2508/1755/2066 2509/1756/2067 2473/1684/2031 2472/1683/2030
f 2509/1756/2067 2510/1718/2068 2474/1717/2032 2473/1684/2031
f 2510/1718/2068 2511/1757/2069 2475/1719/2033 2474/1717/2032
f 2511/1757/2069 2512/1720/2070 2476/1685/2034 2475/1719/2033
f 2512/1720/2070 2513/1721/2071 2477/1686/2035 2476/1685/2034
f 2513/1721/2071 2514/1722/2072 2478/1724/2036 2477/1686/2035
f 2514/1722/2072 2515/1723/2073 2479/1689/2037 2478/1724/2036
f 2515/1723/2073 2516/1760/2074 2480/1725/2038 2479/1689/2037
f 2516/1760/2074 2517/1726/2075 2481/1728/2039 2480/1725/2038
f 2517/1726/2075 2518/1761/2076 2482/1727/2040 2481/1728/2039
f 2518/1761/2076 2519/1729/2077 2483/1691/2041 2482/1727/2040
f 2519/1729/2077 2520/1763/2078 2484/1731/2042 2483/1691/2041
f 2520/1763/2078 2521/1730/2079 2485/1692/2043 2484/1731/2042
f 2521/1730/2079 2522/1733/2080 2486/1732/2044 2485/1692/2043
f 2522/1733/2080 2523/1764/2081 2487/1734/2045 2486/1732/2044
f 2523/1764/2081 2524/1765/2082 2488/1695/2046 2487/1734/2045
f 2524/1765/2082 2525/1768/2083 2489/1735/2047 2488/1695/2046
f 2525/1768/2083 2526/1767/2084 2490/1737/2048 2489/1735/2047
f 2526/1767/2084 2527/1736/2085 2491/1738/2049 2490/1737/2048
f 2527/1736/2085 2528/1739/2086 2492/1698/2050 2491/1738/2049
f 2528/1739/2086 2529/1740/2087 2493/1742/2051 2492/1698/2050
f 2529/1740/2087 2530/1771/2088 2494/1741/2052 2493/1742/2051
f 2530/1771/2088 2531/1743/2089 2495/1702/2053 2494/1741/2052
f 2531/1743/2089 2532/1744/2090 2496/1704/2054 2495/1702/2053
f 2532/1744/2090 2533/1776/2091 2497/1706/2055 2496/1704/2054
f 2533/1776/2091 2534/1746/2092 2498/1745/2056 2497/1706/2055
f 2534/1746/2092 2535/1778/2093 2499/1708/2057 2498/1745/2056
f 2535/1778/2093 2536/1748/2094 2500/1747/2058 2499/1708/2057
f 2536/1748/2094 2537/1749/2095 2501/1710/2059 2500/1747/2058
f 2537/1749/2095 2538/1782/2096 2502/1751/2060 2501/1710/2059
f 2538/1782/2096 2539/1781/2097 2503/1750/2061 2502/1751/2060
f 2539/1781/2097 2540/1784/2098 2504/1712/2062 2503/1750/2061
f 2540/1784/2098 2505/1785/2064 2469/1752/2028 2504/1712/2062
f 2541/1787/2100 2542/1790/2099 2506/1716/2063 2505/1715/2064
f 2542/1790/2099 2543/1789/2101 2507/1753/2065 2506/1716/2063
f 2543/1789/2101 2544/1754/2102 2508/1755/2066 2507/1753/2065
f 2544/1754/2102 2545/1793/2103 2509/1756/2067 2508/1755/2066
f 2545/1793/2103 2546/1795/2104 2510/1718/2068 2509/1756/2067
f 2546/1795/2104 2547/1794/2105 2511/1757/2069 2510/1718/2068
f 2547/1794/2105 2548/1758/2106 2512/1720/2070 2511/1757/2069
f 2548/1758/2106 2549/1797/2107 2513/1721/2071 2512/1720/2070
f 2549/1797/2107 2550/1799/2108 2514/1722/2072 2513/1721/2071
f 2550/1799/2108 2551/1759/2109 2515/1723/2073 2514/1722/2072
f 2551/1759/2109 2552/1801/2110 2516/1760/2074 2515/1723/2073
f 2552/1801/2110 2553/1803/2111 2517/1726/2075 2516/1760/2074
f 2553/1803/2111 2554/1805/2112 2518/1761/2076 2517/1726/2075
f 2554/1805/2112 2555/1762/2113 2519/1729/2077 2518/1761/2076
f 2555/1762/2113 2556/1807/2114 2520/1763/2078 2519/1729/2077
f 2556/1807/2114 2557/1809/2115 2521/1730/2079 2520/1763/2078
f 2557/1809/2115 2558/1810/2116 2522/1733/2080 2521/1730/2079
f 2558/1810/2116 2559/1814/2117 2523/1764/2081 2522/1733/2080
f 2559/1814/2117 2560/1813/2118 2524/1765/2082 2523/1764/2081
f 2560/1813/2118 2561/1815/2119 2525/1768/2083 2524/1765/2082
f 2561/1815/2119 2562/1766/2120 2526/1767/2084 2525/1768/2083
f 2562/1766/2120 2563/1816/2121 2527/1736/2085 2526/1767/2084
f 2563/1816/2121 2564/1769/2122 2528/1739/2086 2527/1736/2085
f 2564/1769/2122 2565/1770/2123 2529/1740/2087 2528/1739/2086
f 2565/1770/2123 2566/1772/2124 2530/1771/2088 2529/1740/2087
f 2566/1772/2124 2567/1773/2125 2531/1743/2089 2530/1771/2088
f 2567/1773/2125 2568/1774/2126 2532/1744/2090 2531/1743/2089
f 2568/1774/2126 2569/1775/2127 2533/1776/2091 2532/1744/2090
f 2569/1775/2127 2570/1820/2128 2534/1746/2092 2533/1776/2091
f 2570/1820/2128 2571/1777/2129 2535/1778/2093 2534/1746/2092
f 2571/1777/2129 2572/1779/2130 2536/1748/2094 2535/1778/2093
f 2572/1779/2130 2573/1822/2131 2537/1749/2095 2536/1748/2094
f 2573/1822/2131 2574/1780/2132 2538/1782/2096 2537/1749/2095
f 2574/1780/2132 2575/1824/2133 2539/1781/2097 2538/1782/2096
f 2575/1824/2133 2576/1783/2134 2540/1784/2098 2539/1781/2097
f 2576/1783/2134 2541/1827/2100 2505/1785/2064 2540/1784/2098
f 2577/1786/2136 2578/1788/2135 2542/1790/2099 2541/1787/2100
f 2578/1788/2135 2579/1829/2137 2543/1789/2101 2542/1790/2099
f 2579/1829/2137 2580/1791/2138 2544/1754/2102 2543/1789/2101
f 2580/1791/2138 2581/1792/2139 2545/1793/2103 2544/1754/2102
f 2581/1792/2139 2582/1831/2140 2546/1795/2104 2545/1793/2103
f 2582/1831/2140 2583/1796/2141 2547/1794/2105 2546/1795/2104
f 2583/1796/2141 2584/1833/2142 2548/1758/2106 2547/1794/2105
f 2584/1833/2142 2585/1798/2143 2549/1797/2107 2548/1758/2106
f 2585/1798/2143 2586/1835/2144 2550/1799/2108 2549/1797/2107
f 2586/1835/2144 2587/1800/2145 2551/1759/2109 2550/1799/2108
f 2587/1800/2145 2588/1802/2146 2552/1801/2110 2551/1759/2109
f 2588/1802/2146 2589/1836/2147 2553/1803/2111 2552/1801/2110
f 2589/1836/2147 2590/1804/2148 2554/1805/2112 2553/1803/2111
f 2590/1804/2148 2591/1806/2149 2555/1762/2113 2554/1805/2112
f 2591/1806/2149 2592/1808/2150 2556/1807/2114 2555/1762/2113
f 2592/1808/2150 2593/1841/2151 2557/1809/2115 2556/1807/2114
f 2593/1841/2151 2594/1840/2152 2558/1810/2116 2557/1809/2115
f 2594/1840/2152 2595/1811/2153 2559/1814/2117 2558/1810/2116
f 2595/1811/2153 2596/1812/2154 2560/1813/2118 2559/1814/2117
f 2596/1812/2154 2597/1844/2155 2561/1815/2119 2560/1813/2118
f 2597/1844/2155 2598/1845/2156 2562/1766/2120 2561/1815/2119
f 2598/1845/2156 2599/1846/2157 2563/1816/2121 2562/1766/2120
f 2599/1846/2157 2600/1848/2158 2564/1769/2122 2563/1816/2121
f 2600/1848/2158 2601/1817/2159 2565/1770/2123 2564/1769/2122
f 2601/1817/2159 2602/1849/2160 2566/1772/2124 2565/1770/2123
f 2602/1849/2160 2603/1853/2161 2567/1773/2125 2566/1772/2124
f 2603/1853/2161 2604/1818/2162 2568/1774/2126 2567/1773/2125
f 2604/1818/2162 2605/1819/2163 2569/1775/2127 2568/1774/2126
f 2605/1819/2163 2606/1856/2164 2570/1820/2128 2569/1775/2127
f 2606/1856/2164 2607/1855/2165 2571/1777/2129 2570/1820/2128
f 2607/1855/2165 2608/1821/2166 2572/1779/2130 2571/1777/2129
f 2608/1821/2166 2609/1857/2167 2573/1822/2131 2572/1779/2130
f 2609/1857/2167 2610/1858/2168 2574/1780/2132 2573/1822/2131
f 2610/1858/2168 2611/1823/2169 2575/1824/2133 2574/1780/2132
f 2611/1823/2169 2612/1825/2170 2576/1783/2134 2575/1824/2133
f 2612/1825/2170 2577/1826/2136 2541/1827/2100 2576/1783/2134
f 2613/1828/2172 2614/1864/2171 2578/1788/2135 2577/1786/2136
f 2614/1864/2171 2615/1866/2173 2579/1829/2137 2578/1788/2135
f 2615/1866/2173 2616/1865/2174 2580/1791/2138 2579/1829/2137
f 2616/1865/2174 2617/1830/2175 2581/1792/2139 2580/1791/2138
f 2617/1830/2175 2618/1869/2176 2582/1831/2140 2581/1792/2139
f 2618/1869/2176 2619/1832/2177 2583/1796/2141 2582/1831/2140
f 2619/1832/2177 2620/1870/2178 2584/1833/2142 2583/1796/2141
f 2620/1870/2178 2621/1834/2179 2585/1798/2143 2584/1833/2142
f 2621/1834/2179 2622/1871/2180 2586/1835/2144 2585/1798/2143
f 2622/1871/2180 2623/1872/2181 2587/1800/2145 2586/1835/2144
f 2623/1872/2181 2624/1874/2182 2588/1802/2146 2587/1800/2145
f 2624/1874/2182 2625/1876/2183 2589/1836/2147 2588/1802/2146
f 2625/1876/2183 2626/1877/2184 2590/1804/2148 2589/1836/2147
f 2626/1877/2184 2627/1837/2185 2591/1806/2149 2590/1804/2148
f 2627/1837/2185 2628/1880/2186 2592/1808/2150 2591/1806/2149
f 2628/1880/2186 2629/1838/2187 2593/1841/2151 2592/1808/2150
f 2629/1838/2187 2630/1839/2188 2594/1840/2152 2593/1841/2151
f 2630/1839/2188 2631/1842/2189 2595/1811/2153 2594/1840/2152
f 2631/1842/2189 2632/1884/2190 2596/1812/2154 2595/1811/2153
f 2632/1884/2190 2633/1843/2191 2597/1844/2155 2596/1812/2154
f 2633/1843/2191 2634/1885/2192 2598/1845/2156 2597/1844/2155
f 2634/1885/2192 2635/1886/2193 2599/1846/2157 2598/1845/2156
f 2635/1886/2193 2636/1847/2194 2600/1848/2158 2599/1846/2157
f 2636/1847/2194 2637/1888/2195 2601/1817/2159 2600/1848/2158
f 2637/1888/2195 2638/1850/2196 2602/1849/2160 2601/1817/2159
f 2638/1850/2196 2639/1851/2197 2603/1853/2161 2602/1849/2160
f 2639/1851/2197 2640/1852/2198 2604/1818/2162 2603/1853/2161
f 2640/1852/2198 2641/1893/2199 2605/1819/2163 2604/1818/2162
f 2641/1893/2199 2642/1854/2200 2606/1856/2164 2605/1819/2163
f 2642/1854/2200 2643/1898/2201 2607/1855/2165 2606/1856/2164
f 2643/1898/2201 2644/1897/2202 2608/1821/2166 2607/1855/2165
f 2644/1897/2202 2645/1899/2203 2609/1857/2167 2608/1821/2166
f 2645/1899/2203 2646/1859/2204 2610/1858/2168 2609/1857/2167
f 2646/1859/2204 2647/1860/2205 2611/1823/2169 2610/1858/2168
f 2647/1860/2205 2648/1861/2206 2612/1825/2170 2611/1823/2169
f 2648/1861/2206 2613/1862/2172 2577/1826/2136 2612/1825/2170
f 2649/1863/2208 2650/1905/2207 2614/1864/2171 2613/1828/2172
f 2650/1905/2207 2651/1907/2209 2615/1866/2173 2614/1864/2171
f 2651/1907/2209 2652/1867/2210 2616/1865/2174 2615/1866/2173
f 2652/1867/2210 2653/1868/2211 2617/1830/2175 2616/1865/2174
f 2653/1868/2211 2654/1909/2212 2618/1869/2176 2617/1830/2175
f 2654/1909/2212 2655/1910/2213 2619/1832/2177 2618/1869/2176
f 2655/1910/2213 2656/1911/2214 2620/1870/2178 2619/1832/2177
f 2656/1911/2214 2657/1913/2215 2621/1834/2179 2620/1870/2178
f 2657/1913/2215 2658/1915/2216 2622/1871/2180 2621/1834/2179
f 2658/1915/2216 2659/1916/2217 2623/1872/2181 2622/1871/2180
f 2659/1916/2217 2660/1873/2218 2624/1874/2182 2623/1872/2181
f 2660/1873/2218 2661/1875/2219 2625/1876/2183 2624/1874/2182
f 2661/1875/2219 2662/1920/2220 2626/1877/2184 2625/1876/2183
f 2662/1920/2220 2663/1878/2221 2627/1837/2185 2626/1877/2184
f 2663/1878/2221 2664/1879/2222 2628/1880/2186 2627/1837/2185
f 2664/1879/2222 2665/1881/2223 2629/1838/2187 2628/1880/2186
f 2665/1881/2223 2666/1923/2224 2630/1839/2188 2629/1838/2187
f 2666/1923/2224 2667/1922/2225 2631/1842/2189 2630/1839/2188
f 2667/1922/2225 2668/1882/2226 2632/1884/2190 2631/1842/2189
f 2668/1882/2226 2669/1883/2227 2633/1843/2191 2632/1884/2190
f 2669/1883/2227 2670/1926/2228 2634/1885/2192 2633/1843/2191
f 2670/1926/2228 2671/1887/2229 2635/1886/2193 2634/1885/2192
f 2671/1887/2229 2672/1928/2230 2636/1847/2194 2635/1886/2193
f 2672/1928/2230 2673/1929/2231 2637/1888/2195 2636/1847/2194
f 2673/1929/2231 2674/1889/2232 2638/1850/2196 2637/1888/2195
f 2674/1889/2232 2675/1890/2233 2639/1851/2197 2638/1850/2196
f 2675/1890/2233 2676/1891/2234 2640/1852/2198 2639/1851/2197
f 2676/1891/2234 2677/1892/2235 2641/1893/2199 2640/1852/2198
f 2677/1892/2235 2678/1894/2236 2642/1854/2200 2641/1893/2199
f 2678/1894/2236 2679/1895/2237 2643/1898/2201 2642/1854/2200
f 2679/1895/2237 2680/1896/2238 2644/1897/2202 2643/1898/2201
f 2680/1896/2238 2681/1932/2239 2645/1899/2203 2644/1897/2202
f 2681/1932/2239 2682/1933/2240 2646/1859/2204 2645/1899/2203
f 2682/1933/2240 2683/1900/2241 2647/1860/2205 2646/1859/2204
f 2683/1900/2241 2684/1901/2242 2648/1861/2206 2647/1860/2205
f 2684/1901/2242 2649/1902/2208 2613/1862/2172 2648/1861/2206
f 2685/1903/2244 2686/1904/2243 2650/1905/2207 2649/1863/2208
f 2686/1904/2243 2687/1906/2245 2651/1907/2209 2650/1905/2207
f 2687/1906/2245 2688/1908/2246 2652/1867/2210 2651/1907/2209
f 2688/1908/2246 2689/1941/2247 2653/1868/2211 2652/1867/2210
f 2689/1941/2247 2690/1940/2248 2654/1909/2212 2653/1868/2211
f 2690/1940/2248 2691/1943/2249 2655/1910/2213 2654/1909/2212
f 2691/1943/2249 2692/1944/2250 2656/1911/2214 2655/1910/2213
f 2692/1944/2250 2693/1912/2251 2657/1913/2215 2656/1911/2214
f 2693/1912/2251 2694/1914/2252 2658/1915/2216 2657/1913/2215
f 2694/1914/2252 2695/1947/2253 2659/1916/2217 2658/1915/2216
f 2695/1947/2253 2696/1948/2254 2660/1873/2218 2659/1916/2217
f 2696/1948/2254 2697/1917/2255 2661/1875/2219 2660/1873/2218
f 2697/1917/2255 2698/1918/2256 2662/1920/2220 2661/1875/2219
f 2698/1918/2256 2699/1919/2257 2663/1878/2221 2662/1920/2220
f 2699/1919/2257 2700/1921/2258 2664/1879/2222 2663/1878/2221
f 2700/1921/2258 2701/1951/2259 2665/1881/2223 2664/1879/2222
f 2701/1951/2259 2702/1954/2260 2666/1923/2224 2665/1881/2223
f 2702/1954/2260 2703/1956/2261 2667/1922/2225 2666/1923/2224
f 2703/1956/2261 2704/1924/2262 2668/1882/2226 2667/1922/2225
f 2704/1924/2262 2705/1925/2263 2669/1883/2227 2668/1882/2226
f 2705/1925/2263 2706/1959/2264 2670/1926/2228 2669/1883/2227
f 2706/1959/2264 2707/1927/2265 2671/1887/2229 2670/1926/2228
f 2707/1927/2265 2708/1960/2266 2672/1928/2230 2671/1887/2229
f 2708/1960/2266 2709/1930/2267 2673/1929/2231 2672/1928/2230
f 2709/1930/2267 2710/1961/2268 2674/1889/2232 2673/1929/2231
f 2710/1961/2268 2711/1931/2269 2675/1890/2233 2674/1889/2232
f 2711/1931/2269 2712/1965/2270 2676/1891/2234 2675/1890/2233
f 2712/1965/2270 2713/1964/2271 2677/1892/2235 2676/1891/2234
f 2713/1964/2271 2714/1969/2272 2678/1894/2236 2677/1892/2235
f 2714/1969/2272 2715/1968/2273 2679/1895/2237 2678/1894/2236
f 2715/1968/2273 2716/1972/2274 2680/1896/2238 2679/1895/2237
f 2716/1972/2274 2717/1973/2275 2681/1932/2239 2680/1896/2238
f 2717/1973/2275 2718/1934/2276 2682/1933/2240 2681/1932/2239
f 2718/1934/2276 2719/1935/2277 2683/1900/2241 2682/1933/2240
f 2719/1935/2277 2720/1977/2278 2684/1901/2242 2683/1900/2241
f 2720/1977/2278 2685/1976/2244 2649/1902/2208 2684/1901/2242
f 2721/1936/2280 2722/1979/2279 2686/1904/2243 2685/1903/2244
f 2722/1979/2279 2723/1937/2281 2687/1906/2245 2686/1904/2243
f 2723/1937/2281 2724/1938/2282 2688/1908/2246 2687/1906/2245
f 2724/1938/2282 2725/1939/2283 2689/1941/2247 2688/1908/2246
f 2725/1939/2283 2726/1980/2284 2690/1940/2248 2689/1941/2247
f 2726/1980/2284 2727/1942/2285 2691/1943/2249 2690/1940/2248
f 2727/1942/2285 2728/1982/2286 2692/1944/2250 2691/1943/2249
f 2728/1982/2286 2729/1945/2287 2693/1912/2251 2692/1944/2250
f 2729/1945/2287 2730/1984/2288 2694/1914/2252 2693/1912/2251
f 2730/1984/2288 2731/1946/2289 2695/1947/2253 2694/1914/2252
f 2731/1946/2289 2732/1986/2290 2696/1948/2254 2695/1947/2253
f 2732/1986/2290 2733/1949/2291 2697/1917/2255 2696/1948/2254
f 2733/1949/2291 2734/1988/2292 2698/1918/2256 2697/1917/2255
f 2734/1988/2292 2735/1989/2293 2699/1919/2257 2698/1918/2256
f 2735/1989/2293 2736/1950/2294 2700/1921/2258 2699/1919/2257
f 2736/1950/2294 2737/1952/2295 2701/1951/2259 2700/1921/2258
f 2737/1952/2295 2738/1953/2296 2702/1954/2260 2701/1951/2259
f 2738/1953/2296 2739/1955/2297 2703/1956/2261 2702/1954/2260
f 2739/1955/2297 2740/1957/2298 2704/1924/2262 2703/1956/2261
f 2740/1957/2298 2741/1958/2299 2705/1925/2263 2704/1924/2262
f 2741/1958/2299 2742/1993/2300 2706/1959/2264 2705/1925/2263
f 2742/1993/2300 2743/1992/2301 2707/1927/2265 2706/1959/2264
f 2743/1992/2301 2744/1995/2302 2708/1960/2266 2707/1927/2265
f 2744/1995/2302 2745/1998/2303 2709/1930/2267 2708/1960/2266
f 2745/1998/2303 2746/1999/2304 2710/1961/2268 2709/1930/2267
f 2746/1999/2304 2747/2000/2305 2711/1931/2269 2710/1961/2268
f 2747/2000/2305 2748/1962/2306 2712/1965/2270 2711/1931/2269
f 2748/1962/2306 2749/1963/2307 2713/1964/2271 2712/1965/2270
f 2749/1963/2307 2750/1966/2308 2714/1969/2272 2713/1964/2271
f 2750/1966/2308 2751/1967/2309 2715/1968/2273 2714/1969/2272
f 2751/1967/2309 2752/1970/2310 2716/1972/2274 2715/1968/2273
f 2752/1970/2310 2753/1971/2311 2717/1973/2275 2716/1972/2274
f 2753/1971/2311 2754/2004/2312 2718/1934/2276 2717/1973/2275
f 2754/2004/2312 2755/2006/2313 2719/1935/2277 2718/1934/2276
f 2755/2006/2313 2756/1974/2314 2720/1977/2278 2719/1935/2277
f 2756/1974/2314 2721/1975/2280 2685/1976/2244 2720/1977/2278
f 2757/2008/2316 2758/1978/2315 2722/1979/2279 2721/1936/2280
f 2758/1978/2315 2759/2010/2317 2723/1937/2281 2722/1979/2279
f 2759/2010/2317 2760/2014/2318 2724/1938/2282 2723/1937/2281
f 2760/2014/2318 2761/2013/2319 2725/1939/2283 2724/1938/2282
f 2761/2013/2319 2762/1981/2320 2726/1980/2284 2725/1939/2283
f 2762/1981/2320 2763/2015/2321 2727/1942/2285 2726/1980/2284
f 2763/2015/2321 2764/2016/2322 2728/1982/2286 2727/1942/2285
f 2764/2016/2322 2765/2017/2323 2729/1945/2287 2728/1982/2286
f 2765/2017/2323 2766/1983/2324 2730/1984/2288 2729/1945/2287
f 2766/1983/2324 2767/2020/2325 2731/1946/2289 2730/1984/2288
f 2767/2020/2325 2768/1985/2326 2732/1986/2290 2731/1946/2289
f 2768/1985/2326 2769/1987/2327 2733/1949/2291 2732/1986/2290
f 2769/1987/2327 2770/2023/2328 2734/1988/2292 2733/1949/2291
f 2770/2023/2328 2771/2022/2329 2735/1989/2293 2734/1988/2292
f 2771/2022/2329 2772/2026/2330 2736/1950/2294 2735/1989/2293
f 2772/2026/2330 2773/1990/2331 2737/1952/2295 2736/1950/2294
f 2773/1990/2331 2774/2027/2332 2738/1953/2296 2737/1952/2295
f 2774/2027/2332 2775/2029/2333 2739/1955/2297 2738/1953/2296
f 2775/2029/2333 2776/2030/2334 2740/1957/2298 2739/1955/2297
f 2776/2030/2334 2777/2031/2335 2741/1958/2299 2740/1957/2298
f 2777/2031/2335 2778/1991/2336 2742/1993/2300 2741/1958/2299
f 2778/1991/2336 2779/2032/2337 2743/1992/2301 2742/1993/2300
f 2779/2032/2337 2780/1994/2338 2744/1995/2302 2743/1992/2301
f 2780/1994/2338 2781/1996/2339 2745/1998/2303 2744/1995/2302
f 2781/1996/2339 2782/1997/2340 2746/1999/2304 2745/1998/2303
f 2782/1997/2340 2783/2035/2341 2747/2000/2305 2746/1999/2304
f 2783/2035/2341 2784/2001/2342 2748/1962/2306 2747/2000/2305
f 2784/2001/2342 2785/2036/2343 2749/1963/2307 2748/1962/2306
f 2785/2036/2343 2786/2039/2344 2750/1966/2308 2749/1963/2307
f 2786/2039/2344 2787/2041/2345 2751/1967/2309 2750/1966/2308
f 2787/2041/2345 2788/2002/2346 2752/1970/2310 2751/1967/2309
f 2788/2002/2346 2789/2003/2347 2753/1971/2311 2752/1970/2310
f 2789/2003/2347 2790/2005/2348 2754/2004/2312 2753/1971/2311
f 2790/2005/2348 2791/2045/2349 2755/2006/2313 2754/2004/2312
f 2791/2045/2349 2792/2044/2350 2756/1974/2314 2755/2006/2313
f 2792/2044/2350 2757/2007/2316 2721/1975/2280 2756/1974/2314
f 2793/2047/2352 2794/2046/2351 2758/1978/2315 2757/2008/2316
f 2794/2046/2351 2795/2009/2353 2759/2010/2317 2758/1978/2315
f 2795/2009/2353 2796/2011/2354 2760/2014/2318 2759/2010/2317
f 2796/2011/2354 2797/2012/2355 2761/2013/2319 2760/2014/2318
f 2797/2012/2355 2798/2049/2356 2762/1981/2320 2761/2013/2319
f 2798/2049/2356 2799/2052/2357 2763/2015/2321 2762/1981/2320
f 2799/2052/2357 2800/2051/2358 2764/2016/2322 2763/2015/2321
f 2800/2051/2358 2801/2054/2359 2765/2017/2323 2764/2016/2322
f 2801/2054/2359 2802/2018/2360 2766/1983/2324 2765/2017/2323
f 2802/2018/2360 2803/2019/2361 2767/2020/2325 2766/1983/2324
f 2803/2019/2361 2804/2057/2362 2768/1985/2326 2767/2020/2325
f 2804/2057/2362 2805/2021/2363 2769/1987/2327 2768/1985/2326
f 2805/2021/2363 2806/2061/2364 2770/2023/2328 2769/1987/2327
f 2806/2061/2364 2807/2024/2365 2771/2022/2329 2770/2023/2328
f 2807/2024/2365 2808/2025/2366 2772/2026/2330 2771/2022/2329
f 2808/2025/2366 2809/2063/2367 2773/1990/2331 2772/2026/2330
f 2809/2063/2367 2810/2062/2368 2774/2027/2332 2773/1990/2331
f 2810/2062/2368 2811/2028/2369 2775/2029/2333 2774/2027/2332
f 2811/2028/2369 2812/2066/2370 2776/2030/2334 2775/2029/2333
f 2812/2066/2370 2813/2065/2371 2777/2031/2335 2776/2030/2334
f 2813/2065/2371 2814/2068/2372 2778/1991/2336 2777/2031/2335
f 2814/2068/2372 2815/2033/2373 2779/2032/2337 2778/1991/2336
f 2815/2033/2373 2816/2070/2374 2780/1994/2338 2779/2032/2337
f 2816/2070/2374 2817/2071/2375 2781/1996/2339 2780/1994/2338
f 2817/2071/2375 2818/2034/2376 2782/1997/2340 2781/1996/2339
f 2818/2034/2376 2819/2072/2377 2783/2035/2341 2782/1997/2340
f 2819/2072/2377 2820/2074/2378 2784/2001/2342 2783/2035/2341
f 2820/2074/2378 2821/2037/2379 2785/2036/2343 2784/2001/2342
f 2821/2037/2379 2822/2038/2380 2786/2039/2344 2785/2036/2343
f 2822/2038/2380 2823/2040/2381 2787/2041/2345 2786/2039/2344
f 2823/2040/2381 2824/2076/2382 2788/2002/2346 2787/2041/2345
f 2824/2076/2382 2825/2042/2383 2789/2003/2347 2788/2002/2346
f 2825/2042/2383 2826/2078/2384 2790/2005/2348 2789/2003/2347
f 2826/2078/2384 2827/2043/2385 2791/2045/2349 2790/2005/2348
f 2827/2043/2385 2828/2082/2386 2792/2044/2350 2791/2045/2349
f 2828/2082/2386 2793/2081/2352 2757/2007/2316 2792/2044/2350
f 2829/2083/2388 2830/2086/2387 2794/2046/2351 2793/2047/2352
f 2830/2086/2387 2831/2085/2389 2795/2009/2353 2794/2046/2351
f 2831/2085/2389 2832/2088/2390 2796/2011/2354 2795/2009/2353
f 2832/2088/2390 2833/2048/2391 2797/2012/2355 2796/2011/2354
f 2833/2048/2391 2834/2050/2392 2798/2049/2356 2797/2012/2355
f 2834/2050/2392 2835/2093/2393 2799/2052/2357 2798/2049/2356
f 2835/2093/2393 2836/2092/2394 2800/2051/2358 2799/2052/2357
f 2836/2092/2394 2837/2053/2395 2801/2054/2359 2800/2051/2358
f 2837/2053/2395 2838/2055/2396 2802/2018/2360 2801/2054/2359
f 2838/2055/2396 2839/2056/2397 2803/2019/2361 2802/2018/2360
f 2839/2056/2397 2840/2096/2398 2804/2057/2362 2803/2019/2361
f 2840/2096/2398 2841/2058/2399 2805/2021/2363 2804/2057/2362
f 2841/2058/2399 2842/2059/2400 2806/2061/2364 2805/2021/2363
f 2842/2059/2400 2843/2060/2401 2807/2024/2365 2806/2061/2364
f 2843/2060/2401 2844/2099/2402 2808/2025/2366 2807/2024/2365
f 2844/2099/2402 2845/2100/2403 2809/2063/2367 2808/2025/2366
f 2845/2100/2403 2846/2103/2404 2810/2062/2368 2809/2063/2367
f 2846/2103/2404 2847/2102/2405 2811/2028/2369 2810/2062/2368
f 2847/2102/2405 2848/2064/2406 2812/2066/2370 2811/2028/2369
f 2848/2064/2406 2849/2067/2407 2813/2065/2371 2812/2066/2370
f 2849/2067/2407 2850/2105/2408 2814/2068/2372 2813/2065/2371
f 2850/2105/2408 2851/2107/2409 2815/2033/2373 2814/2068/2372
f 2851/2107/2409 2852/2069/2410 2816/2070/2374 2815/2033/2373
f 2852/2069/2410 2853/2109/2411 2817/2071/2375 2816/2070/2374
f 2853/2109/2411 2854/2111/2412 2818/2034/2376 2817/2071/2375
f 2854/2111/2412 2855/2113/2413 2819/2072/2377 2818/2034/2376
f 2855/2113/2413 2856/2114/2414 2820/2074/2378 2819/2072/2377
f 2856/2114/2414 2857/2073/2415 2821/2037/2379 2820/2074/2378
f 2857/2073/2415 2858/2115/2416 2822/2038/2380 2821/2037/2379
f 2858/2115/2416 2859/2075/2417 2823/2040/2381 2822/2038/2380
f 2859/2075/2417 2860/2117/2418 2824/2076/2382 2823/2040/2381
f 2860/2117/2418 2861/2077/2419 2825/2042/2383 2824/2076/2382
f 2861/2077/2419 2862/2079/2420 2826/2078/2384 2825/2042/2383
f 2862/2079/2420 2863/2080/2421 2827/2043/2385 2826/2078/2384
f 2863/2080/2421 2864/2123/2422 2828/2082/2386 2827/2043/2385
f 2864/2123/2422 2829/2122/2388 2793/2081/2352 2828/2082/2386
f 2865/2124/2424 2866/2084/2423 2830/2086/2387 2829/2083/2388
f 2866/2084/2423 2867/2125/2425 2831/2085/2389 2830/2086/2387
f 2867/2125/2425 2868/2087/2426 2832/2088/2390 2831/2085/2389
f 2868/2087/2426 2869/2089/2427 2833/2048/2391 2832/2088/2390
f 2869/2089/2427 2870/2090/2428 2834/2050/2392 2833/2048/2391
f 2870/2090/2428 2871/2091/2429 2835/2093/2393 2834/2050/2392
f 2871/2091/2429 2872/2130/2430 2836/2092/2394 2835/2093/2393
f 2872/2130/2430 2873/2131/2431 2837/2053/2395 2836/2092/2394
f 2873/2131/2431 2874/2094/2432 2838/2055/2396 2837/2053/2395
f 2874/2094/2432 2875/2095/2433 2839/2056/2397 2838/2055/2396
f 2875/2095/2433 2876/2133/2434 2840/2096/2398 2839/2056/2397
f 2876/2133/2434 2877/2097/2435 2841/2058/2399 2840/2096/2398
f 2877/2097/2435 2878/2098/2436 2842/2059/2400 2841/2058/2399
f 2878/2098/2436 2879/2138/2437 2843/2060/2401 2842/2059/2400
f 2879/2138/2437 2880/2137/2438 2844/2099/2402 2843/2060/2401
f 2880/2137/2438 2881/2140/2439 2845/2100/2403 2844/2099/2402
f 2881/2140/2439 2882/2101/2440 2846/2103/2404 2845/2100/2403
f 2882/2101/2440 2883/2143/2441 2847/2102/2405 2846/2103/2404
f 2883/2143/2441 2884/2142/2442 2848/2064/2406 2847/2102/2405
f 2884/2142/2442 2885/2104/2443 2849/2067/2407 2848/2064/2406
f 2885/2104/2443 2886/2147/2444 2850/2105/2408 2849/2067/2407
f 2886/2147/2444 2887/2146/2445 2851/2107/2409 2850/2105/2408
f 2887/2146/2445 2888/2106/2446 2852/2069/2410 2851/2107/2409
f 2888/2106/2446 2889/2108/2447 2853/2109/2411 2852/2069/2410
f 2889/2108/2447 2890/2150/2448 2854/2111/2412 2853/2109/2411
f 2890/2150/2448 2891/2110/2449 2855/2113/2413 2854/2111/2412
f 2891/2110/2449 2892/2112/2450 2856/2114/2414 2855/2113/2413
f 2892/2112/2450 2893/2153/2451 2857/2073/2415 2856/2114/2414
f 2893/2153/2451 2894/2154/2452 2858/2115/2416 2857/2073/2415
f 2894/2154/2452 2895/2116/2453 2859/2075/2417 2858/2115/2416
f 2895/2116/2453 2896/2155/2454 2860/2117/2418 2859/2075/2417
f 2896/2155/2454 2897/2118/2455 2861/2077/2419 2860/2117/2418
f 2897/2118/2455 2898/2119/2456 2862/2079/2420 2861/2077/2419
f 2898/2119/2456 2899/2158/2457 2863/2080/2421 2862/2079/2420
f 2899/2158/2457 2900/2120/2458 2864/2123/2422 2863/2080/2421
f 2900/2120/2458 2865/2121/2424 2829/2122/2388 2864/2123/2422
f 2901/2160/2460 2902/2163/2459 2866/2084/2423 2865/2124/2424
f 2902/2163/2459 2903/2162/2461 2867/2125/2425 2866/2084/2423
f 2903/2162/2461 2904/2126/2462 2868/2087/2426 2867/2125/2425
f 2904/2126/2462 2905/2166/2463 2869/2089/2427 2868/2087/2426
f 2905/2166/2463 2906/2127/2464 2870/2090/2428 2869/2089/2427
f 2906/2127/2464 2907/2128/2465 2871/2091/2429 2870/2090/2428
f 2907/2128/2465 2908/2168/2466 2872/2130/2430 2871/2091/2429
f 2908/2168/2466 2909/2129/2467 2873/2131/2431 2872/2130/2430
f 2909/2129/2467 2910/2171/2468 2874/2094/2432 2873/2131/2431
f 2910/2171/2468 2911/2132/2469 2875/2095/2433 2874/2094/2432
f 2911/2132/2469 2912/2173/2470 2876/2133/2434 2875/2095/2433
f 2912/2173/2470 2913/2134/2471 2877/2097/2435 2876/2133/2434
f 2913/2134/2471 2914/2135/2472 2878/2098/2436 2877/2097/2435
f 2914/2135/2472 2915/2136/2473 2879/2138/2437 2878/2098/2436
f 2915/2136/2473 2916/2174/2474 2880/2137/2438 2879/2138/2437
f 2916/2174/2474 2917/2139/2475 2881/2140/2439 2880/2137/2438
f 2917/2139/2475 2918/2176/2476 2882/2101/2440 2881/2140/2439
f 2918/2176/2476 2919/2177/2477 2883/2143/2441 2882/2101/2440
f 2919/2177/2477 2920/2141/2478 2884/2142/2442 2883/2143/2441
f 2920/2141/2478 2921/2144/2479 2885/2104/2443 2884/2142/2442
f 2921/2144/2479 2922/2179/2480 2886/2147/2444 2885/2104/2443
f 2922/2179/2480 2923/2145/2481 2887/2146/2445 2886/2147/2444
f 2923/2145/2481 2924/2148/2482 2888/2106/2446 2887/2146/2445
f 2924/2148/2482 2925/2149/2483 2889/2108/2447 2888/2106/2446
f 2925/2149/2483 2926/2181/2484 2890/2150/2448 2889/2108/2447
f 2926/2181/2484 2927/2183/2485 2891/2110/2449 2890/2150/2448
f 2927/2183/2485 2928/2151/2486 2892/2112/2450 2891/2110/2449
f 2928/2151/2486 2929/2152/2487 2893/2153/2451 2892/2112/2450
f 2929/2152/2487 2930/2184/2488 2894/2154/2452 2893/2153/2451
f 2930/2184/2488 2931/2186/2489 2895/2116/2453 2894/2154/2452
f 2931/2186/2489 2932/2187/2490 2896/2155/2454 2895/2116/2453
f 2932/2187/2490 2933/2156/2491 2897/2118/2455 2896/2155/2454
f 2933/2156/2491 2934/2189/2492 2898/2119/2456 2897/2118/2455
f 2934/2189/2492 2935/2157/2493 2899/2158/2457 2898/2119/2456
f 2935/2157/2493 2936/2192/2494 2900/2120/2458 2899/2158/2457
f 2936/2192/2494 2901/2191/2460 2865/2121/2424 2900/2120/2458
f 2937/2159/2496 2938/2161/2495 2902/2163/2459 2901/2160/2460
f 2938/2161/2495 2939/2164/2497 2903/2162/2461 2902/2163/2459
f 2939/2164/2497 2940/2165/2498 2904/2126/2462 2903/2162/2461
f 2940/2165/2498 2941/2194/2499 2905/2166/2463 2904/2126/2462
f 2941/2194/2499 2942/2195/2500 2906/2127/2464 2905/2166/2463
f 2942/2195/2500 2943/2167/2501 2907/2128/2465 2906/2127/2464
f 2943/2167/2501 2944/2197/2502 2908/2168/2466 2907/2128/2465
f 2944/2197/2502 2945/2169/2503 2909/2129/2467 2908/2168/2466
f 2945/2169/2503 2946/2170/2504 2910/2171/2468 2909/2129/2467
f 2946/2170/2504 2947/2172/2505 2911/2132/2469 2910/2171/2468
f 2947/2172/2505 2948/2198/2506 2912/2173/2470 2911/2132/2469
f 2948/2198/2506 2949/2200/2507 2913/2134/2471 2912/2173/2470
f 2949/2200/2507 2950/2199/2508 2914/2135/2472 2913/2134/2471
f 2950/2199/2508 2951/2202/2509 2915/2136/2473 2914/2135/2472
f 2951/2202/2509 2952/2205/2510 2916/2174/2474 2915/2136/2473
f 2952/2205/2510 2953/2206/2511 2917/2139/2475 2916/2174/2474
f 2953/2206/2511 2954/2175/2512 2918/2176/2476 2917/2139/2475
f 2954/2175/2512 2955/2208/2513 2919/2177/2477 2918/2176/2476
f 2955/2208/2513 2956/2207/2514 2920/2141/2478 2919/2177/2477
f 2956/2207/2514 2957/2178/2515 2921/2144/2479 2920/2141/2478
f 2957/2178/2515 2958/2211/2516 2922/2179/2480 2921/2144/2479
f 2958/2211/2516 2959/2180/2517 2923/2145/2481 2922/2179/2480
f 2959/2180/2517 2960/2215/2518 2924/2148/2482 2923/2145/2481
f 2960/2215/2518 2961/2214/2519 2925/2149/2483 2924/2148/2482
f 2961/2214/2519 2962/2217/2520 2926/2181/2484 2925/2149/2483
f 2962/2217/2520 2963/2182/2521 2927/2183/2485 2926/2181/2484
f 2963/2182/2521 2964/2218/2522 2928/2151/2486 2927/2183/2485
f 2964/2218/2522 2965/2219/2523 2929/2152/2487 2928/2151/2486
f 2965/2219/2523 2966/2220/2524 2930/2184/2488 2929/2152/2487
f 2966/2220/2524 2967/2185/2525 2931/2186/2489 2930/2184/2488
f 2967/2185/2525 2968/2221/2526 2932/2187/2490 2931/2186/2489
f 2968/2221/2526 2969/2223/2527 2933/2156/2491 2932/2187/2490
f 2969/2223/2527 2970/2225/2528 2934/2189/2492 2933/2156/2491
f 2970/2225/2528 2971/2188/2529 2935/2157/2493 2934/2189/2492
f 2971/2188/2529 2972/2227/2530 2936/2192/2494 2935/2157/2493
f 2972/2227/2530 2937/2190/2496 2901/2191/2460 2936/2192/2494
f 2973/2230/2532 2974/2229/2531 2938/2161/2495 2937/2159/2496
f 2974/2229/2531 2975/2233/2533 2939/2164/2497 2938/2161/2495
f 2975/2233/2533 2976/2193/2534 2940/2165/2498 2939/2164/2497
f 2976/2193/2534 2977/2234/2535 2941/2194/2499 2940/2165/2498
f 2977/2234/2535 2978/2235/2536 2942/2195/2500 2941/2194/2499
f 2978/2235/2536 2979/2238/2537 2943/2167/2501 2942/2195/2500
f 2979/2238/2537 2980/2196/2538 2944/2197/2502 2943/2167/2501
f 2980/2196/2538 2981/2240/2539 2945/2169/2503 2944/2197/2502
f 2981/2240/2539 2982/2242/2540 2946/2170/2504 2945/2169/2503
f 2982/2242/2540 2983/2243/2541 2947/2172/2505 2946/2170/2504
f 2983/2243/2541 2984/2245/2542 2948/2198/2506 2947/2172/2505
f 2984/2245/2542 2985/2246/2543 2949/2200/2507 2948/2198/2506
f 2985/2246/2543 2986/2248/2544 2950/2199/2508 2949/2200/2507
f 2986/2248/2544 2987/2201/2545 2951/2202/2509 2950/2199/2508
f 2987/2201/2545 2988/2203/2546 2952/2205/2510 2951/2202/2509
f 2988/2203/2546 2989/2204/2547 2953/2206/2511 2952/2205/2510
f 2989/2204/2547 2990/2249/2548 2954/2175/2512 2953/2206/2511
f 2990/2249/2548 2991/2250/2549 2955/2208/2513 2954/2175/2512
f 2991/2250/2549 2992/2251/2550 2956/2207/2514 2955/2208/2513
f 2992/2251/2550 2993/2209/2551 2957/2178/2515 2956/2207/2514
f 2993/2209/2551 2994/2252/2552 2958/2211/2516 2957/2178/2515
f 2994/2252/2552 2995/2210/2553 2959/2180/2517 2958/2211/2516
f 2995/2210/2553 2996/2212/2554 2960/2215/2518 2959/2180/2517
f 2996/2212/2554 2997/2213/2555 2961/2214/2519 2960/2215/2518
f 2997/2213/2555 2998/2216/2556 2962/2217/2520 2961/2214/2519
f 2998/2216/2556 2999/2257/2557 2963/2182/2521 2962/2217/2520
f 2999/2257/2557 3000/2258/2558 2964/2218/2522 2963/2182/2521
f 3000/2258/2558 3001/2259/2559 2965/2219/2523 2964/2218/2522
f 3001/2259/2559 3002/2262/2560 2966/2220/2524 2965/2219/2523
f 3002/2262/2560 3003/2261/2561 2967/2185/2525 2966/2220/2524
f 3003/2261/2561 3004/2222/2562 2968/2221/2526 2967/2185/2525
f 3004/2222/2562 3005/2224/2563 2969/2223/2527 2968/2221/2526
f 3005/2224/2563 3006/2264/2564 2970/2225/2528 2969/2223/2527
f 3006/2264/2564 3007/2226/2565 2971/2188/2529 2970/2225/2528
f 3007/2226/2565 3008/2266/2566 2972/2227/2530 2971/2188/2529
f 3008/2266/2566 2973/2269/2532 2937/2190/2496 2972/2227/2530
f 3009/2228/2568 3010/2231/2567 2974/2229/2531 2973/2230/2532
f 3010/2231/2567 3011/2232/2569 2975/2233/2533 2974/2229/2531
f 3011/2232/2569 3012/2271/2570 2976/2193/2534 2975/2233/2533
f 3012/2271/2570 3013/2272/2571 2977/2234/2535 2976/2193/2534
f 3013/2272/2571 3014/2236/2572 2978/2235/2536 2977/2234/2535
f 3014/2236/2572 3015/2237/2573 2979/2238/2537 2978/2235/2536
f 3015/2237/2573 3016/2239/2574 2980/2196/2538 2979/2238/2537
f 3016/2239/2574 3017/2241/2575 2981/2240/2539 2980/2196/2538
f 3017/2241/2575 3018/2274/2576 2982/2242/2540 2981/2240/2539
f 3018/2274/2576 3019/2244/2577 2983/2243/2541 2982/2242/2540
f 3019/2244/2577 3020/2278/2578 2984/2245/2542 2983/2243/2541
f 3020/2278/2578 3021/2280/2579 2985/2246/2543 2984/2245/2542
f 3021/2280/2579 3022/2247/2580 2986/2248/2544 2985/2246/2543
f 3022/2247/2580 3023/2281/2581 2987/2201/2545 2986/2248/2544
f 3023/2281/2581 3024/2283/2582 2988/2203/2546 2987/2201/2545
f 3024/2283/2582 3025/2285/2583 2989/2204/2547 2988/2203/2546
f 3025/2285/2583 3026/2284/2584 2990/2249/2548 2989/2204/2547
f 3026/2284/2584 3027/2286/2585 2991/2250/2549 2990/2249/2548
f 3027/2286/2585 3028/2288/2586 2992/2251/2550 2991/2250/2549
f 3028/2288/2586 3029/2290/2587 2993/2209/2551 2992/2251/2550
f 3029/2290/2587 3030/2292/2588 2994/2252/2552 2993/2209/2551
f 3030/2292/2588 3031/2253/2589 2995/2210/2553 2994/2252/2552
f 3031/2253/2589 3032/2254/2590 2996/2212/2554 2995/2210/2553
f 3032/2254/2590 3033/2296/2591 2997/2213/2555 2996/2212/2554
f 3033/2296/2591 3034/2295/2592 2998/2216/2556 2997/2213/2555
f 3034/2295/2592 3035/2255/2593 2999/2257/2557 2998/2216/2556
f 3035/2255/2593 3036/2256/2594 3000/2258/2558 2999/2257/2557
f 3036/2256/2594 3037/2299/2595 3001/2259/2559 3000/2258/2558
f 3037/2299/2595 3038/2298/2596 3002/2262/2560 3001/2259/2559
f 3038/2298/2596 3039/2260/2597 3003/2261/2561 3002/2262/2560
f 3039/2260/2597 3040/2303/2598 3004/2222/2562 3003/2261/2561
f 3040/2303/2598 3041/2263/2599 3005/2224/2563 3004/2222/2562
f 3041/2263/2599 3042/2304/2600 3006/2264/2564 3005/2224/2563
f 3042/2304/2600 3043/2265/2601 3007/2226/2565 3006/2264/2564
f 3043/2265/2601 3044/2267/2602 3008/2266/2566 3007/2226/2565
f 3044/2267/2602 3009/2268/2568 2973/2269/2532 3008/2266/2566
f 3045/2270/2604 3046/2307/2603 3010/2231/2567 3009/2228/2568
f 3046/2307/2603 3047/2308/2605 3011/2232/2569 3010/2231/2567
f 3047/2308/2605 3048/2309/2606 3012/2271/2570 3011/2232/2569
f 3048/2309/2606 3049/2311/2607 3013/2272/2571 3012/2271/2570
f 3049/2311/2607 3050/2310/2608 3014/2236/2572 3013/2272/2571
f 3050/2310/2608 3051/2312/2609 3015/2237/2573 3014/2236/2572
f 3051/2312/2609 3052/2313/2610 3016/2239/2574 3015/2237/2573
f 3052/2313/2610 3053/2273/2611 3017/2241/2575 3016/2239/2574
f 3053/2273/2611 3054/2275/2612 3018/2274/2576 3017/2241/2575
f 3054/2275/2612 3055/2276/2613 3019/2244/2577 3018/2274/2576
f 3055/2276/2613 3056/2277/2614 3020/2278/2578 3019/2244/2577
f 3056/2277/2614 3057/2317/2615 3021/2280/2579 3020/2278/2578
f 3057/2317/2615 3058/2279/2616 3022/2247/2580 3021/2280/2579
f 3058/2279/2616 3059/2319/2617 3023/2281/2581 3022/2247/2580
f 3059/2319/2617 3060/2322/2618 3024/2283/2582 3023/2281/2581
f 3060/2322/2618 3061/2282/2619 3025/2285/2583 3024/2283/2582
f 3061/2282/2619 3062/2325/2620 3026/2284/2584 3025/2285/2583
f 3062/2325/2620 3063/2324/2621 3027/2286/2585 3026/2284/2584
f 3063/2324/2621 3064/2287/2622 3028/2288/2586 3027/2286/2585
f 3064/2287/2622 3065/2289/2623 3029/2290/2587 3028/2288/2586
f 3065/2289/2623 3066/2328/2624 3030/2292/2588 3029/2290/2587
f 3066/2328/2624 3067/2291/2625 3031/2253/2589 3030/2292/2588
f 3067/2291/2625 3068/2293/2626 3032/2254/2590 3031/2253/2589
f 3068/2293/2626 3069/2294/2627 3033/2296/2591 3032/2254/2590
f 3069/2294/2627 3070/2333/2628 3034/2295/2592 3033/2296/2591
f 3070/2333/2628 3071/2332/2629 3035/2255/2593 3034/2295/2592
f 3071/2332/2629 3072/2297/2630 3036/2256/2594 3035/2255/2593
f 3072/2297/2630 3073/2335/2631 3037/2299/2595 3036/2256/2594
f 3073/2335/2631 3074/2300/2632 3038/2298/2596 3037/2299/2595
f 3074/2300/2632 3075/2301/2633 3039/2260/2597 3038/2298/2596
f 3075/2301/2633 3076/2302/2634 3040/2303/2598 3039/2260/2597
f 3076/2302/2634 3077/2336/2635 3041/2263/2599 3040/2303/2598
f 3077/2336/2635 3078/2337/2636 3042/2304/2600 3041/2263/2599
f 3078/2337/2636 3079/2341/2637 3043/2265/2601 3042/2304/2600
f 3079/2341/2637 3080/2305/2638 3044/2267/2602 3043/2265/2601
f 3080/2305/2638 3045/2343/2604 3009/2268/2568 3044/2267/2602
f 3081/2306/2640 3082/2346/2639 3046/2307/2603 3045/2270/2604
f 3082/2346/2639 3083/2347/2641 3047/2308/2605 3046/2307/2603
f 3083/2347/2641 3084/2349/2642 3048/2309/2606 3047/2308/2605
f 3084/2349/2642 3085/2350/2643 3049/2311/2607 3048/2309/2606
f 3085/2350/2643 3086/2352/2644 3050/2310/2608 3049/2311/2607
f 3086/2352/2644 3087/2354/2645 3051/2312/2609 3050/2310/2608
f 3087/2354/2645 3088/2353/2646 3052/2313/2610 3051/2312/2609
f 3088/2353/2646 3089/2314/2647 3053/2273/2611 3052/2313/2610
f 3089/2314/2647 3090/2356/2648 3054/2275/2612 3053/2273/2611
f 3090/2356/2648 3091/2315/2649 3055/2276/2613 3054/2275/2612
f 3091/2315/2649 3092/2316/2650 3056/2277/2614 3055/2276/2613
f 3092/2316/2650 3093/2359/2651 3057/2317/2615 3056/2277/2614
f 3093/2359/2651 3094/2318/2652 3058/2279/2616 3057/2317/2615
f 3094/2318/2652 3095/2360/2653 3059/2319/2617 3058/2279/2616
f 3095/2360/2653 3096/2320/2654 3060/2322/2618 3059/2319/2617
f 3096/2320/2654 3097/2321/2655 3061/2282/2619 3060/2322/2618
f 3097/2321/2655 3098/2323/2656 3062/2325/2620 3061/2282/2619
f 3098/2323/2656 3099/2361/2657 3063/2324/2621 3062/2325/2620
f 3099/2361/2657 3100/2326/2658 3064/2287/2622 3063/2324/2621
f 3100/2326/2658 3101/2364/2659 3065/2289/2623 3064/2287/2622
f 3101/2364/2659 3102/2363/2660 3066/2328/2624 3065/2289/2623
f 3102/2363/2660 3103/2327/2661 3067/2291/2625 3066/2328/2624
f 3103/2327/2661 3104/2329/2662 3068/2293/2626 3067/2291/2625
f 3104/2329/2662 3105/2330/2663 3069/2294/2627 3068/2293/2626
f 3105/2330/2663 3106/2331/2664 3070/2333/2628 3069/2294/2627
f 3106/2331/2664 3107/2334/2665 3071/2332/2629 3070/2333/2628
f 3107/2334/2665 3108/2369/2666 3072/2297/2630 3071/2332/2629
f 3108/2369/2666 3109/2370/2667 3073/2335/2631 3072/2297/2630
f 3109/2370/2667 3110/2372/2668 3074/2300/2632 3073/2335/2631
f 3110/2372/2668 3111/2373/2669 3075/2301/2633 3074/2300/2632
f 3111/2373/2669 3112/2376/2670 3076/2302/2634 3075/2301/2633
f 3112/2376/2670 3113/2377/2671 3077/2336/2635 3076/2302/2634
f 3113/2377/2671 3114/2338/2672 3078/2337/2636 3077/2336/2635
f 3114/2338/2672 3115/2339/2673 3079/2341/2637 3078/2337/2636
f 3115/2339/2673 3116/2340/2674 3080/2305/2638 3079/2341/2637
f 3116/2340/2674 3081/2342/2640 3045/2343/2604 3080/2305/2638
f 3117/2344/2676 3118/2345/2675 3082/2346/2639 3081/2306/2640
f 3118/2345/2675 3119/2348/2677 3083/2347/2641 3082/2346/2639
f 3119/2348/2677 3120/2381/2678 3084/2349/2642 3083/2347/2641
f 3120/2381/2678 3121/2383/2679 3085/2350/2643 3084/2349/2642
f 3121/2383/2679 3122/2386/2680 3086/2352/2644 3085/2350/2643
f 3122/2386/2680 3123/2351/2681 3087/2354/2645 3086/2352/2644
f 3123/2351/2681 3124/2389/2682 3088/2353/2646 3087/2354/2645
f 3124/2389/2682 3125/2390/2683 3089/2314/2647 3088/2353/2646
f 3125/2390/2683 3126/2355/2684 3090/2356/2648 3089/2314/2647
f 3126/2355/2684 3127/2357/2685 3091/2315/2649 3090/2356/2648
f 3127/2357/2685 3128/2358/2686 3092/2316/2650 3091/2315/2649
f 3128/2358/2686 3129/2393/2687 3093/2359/2651 3092/2316/2650
f 3129/2393/2687 3130/2395/2688 3094/2318/2652 3093/2359/2651
f 3130/2395/2688 3131/2394/2689 3095/2360/2653 3094/2318/2652
f 3131/2394/2689 3132/2396/2690 3096/2320/2654 3095/2360/2653
f 3132/2396/2690 3133/2398/2691 3097/2321/2655 3096/2320/2654
f 3133/2398/2691 3134/2400/2692 3098/2323/2656 3097/2321/2655
f 3134/2400/2692 3135/2401/2693 3099/2361/2657 3098/2323/2656
f 3135/2401/2693 3136/2402/2694 3100/2326/2658 3099/2361/2657
f 3136/2402/2694 3137/2362/2695 3101/2364/2659 3100/2326/2658
f 3137/2362/2695 3138/2403/2696 3102/2363/2660 3101/2364/2659
f 3138/2403/2696 3139/2405/2697 3103/2327/2661 3102/2363/2660
f 3139/2405/2697 3140/2365/2698 3104/2329/2662 3103/2327/2661
f 3140/2365/2698 3141/2366/2699 3105/2330/2663 3104/2329/2662
f 3141/2366/2699 3142/2408/2700 3106/2331/2664 3105/2330/2663
f 3142/2408/2700 3143/2367/2701 3107/2334/2665 3106/2331/2664
f 3143/2367/2701 3144/2368/2702 3108/2369/2666 3107/2334/2665
f 3144/2368/2702 3145/2411/2703 3109/2370/2667 3108/2369/2666
f 3145/2411/2703 3146/2412/2704 3110/2372/2668 3109/2370/2667
f 3146/2412/2704 3147/2371/2705 3111/2373/2669 3110/2372/2668
f 3147/2371/2705 3148/2374/2706 3112/2376/2670 3111/2373/2669
f 3148/2374/2706 3149/2375/2707 3113/2377/2671 3112/2376/2670
f 3149/2375/2707 3150/2415/2708 3114/2338/2672 3113/2377/2671
f 3150/2415/2708 3151/2417/2709 3115/2339/2673 3114/2338/2672
f 3151/2417/2709 3152/2378/2710 3116/2340/2674 3115/2339/2673
f 3152/2378/2710 3117/2418/2676 3081/2342/2640 3116/2340/2674
f 3153/2379/2712 3154/2419/2711 3118/2345/2675 3117/2344/2676
f 3154/2419/2711 3155/2380/2713 3119/2348/2677 3118/2345/2675
f 3155/2380/2713 3156/2422/2714 3120/2381/2678 3119/2348/2677
f 3156/2422/2714 3157/2382/2715 3121/2383/2679 3120/2381/2678
f 3157/2382/2715 3158/2384/2716 3122/2386/2680 3121/2383/2679
f 3158/2384/2716 3159/2385/2717 3123/2351/2681 3122/2386/2680
f 3159/2385/2717 3160/2387/2718 3124/2389/2682 3123/2351/2681
f 3160/2387/2718 3161/2388/2719 3125/2390/2683 3124/2389/2682
f 3161/2388/2719 3162/2391/2720 3126/2355/2684 3125/2390/2683
f 3162/2391/2720 3163/2430/2721 3127/2357/2685 3126/2355/2684
f 3163/2430/2721 3164/2431/2722 3128/2358/2686 3127/2357/2685
f 3164/2431/2722 3165/2433/2723 3129/2393/2687 3128/2358/2686
f 3165/2433/2723 3166/2392/2724 3130/2395/2688 3129/2393/2687
f 3166/2392/2724 3167/2435/2725 3131/2394/2689 3130/2395/2688
f 3167/2435/2725 3168/2397/2726 3132/2396/2690 3131/2394/2689
f 3168/2397/2726 3169/2437/2727 3133/2398/2691 3132/2396/2690
f 3169/2437/2727 3170/2399/2728 3134/2400/2692 3133/2398/2691
f 3170/2399/2728 3171/2438/2729 3135/2401/2693 3134/2400/2692
f 3171/2438/2729 3172/2441/2730 3136/2402/2694 3135/2401/2693
f 3172/2441/2730 3173/2440/2731 3137/2362/2695 3136/2402/2694
f 3173/2440/2731 3174/2442/2732 3138/2403/2696 3137/2362/2695
f 3174/2442/2732 3175/2444/2733 3139/2405/2697 3138/2403/2696
f 3175/2444/2733 3176/2404/2734 3140/2365/2698 3139/2405/2697
f 3176/2404/2734 3177/2406/2735 3141/2366/2699 3140/2365/2698
f 3177/2406/2735 3178/2407/2736 3142/2408/2700 3141/2366/2699
f 3178/2407/2736 3179/2409/2737 3143/2367/2701 3142/2408/2700
f 3179/2409/2737 3180/2410/2738 3144/2368/2702 3143/2367/2701
f 3180/2410/2738 3181/2446/2739 3145/2411/2703 3144/2368/2702
f 3181/2446/2739 3182/2448/2740 3146/2412/2704 3145/2411/2703
f 3182/2448/2740 3183/2451/2741 3147/2371/2705 3146/2412/2704
f 3183/2451/2741 3184/2450/2742 3148/2374/2706 3147/2371/2705
f 3184/2450/2742 3185/2413/2743 3149/2375/2707 3148/2374/2706
f 3185/2413/2743 3186/2414/2744 3150/2415/2708 3149/2375/2707
f 3186/2414/2744 3187/2416/2745 3151/2417/2709 3150/2415/2708
f 3187/2416/2745 3188/2455/2746 3152/2378/2710 3151/2417/2709
f 3188/2455/2746 3153/2454/2712 3117/2418/2676 3152/2378/2710
f 3189/2457/2748 3190/2420/2747 3154/2419/2711 3153/2379/2712
f 3190/2420/2747 3191/2421/2749 3155/2380/2713 3154/2419/2711
f 3191/2421/2749 3192/2459/2750 3156/2422/2714 3155/2380/2713
f 3192/2459/2750 3193/2423/2751 3157/2382/2715 3156/2422/2714
f 3193/2423/2751 3194/2424/2752 3158/2384/2716 3157/2382/2715
f 3194/2424/2752 3195/2425/2753 3159/2385/2717 3158/2384/2716
f 3195/2425/2753 3196/2426/2754 3160/2387/2718 3159/2385/2717
f 3196/2426/2754 3197/2427/2755 3161/2388/2719 3160/2387/2718
f 3197/2427/2755 3198/2428/2756 3162/2391/2720 3161/2388/2719
f 3198/2428/2756 3199/2464/2757 3163/2430/2721 3162/2391/2720
f 3199/2464/2757 3200/2429/2758 3164/2431/2722 3163/2430/2721
f 3200/2429/2758 3201/2467/2759 3165/2433/2723 3164/2431/2722
f 3201/2467/2759 3202/2432/2760 3166/2392/2724 3165/2433/2723
f 3202/2432/2760 3203/2434/2761 3167/2435/2725 3166/2392/2724
f 3203/2434/2761 3204/2436/2762 3168/2397/2726 3167/2435/2725
f 3204/2436/2762 3205/2470/2763 3169/2437/2727 3168/2397/2726
f 3205/2470/2763 3206/2472/2764 3170/2399/2728 3169/2437/2727
f 3206/2472/2764 3207/2471/2765 3171/2438/2729 3170/2399/2728
f 3207/2471/2765 3208/2439/2766 3172/2441/2730 3171/2438/2729
f 3208/2439/2766 3209/2475/2767 3173/2440/2731 3172/2441/2730
f 3209/2475/2767 3210/2476/2768 3174/2442/2732 3173/2440/2731
f 3210/2476/2768 3211/2443/2769 3175/2444/2733 3174/2442/2732
f 3211/2443/2769 3212/2478/2770 3176/2404/2734 3175/2444/2733
f 3212/2478/2770 3213/2479/2771 3177/2406/2735 3176/2404/2734
f 3213/2479/2771 3214/2480/2772 3178/2407/2736 3177/2406/2735
f 3214/2480/2772 3215/2482/2773 3179/2409/2737 3178/2407/2736
f 3215/2482/2773 3216/2445/2774 3180/2410/2738 3179/2409/2737
f 3216/2445/2774 3217/2447/2775 3181/2446/2739 3180/2410/2738
f 3217/2447/2775 3218/2485/2776 3182/2448/2740 3181/2446/2739
f 3218/2485/2776 3219/2449/2777 3183/2451/2741 3182/2448/2740
f 3219/2449/2777 3220/2452/2778 3184/2450/2742 3183/2451/2741
f 3220/2452/2778 3221/2489/2779 3185/2413/2743 3184/2450/2742
f 3221/2489/2779 3222/2453/2780 3186/2414/2744 3185/2413/2743
f 3222/2453/2780 3223/2491/2781 3187/2416/2745 3186/2414/2744
f 3223/2491/2781 3224/2494/2782 3188/2455/2746 3187/2416/2745
f 3224/2494/2782 3189/2493/2748 3153/2454/2712 3188/2455/2746
f 3225/2456/2784 3226/2496/2783 3190/2420/2747 3189/2457/2748
f 3226/2496/2783 3227/2458/2785 3191/2421/2749 3190/2420/2747
f 3227/2458/2785 3228/2497/2786 3192/2459/2750 3191/2421/2749
f 3228/2497/2786 3229/2498/2787 3193/2423/2751 3192/2459/2750
f 3229/2498/2787 3230/2460/2788 3194/2424/2752 3193/2423/2751
f 3230/2460/2788 3231/2502/2789 3195/2425/2753 3194/2424/2752
f 3231/2502/2789 3232/2461/2790 3196/2426/2754 3195/2425/2753
f 3232/2461/2790 3233/2503/2791 3197/2427/2755 3196/2426/2754
f 3233/2503/2791 3234/2462/2792 3198/2428/2756 3197/2427/2755
f 3234/2462/2792 3235/2463/2793 3199/2464/2757 3198/2428/2756
f 3235/2463/2793 3236/2465/2794 3200/2429/2758 3199/2464/2757
f 3236/2465/2794 3237/2466/2795 3201/2467/2759 3200/2429/2758
f 3237/2466/2795 3238/2506/2796 3202/2432/2760 3201/2467/2759
f 3238/2506/2796 3239/2508/2797 3203/2434/2761 3202/2432/2760
f 3239/2508/2797 3240/2468/2798 3204/2436/2762 3203/2434/2761
f 3240/2468/2798 3241/2469/2799 3205/2470/2763 3204/2436/2762
f 3241/2469/2799 3242/2511/2800 3206/2472/2764 3205/2470/2763
f 3242/2511/2800 3243/2473/2801 3207/2471/2765 3206/2472/2764
f 3243/2473/2801 3244/2474/2802 3208/2439/2766 3207/2471/2765
f 3244/2474/2802 3245/2513/2803 3209/2475/2767 3208/2439/2766
f 3245/2513/2803 3246/2515/2804 3210/2476/2768 3209/2475/2767
f 3246/2515/2804 3247/2477/2805 3211/2443/2769 3210/2476/2768
f 3247/2477/2805 3248/2516/2806 3212/2478/2770 3211/2443/2769
f 3248/2516/2806 3249/2518/2807 3213/2479/2771 3212/2478/2770
f 3249/2518/2807 3250/2481/2808 3214/2480/2772 3213/2479/2771
f 3250/2481/2808 3251/2520/2809 3215/2482/2773 3214/2480/2772
f 3251/2520/2809 3252/2483/2810 3216/2445/2774 3215/2482/2773
f 3252/2483/2810 3253/2484/2811 3217/2447/2775 3216/2445/2774
f 3253/2484/2811 3254/2522/2812 3218/2485/2776 3217/2447/2775
f 3254/2522/2812 3255/2486/2813 3219/2449/2777 3218/2485/2776
f 3255/2486/2813 3256/2487/2814 3220/2452/2778 3219/2449/2777
f 3256/2487/2814 3257/2488/2815 3221/2489/2779 3220/2452/2778
f 3257/2488/2815 3258/2490/2816 3222/2453/2780 3221/2489/2779
f 3258/2490/2816 3259/2526/2817 3223/2491/2781 3222/2453/2780
f 3259/2526/2817 3260/2492/2818 3224/2494/2782 3223/2491/2781
f 3260/2492/2818 3225/2528/2784 3189/2493/2748 3224/2494/2782
f 3261/2495/2820 3262/2532/2819 3226/2496/2783 3225/2456/2784
f 3262/2532/2819 3263/2531/2821 3227/2458/2785 3226/2496/2783
f 3263/2531/2821 3264/2535/2822 3228/2497/2786 3227/2458/2785
f 3264/2535/2822 3265/2499/2823 3229/2498/2787 3228/2497/2786
f 3265/2499/2823 3266/2500/2824 3230/2460/2788 3229/2498/2787
f 3266/2500/2824 3267/2501/2825 3231/2502/2789 3230/2460/2788
f 3267/2501/2825 3268/2541/2826 3232/2461/2790 3231/2502/2789
f 3268/2541/2826 3269/2504/2827 3233/2503/2791 3232/2461/2790
f 3269/2504/2827 3270/2543/2828 3234/2462/2792 3233/2503/2791
f 3270/2543/2828 3271/2547/2829 3235/2463/2793 3234/2462/2792
f 3271/2547/2829 3272/2546/2830 3236/2465/2794 3235/2463/2793
f 3272/2546/2830 3273/2505/2831 3237/2466/2795 3236/2465/2794
f 3273/2505/2831 3274/2550/2832 3238/2506/2796 3237/2466/2795
f 3274/2550/2832 3275/2507/2833 3239/2508/2797 3238/2506/2796
f 3275/2507/2833 3276/2552/2834 3240/2468/2798 3239/2508/2797
f 3276/2552/2834 3277/2509/2835 3241/2469/2799 3240/2468/2798
f 3277/2509/2835 3278/2555/2836 3242/2511/2800 3241/2469/2799
f 3278/2555/2836 3279/2510/2837 3243/2473/2801 3242/2511/2800
f 3279/2510/2837 3280/2560/2838 3244/2474/2802 3243/2473/2801
f 3280/2560/2838 3281/2512/2839 3245/2513/2803 3244/2474/2802
f 3281/2512/2839 3282/2514/2840 3246/2515/2804 3245/2513/2803
f 3282/2514/2840 3283/2563/2841 3247/2477/2805 3246/2515/2804
f 3283/2563/2841 3284/2517/2842 3248/2516/2806 3247/2477/2805
f 3284/2517/2842 3285/2566/2843 3249/2518/2807 3248/2516/2806
f 3285/2566/2843 3286/2568/2844 3250/2481/2808 3249/2518/2807
f 3286/2568/2844 3287/2519/2845 3251/2520/2809 3250/2481/2808
f 3287/2519/2845 3288/2571/2846 3252/2483/2810 3251/2520/2809
f 3288/2571/2846 3289/2521/2847 3253/2484/2811 3252/2483/2810
f 3289/2521/2847 3290/2523/2848 3254/2522/2812 3253/2484/2811
f 3290/2523/2848 3291/2524/2849 3255/2486/2813 3254/2522/2812
f 3291/2524/2849 3292/2576/2850 3256/2487/2814 3255/2486/2813
f 3292/2576/2850 3293/2577/2851 3257/2488/2815 3256/2487/2814
f 3293/2577/2851 3294/2525/2852 3258/2490/2816 3257/2488/2815
f 3294/2525/2852 3295/2580/2853 3259/2526/2817 3258/2490/2816
f 3295/2580/2853 3296/2583/2854 3260/2492/2818 3259/2526/2817
f 3296/2583/2854 3261/2527/2820 3225/2528/2784 3260/2492/2818
f 3297/2529/2856 3298/2530/2855 3262/2532/2819 3261/2495/2820
f 3298/2530/2855 3299/2533/2857 3263/2531/2821 3262/2532/2819
f 3299/2533/2857 3300/2534/2858 3264/2535/2822 3263/2531/2821
f 3300/2534/2858 3301/2536/2859 3265/2499/2823 3264/2535/2822
f 3301/2536/2859 3302/2537/2860 3266/2500/2824 3265/2499/2823
f 3302/2537/2860 3303/2538/2861 3267/2501/2825 3266/2500/2824
f 3303/2538/2861 3304/2539/2862 3268/2541/2826 3267/2501/2825
f 3304/2539/2862 3305/2540/2863 3269/2504/2827 3268/2541/2826
f 3305/2540/2863 3306/2542/2864 3270/2543/2828 3269/2504/2827
f 3306/2542/2864 3307/2544/2865 3271/2547/2829 3270/2543/2828
f 3307/2544/2865 3308/2545/2866 3272/2546/2830 3271/2547/2829
f 3308/2545/2866 3309/2548/2867 3273/2505/2831 3272/2546/2830
f 3309/2548/2867 3310/2549/2868 3274/2550/2832 3273/2505/2831
f 3310/2549/2868 3311/2551/2869 3275/2507/2833 3274/2550/2832
f 3311/2551/2869 3312/2553/2870 3276/2552/2834 3275/2507/2833
f 3312/2553/2870 3313/2554/2871 3277/2509/2835 3276/2552/2834
f 3313/2554/2871 3314/2556/2872 3278/2555/2836 3277/2509/2835
f 3314/2556/2872 3315/2557/2873 3279/2510/2837 3278/2555/2836
f 3315/2557/2873 3316/2558/2874 3280/2560/2838 3279/2510/2837
f 3316/2558/2874 3317/2559/2875 3281/2512/2839 3280/2560/2838
f 3317/2559/2875 3318/2561/2876 3282/2514/2840 3281/2512/2839
f 3318/2561/2876 3319/2562/2877 3283/2563/2841 3282/2514/2840
f 3319/2562/2877 3320/2564/2878 3284/2517/2842 3283/2563/2841
f 3320/2564/2878 3321/2565/2879 3285/2566/2843 3284/2517/2842
f 3321/2565/2879 3322/2567/2880 3286/2568/2844 3285/2566/2843
f 3322/2567/2880 3323/2569/2881 3287/2519/2845 3286/2568/2844
f 3323/2569/2881 3324/2570/2882 3288/2571/2846 3287/2519/2845
f 3324/2570/2882 3325/2572/2883 3289/2521/2847 3288/2571/2846
f 3325/2572/2883 3326/2573/2884 3290/2523/2848 3289/2521/2847
f 3326/2573/2884 3327/2574/2885 3291/2524/2849 3290/2523/2848
f 3327/2574/2885 3328/2575/2886 3292/2576/2850 3291/2524/2849
f 3328/2575/2886 3329/2578/2887 3293/2577/2851 3292/2576/2850
f 3329/2578/2887 3330/2579/2888 3294/2525/2852 3293/2577/2851
f 3330/2579/2888 3331/2581/2889 3295/2580/2853 3294/2525/2852
f 3331/2581/2889 3332/2582/2890 3296/2583/2854 3295/2580/2853
f 3332/2582/2890 3297/2584/2856 3261/2527/2820 3296/2583/2854
f 885/2585/2922 886/2586/2907 887/2587/2915 888/2588/2908 889/2589/2909 890/2620/2900 891/2590/2899 892/2619/2899 893/2591/2898 894/2592/2919 895/2618/2897 896/2617/2913 897/2593/2906 898/2616/2918 899/2594/2894 900/2595/2901 901/2596/2901 902/2615/2893 903/2597/2921 904/2614/2892 905/2598/2904 906/2613/2904 907/2599/2891 908/2600/2917 909/2601/2910 910/2602/2914 911/2603/2911 912/2604/2920 913/2612/2905 914/2611/2912 915/2605/2896 916/2606/2916 917/2607/2895 918/2608/2902 919/2609/2902 920/2610/2903
f 3332/2610/2924 3331/2609/2934 3330/2608/2934 3329/2607/2923 3328/2606/2948 3327/2605/2941 3326/2611/2943 3325/2612/2942 3324/2604/2949 3323/2603/2938 3322/2602/2944 3321/2601/2928 3320/2600/2947 3319/2599/2927 3318/2613/2932 3317/2598/2932 3316/2614/2933 3315/2597/2951 3314/2615/2935 3313/2596/2937 3312/2595/2937 3311/2594/2936 3310/2616/2946 3309/2593/2940 3308/2617/2943 3307/2618/2930 3306/2592/2950 3305/2591/2929 3304/2619/2945 3303/2590/2939 3302/2620/2947 3301/2589/2926 3300/2588/2931 3299/2587/2931 3298/2586/2925 3297/2585/2951
usemtl Party_Hat
f 3336/2805/2955 3337/2621/2954 3338/2623/2953 3333/2622/2952
f 3338/2623/2953 3339/2740/2957 3340/2624/2956 3333/2622/2952
f 3340/2624/2956 3341/2625/2958 3336/2805/2955 3333/2622/2952
f 3342/2821/2962 3343/2626/2961 3344/2815/2960 3334/2627/2959
f 3344/2815/2960 3345/2814/2964 3346/2905/2963 3334/2627/2959
f 3346/2905/2963 3347/2628/2965 3342/2821/2962 3334/2627/2959
f 3349/2909/2969 3350/2816/2968 3351/2629/2967 3348/2630/2966
f 3352/2806/2973 3353/2631/2972 3354/2632/2971 3335/2633/2970
f 3355/2634/2975 3356/2741/2974 3352/2806/2973 3335/2633/2970
f 3354/2632/2971 3357/2636/2976 3355/2634/2975 3335/2633/2970
f 3358/2739/2978 3359/2738/2977 3355/2634/2975 3357/2636/2976
f 3354/2632/2971 3360/2635/2980 3361/2638/2979 3357/2636/2976
f 3361/2638/2979 3362/2637/2981 3358/2739/2978 3357/2636/2976
f 3363/2734/2983 3364/2733/2982 3358/2739/2978 3362/2637/2981
f 3361/2638/2979 3365/2817/2985 3366/2640/2984 3362/2637/2981
f 3366/2640/2984 3367/2639/2986 3363/2734/2983 3362/2637/2981
f 3368/2641/2988 3369/2731/2987 3363/2734/2983 3367/2639/2986
f 3366/2640/2984 3349/2909/2969 3370/2642/2989 3367/2639/2986
f 3370/2642/2989 3371/2644/2990 3368/2641/2988 3367/2639/2986
f 3372/2645/2992 3373/2732/2991 3368/2641/2988 3371/2644/2990
f 3370/2642/2989 3374/2902/2994 3375/2643/2993 3371/2644/2990
f 3375/2643/2993 3376/2646/2995 3372/2645/2992 3371/2644/2990
f 3377/2725/2997 3378/2724/2996 3372/2645/2992 3376/2646/2995
f 3375/2643/2993 3379/2901/2999 3380/2647/2998 3376/2646/2995
f 3380/2647/2998 3381/2649/3000 3377/2725/2997 3376/2646/2995
f 3382/2651/3002 3383/2722/3001 3377/2725/2997 3381/2649/3000
f 3380/2647/2998 3384/2899/3004 3385/2648/3003 3381/2649/3000
f 3385/2648/3003 3386/2652/3005 3382/2651/3002 3381/2649/3000
f 3387/2653/3007 3388/2650/3006 3382/2651/3002 3386/2652/3005
f 3385/2648/3003 3389/2895/3009 3390/2894/3008 3386/2652/3005
f 3390/2894/3008 3391/2655/3010 3387/2653/3007 3386/2652/3005
f 3392/2654/3012 3393/2718/3011 3387/2653/3007 3391/2655/3010
f 3390/2894/3008 3394/2893/3014 3395/2885/3013 3391/2655/3010
f 3395/2885/3013 3396/2656/3015 3392/2654/3012 3391/2655/3010
f 3397/2660/3017 3398/2716/3016 3392/2654/3012 3396/2656/3015
f 3395/2885/3013 3399/2657/3019 3400/2658/3018 3396/2656/3015
f 3400/2658/3018 3401/2659/3020 3397/2660/3017 3396/2656/3015
f 3402/2661/3022 3403/2710/3021 3397/2660/3017 3401/2659/3020
f 3400/2658/3018 3404/2662/3024 3405/2663/3023 3401/2659/3020
f 3405/2663/3023 3406/2664/3025 3402/2661/3022 3401/2659/3020
f 3407/2708/3027 3408/2711/3026 3402/2661/3022 3406/2664/3025
f 3405/2876/3023 3409/2874/3029 3410/2665/3028 3406/2668/3025
f 3410/2665/3028 3411/2666/3030 3407/2667/3027 3406/2668/3025
f 3412/2669/3032 3413/2704/3031 3407/2667/3027 3411/2666/3030
f 3410/2665/3028 3414/2871/3034 3415/2870/3033 3411/2666/3030
f 3415/2870/3033 3416/2672/3035 3412/2669/3032 3411/2666/3030
f 3417/2674/3037 3418/2701/3036 3412/2669/3032 3416/2672/3035
f 3415/2870/3033 3419/2670/3039 3420/2868/3038 3416/2672/3035
f 3420/2868/3038 3421/2671/3040 3417/2674/3037 3416/2672/3035
f 3422/2675/3042 3423/2673/3041 3417/2674/3037 3421/2671/3040
f 3420/2868/3038 3424/2865/3044 3425/2864/3043 3421/2671/3040
f 3425/2864/3043 3426/2677/3045 3422/2675/3042 3421/2671/3040
f 3425/2864/3043 3427/2676/3047 3428/2678/3046 3426/2677/3045
f 3427/2676/3047 3429/2856/3049 3430/2681/3048 3428/2678/3046
f 3429/2856/3049 3431/2679/3051 3432/2680/3050 3430/2681/3048
f 3431/2679/3051 3433/2859/3053 3434/2682/3052 3432/2680/3050
f 3433/2859/3053 3435/2907/3055 3436/2683/3054 3434/2682/3052
f 3435/2907/3055 3437/2778/3057 3438/2684/3056 3436/2683/3054
f 3437/2778/3057 3439/2685/3059 3440/2687/3058 3438/2684/3056
f 3439/2685/3059 3441/2688/3061 3442/2686/3060 3440/2687/3058
f 3441/2688/3061 3443/2689/3063 3444/2690/3062 3442/2686/3060
f 3443/2689/3063 3445/2773/3065 3446/2693/3064 3444/2690/3062
f 3445/2773/3065 3447/2691/3067 3448/2692/3066 3446/2693/3064
f 3447/2691/3067 3449/2694/3069 3450/2696/3068 3448/2692/3066
f 3449/2694/3069 3451/2705/3071 3452/2695/3070 3450/2696/3068
f 3451/2705/3071 3453/2697/3073 3454/2698/3072 3452/2695/3070
f 3453/2699/3073 3418/2701/3036 3455/2702/3074 3454/2700/3072
f 3418/2701/3036 3417/2674/3037 3423/2673/3041 3455/2702/3074
f 3451/2705/3071 3456/2706/3075 3413/2703/3031 3453/2697/3073
f 3413/2704/3031 3412/2669/3032 3418/2701/3036 3453/2699/3073
f 3451/2705/3071 3449/2694/3069 3457/2709/3076 3456/2706/3075
f 3457/2709/3076 3458/2707/3077 3408/2711/3026 3456/2706/3075
f 3408/2711/3026 3407/2708/3027 3413/2703/3031 3456/2706/3075
f 3457/2709/3076 3459/2908/3079 3460/2712/3078 3458/2707/3077
f 3460/2712/3078 3461/2714/3080 3403/2710/3021 3458/2707/3077
f 3403/2710/3021 3402/2661/3022 3408/2711/3026 3458/2707/3077
f 3460/2712/3078 3462/2713/3082 3463/2717/3081 3461/2714/3080
f 3463/2717/3081 3464/2715/3083 3398/2716/3016 3461/2714/3080
f 3398/2716/3016 3397/2660/3017 3403/2710/3021 3461/2714/3080
f 3463/2717/3081 3465/2769/3085 3466/2768/3084 3464/2715/3083
f 3466/2768/3084 3467/2720/3086 3393/2718/3011 3464/2715/3083
f 3393/2718/3011 3392/2654/3012 3398/2716/3016 3464/2715/3083
f 3466/2768/3084 3468/2764/3088 3469/2721/3087 3467/2720/3086
f 3469/2721/3087 3470/2719/3089 3388/2650/3006 3467/2720/3086
f 3388/2650/3006 3387/2653/3007 3393/2718/3011 3467/2720/3086
f 3469/2721/3087 3471/2762/3091 3472/2761/3090 3470/2719/3089
f 3472/2761/3090 3473/2723/3092 3383/2722/3001 3470/2719/3089
f 3383/2722/3001 3382/2651/3002 3388/2650/3006 3470/2719/3089
f 3472/2761/3090 3474/2760/3094 3475/2726/3093 3473/2723/3092
f 3475/2726/3093 3476/2728/3095 3378/2724/2996 3473/2723/3092
f 3378/2724/2996 3377/2725/2997 3383/2722/3001 3473/2723/3092
f 3475/2726/3093 3477/2755/3097 3478/2727/3096 3476/2728/3095
f 3478/2727/3096 3479/2729/3098 3373/2732/2991 3476/2728/3095
f 3373/2732/2991 3372/2645/2992 3378/2724/2996 3476/2728/3095
f 3478/2727/3096 3480/2751/3100 3481/2750/3099 3479/2729/3098
f 3481/2750/3099 3482/2730/3101 3369/2731/2987 3479/2729/3098
f 3369/2731/2987 3368/2641/2988 3373/2732/2991 3479/2729/3098
f 3481/2750/3099 3483/2747/3103 3484/2735/3102 3482/2730/3101
f 3484/2735/3102 3485/2737/3104 3364/2733/2982 3482/2730/3101
f 3364/2733/2982 3363/2734/2983 3369/2731/2987 3482/2730/3101
f 3484/2735/3102 3486/2744/3106 3487/2736/3105 3485/2737/3104
f 3487/2736/3105 3488/2742/3107 3359/2738/2977 3485/2737/3104
f 3359/2738/2977 3358/2739/2978 3364/2733/2982 3485/2737/3104
f 3487/2736/3105 3339/2740/2957 3338/2623/2953 3488/2742/3107
f 3338/2623/2953 3337/2621/2954 3356/2741/2974 3488/2742/3107
f 3356/2741/2974 3355/2634/2975 3359/2738/2977 3488/2742/3107
f 3486/2744/3106 3489/2745/3108 3339/2740/2957 3487/2736/3105
f 3490/2743/3111 3491/2799/3110 3492/2801/3109 3489/2745/3108
f 3492/2801/3109 3340/2624/2956 3339/2740/2957 3489/2745/3108
f 3486/2744/3106 3493/2748/3112 3490/2743/3111 3489/2745/3108
f 3494/2794/3114 3495/2746/3113 3490/2743/3111 3493/2748/3112
f 3486/2744/3106 3484/2735/3102 3483/2747/3103 3493/2748/3112
f 3483/2747/3103 3496/2752/3115 3494/2794/3114 3493/2748/3112
f 3497/2754/3117 3498/2749/3116 3494/2794/3114 3496/2752/3115
f 3483/2747/3103 3481/2750/3099 3480/2751/3100 3496/2752/3115
f 3480/2751/3100 3499/2756/3118 3497/2754/3117 3496/2752/3115
f 3500/2753/3120 3501/2788/3119 3497/2754/3117 3499/2756/3118
f 3480/2751/3100 3478/2727/3096 3477/2755/3097 3499/2756/3118
f 3477/2755/3097 3502/2758/3121 3500/2753/3120 3499/2756/3118
f 3503/2757/3123 3504/2785/3122 3500/2753/3120 3502/2758/3121
f 3477/2755/3097 3475/2726/3093 3474/2760/3094 3502/2758/3121
f 3474/2760/3094 3505/2759/3124 3503/2757/3123 3502/2758/3121
f 3506/2782/3126 3507/2786/3125 3503/2757/3123 3505/2759/3124
f 3474/2760/3094 3472/2761/3090 3471/2762/3091 3505/2759/3124
f 3471/2762/3091 3508/2766/3127 3506/2782/3126 3505/2759/3124
f 3509/2765/3129 3510/2763/3128 3506/2782/3126 3508/2766/3127
f 3471/2762/3091 3469/2721/3087 3468/2764/3088 3508/2766/3127
f 3468/2764/3088 3511/2770/3130 3509/2765/3129 3508/2766/3127
f 3512/2776/3132 3513/2767/3131 3509/2765/3129 3511/2770/3130
f 3468/2764/3088 3466/2768/3084 3465/2769/3085 3511/2770/3130
f 3465/2769/3085 3514/2772/3133 3512/2776/3132 3511/2770/3130
f 3515/2771/3135 3516/2777/3134 3512/2776/3132 3514/2772/3133
f 3465/2769/3085 3463/2717/3081 3462/2713/3082 3514/2772/3133
f 3462/2713/3082 3517/2774/3136 3515/2771/3135 3514/2772/3133
f 3445/2773/3065 3443/2689/3063 3515/2771/3135 3517/2774/3136
f 3462/2713/3082 3460/2712/3078 3459/2908/3079 3517/2774/3136
f 3459/2908/3079 3447/2691/3067 3445/2773/3065 3517/2774/3136
f 3441/2688/3061 3439/2685/3059 3518/2775/3137 3516/2777/3134
f 3518/2775/3137 3513/2767/3131 3512/2776/3132 3516/2777/3134
f 3515/2771/3135 3443/2689/3063 3441/2688/3061 3516/2777/3134
f 3439/2685/3059 3437/2778/3057 3519/2906/3138 3518/2775/3137
f 3519/2906/3138 3520/2779/3139 3513/2767/3131 3518/2775/3137
f 3519/2906/3138 3521/2861/3141 3522/2780/3140 3520/2779/3139
f 3522/2780/3140 3523/2783/3142 3510/2763/3128 3520/2779/3139
f 3510/2763/3128 3509/2765/3129 3513/2767/3131 3520/2779/3139
f 3522/2780/3140 3524/2781/3144 3525/2862/3143 3523/2783/3142
f 3525/2862/3143 3526/2784/3145 3507/2786/3125 3523/2783/3142
f 3507/2786/3125 3506/2782/3126 3510/2763/3128 3523/2783/3142
f 3525/2862/3143 3527/2854/3147 3528/2866/3146 3526/2784/3145
f 3528/2866/3146 3529/2789/3148 3504/2785/3122 3526/2784/3145
f 3504/2785/3122 3503/2757/3123 3507/2786/3125 3526/2784/3145
f 3528/2866/3146 3530/2851/3150 3531/2790/3149 3529/2789/3148
f 3531/2790/3149 3532/2787/3151 3501/2788/3119 3529/2789/3148
f 3501/2788/3119 3500/2753/3120 3504/2785/3122 3529/2789/3148
f 3531/2790/3149 3533/2848/3153 3534/2791/3152 3532/2787/3151
f 3534/2791/3152 3535/2793/3154 3498/2749/3116 3532/2787/3151
f 3498/2749/3116 3497/2754/3117 3501/2788/3119 3532/2787/3151
f 3534/2791/3152 3536/2875/3156 3537/2792/3155 3535/2793/3154
f 3537/2792/3155 3538/2795/3157 3495/2746/3113 3535/2793/3154
f 3495/2746/3113 3494/2794/3114 3498/2749/3116 3535/2793/3154
f 3537/2792/3155 3539/2839/3159 3540/2796/3158 3538/2795/3157
f 3540/2796/3158 3541/2798/3160 3491/2799/3110 3538/2795/3157
f 3491/2799/3110 3490/2743/3111 3495/2746/3113 3538/2795/3157
f 3540/2796/3158 3542/2837/3162 3543/2883/3161 3541/2798/3160
f 3543/2883/3161 3544/2800/3164 3545/2797/3163 3541/2798/3160
f 3545/2797/3163 3492/2801/3109 3491/2799/3110 3541/2798/3160
f 3544/2800/3164 3546/2803/3165 3341/2625/2958 3545/2797/3163
f 3341/2625/2958 3340/2624/2956 3492/2801/3109 3545/2797/3163
f 3544/2800/3164 3547/2884/3167 3548/2802/3166 3546/2803/3165
f 3548/2802/3166 3549/2808/3169 3550/2804/3168 3546/2803/3165
f 3550/2804/3168 3336/2805/2955 3341/2625/2958 3546/2803/3165
f 3549/2808/3169 3551/2809/3171 3552/2807/3170 3550/2804/3168
f 3552/2807/3170 3337/2621/2954 3336/2805/2955 3550/2804/3168
f 3551/2809/3171 3353/2631/2972 3352/2806/2973 3552/2807/3170
f 3352/2806/2973 3356/2741/2974 3337/2621/2954 3552/2807/3170
f 3549/2808/3169 3553/2891/3173 3554/2810/3172 3551/2809/3171
f 3554/2810/3172 3555/2811/3174 3353/2631/2972 3551/2809/3171
f 3360/2635/2980 3354/2632/2971 3353/2631/2972 3555/2811/3174
f 3554/2812/3172 3346/2905/2963 3345/2814/2964 3555/2811/3174
f 3345/2814/2964 3556/2813/3175 3360/2635/2980 3555/2811/3174
f 3365/2817/2985 3361/2638/2979 3360/2635/2980 3556/2813/3175
f 3345/2814/2964 3344/2815/2960 3557/2819/3176 3556/2813/3175
f 3557/2819/3176 3350/2816/2968 3365/2817/2985 3556/2813/3175
f 3558/2818/3177 3351/2629/2967 3350/2816/2968 3557/2819/3176
f 3344/2815/2960 3343/2626/2961 3558/2818/3177 3557/2819/3176
f 3559/2820/3179 3560/2903/3178 3351/2629/2967 3558/2818/3177
f 3343/2626/2961 3561/2823/3180 3559/2820/3179 3558/2818/3177
f 3562/2825/3182 3563/2900/3181 3559/2820/3179 3561/2823/3180
f 3343/2626/2961 3342/2821/2962 3564/2822/3183 3561/2823/3180
f 3564/2822/3183 3565/2826/3184 3562/2825/3182 3561/2823/3180
f 3566/2824/3186 3567/2897/3185 3562/2825/3182 3565/2826/3184
f 3564/2822/3183 3568/2898/3188 3569/2887/3187 3565/2826/3184
f 3569/2887/3187 3570/2827/3189 3566/2824/3186 3565/2826/3184
f 3571/2886/3191 3572/2896/3190 3566/2824/3186 3570/2827/3189
f 3569/2887/3187 3573/2889/3193 3574/2828/3192 3570/2827/3189
f 3574/2828/3192 3575/2829/3194 3571/2886/3191 3570/2827/3189
f 3576/2881/3196 3577/2880/3195 3571/2886/3191 3575/2829/3194
f 3574/2830/3192 3578/2831/3198 3579/2833/3197 3575/2832/3194
f 3579/2833/3197 3580/2836/3199 3576/2834/3196 3575/2832/3194
f 3581/2835/3201 3582/2879/3200 3576/2834/3196 3580/2836/3199
f 3579/2833/3197 3542/2837/3162 3583/2838/3202 3580/2836/3199
f 3583/2838/3202 3584/2840/3203 3581/2835/3201 3580/2836/3199
f 3585/2841/3205 3586/2877/3204 3581/2835/3201 3584/2840/3203
f 3583/2838/3202 3539/2839/3159 3587/2842/3206 3584/2840/3203
f 3587/2842/3206 3588/2843/3207 3585/2841/3205 3584/2840/3203
f 3589/2845/3209 3590/2873/3208 3585/2841/3205 3588/2843/3207
f 3587/2842/3206 3536/2875/3156 3591/2844/3210 3588/2843/3207
f 3591/2844/3210 3592/2847/3211 3589/2845/3209 3588/2843/3207
f 3593/2846/3213 3594/2872/3212 3589/2845/3209 3592/2847/3211
f 3591/2844/3210 3533/2848/3153 3595/2850/3214 3592/2847/3211
f 3595/2850/3214 3596/2849/3215 3593/2846/3213 3592/2847/3211
f 3597/2852/3217 3598/2869/3216 3593/2846/3213 3596/2849/3215
f 3595/2850/3214 3530/2851/3150 3599/2867/3218 3596/2849/3215
f 3599/2867/3218 3600/2855/3219 3597/2852/3217 3596/2849/3215
f 3601/2857/3221 3602/2853/3220 3597/2852/3217 3600/2855/3219
f 3599/2867/3218 3527/2854/3147 3603/2863/3222 3600/2855/3219
f 3603/2863/3222 3604/2858/3223 3601/2857/3221 3600/2855/3219
f 3431/2679/3051 3429/2856/3049 3601/2857/3221 3604/2858/3223
f 3603/2863/3222 3524/2781/3144 3605/2860/3224 3604/2858/3223
f 3605/2860/3224 3433/2859/3053 3431/2679/3051 3604/2858/3223
f 3524/2781/3144 3522/2780/3140 3521/2861/3141 3605/2860/3224
f 3521/2861/3141 3435/2907/3055 3433/2859/3053 3605/2860/3224
f 3527/2854/3147 3525/2862/3143 3524/2781/3144 3603/2863/3222
f 3427/2676/3047 3425/2864/3043 3424/2865/3044 3602/2853/3220
f 3424/2865/3044 3598/2869/3216 3597/2852/3217 3602/2853/3220
f 3601/2857/3221 3429/2856/3049 3427/2676/3047 3602/2853/3220
f 3530/2851/3150 3528/2866/3146 3527/2854/3147 3599/2867/3218
f 3424/2865/3044 3420/2868/3038 3419/2670/3039 3598/2869/3216
f 3419/2670/3039 3594/2872/3212 3593/2846/3213 3598/2869/3216
f 3533/2848/3153 3531/2790/3149 3530/2851/3150 3595/2850/3214
f 3419/2670/3039 3415/2870/3033 3414/2871/3034 3594/2872/3212
f 3414/2871/3034 3590/2873/3208 3589/2845/3209 3594/2872/3212
f 3536/2875/3156 3534/2791/3152 3533/2848/3153 3591/2844/3210
f 3414/2871/3034 3410/2665/3028 3409/2874/3029 3590/2873/3208
f 3409/2874/3029 3586/2877/3204 3585/2841/3205 3590/2873/3208
f 3539/2839/3159 3537/2792/3155 3536/2875/3156 3587/2842/3206
f 3409/2874/3029 3405/2876/3023 3404/2878/3024 3586/2877/3204
f 3404/2878/3024 3582/2879/3200 3581/2835/3201 3586/2877/3204
f 3542/2837/3162 3540/2796/3158 3539/2839/3159 3583/2838/3202
f 3404/2662/3024 3400/2658/3018 3399/2657/3019 3582/2882/3200
f 3399/2657/3019 3577/2880/3195 3576/2881/3196 3582/2882/3200
f 3578/2831/3198 3543/2883/3161 3542/2837/3162 3579/2833/3197
f 3574/2830/3192 3573/2890/3193 3547/2884/3167 3578/2831/3198
f 3547/2884/3167 3544/2800/3164 3543/2883/3161 3578/2831/3198
f 3399/2657/3019 3395/2885/3013 3394/2893/3014 3577/2880/3195
f 3394/2893/3014 3572/2896/3190 3571/2886/3191 3577/2880/3195
f 3569/2887/3187 3568/2898/3188 3606/2888/3225 3573/2889/3193
f 3606/2892/3225 3548/2802/3166 3547/2884/3167 3573/2890/3193
f 3568/2898/3188 3347/2628/2965 3553/2904/3173 3606/2888/3225
f 3553/2891/3173 3549/2808/3169 3548/2802/3166 3606/2892/3225
f 3394/2893/3014 3390/2894/3008 3389/2895/3009 3572/2896/3190
f 3389/2895/3009 3567/2897/3185 3566/2824/3186 3572/2896/3190
f 3564/2822/3183 3342/2821/2962 3347/2628/2965 3568/2898/3188
f 3389/2895/3009 3385/2648/3003 3384/2899/3004 3567/2897/3185
f 3384/2899/3004 3563/2900/3181 3562/2825/3182 3567/2897/3185
f 3384/2899/3004 3380/2647/2998 3379/2901/2999 3563/2900/3181
f 3379/2901/2999 3560/2903/3178 3559/2820/3179 3563/2900/3181
f 3379/2901/2999 3375/2643/2993 3374/2902/2994 3560/2903/3178
f 3374/2902/2994 3348/2630/2966 3351/2629/2967 3560/2903/3178
f 3553/2904/3173 3347/2628/2965 3346/2905/2963 3554/2812/3172
f 3519/2906/3138 3437/2778/3057 3435/2907/3055 3521/2861/3141
f 3457/2709/3076 3449/2694/3069 3447/2691/3067 3459/2908/3079
f 3370/2642/2989 3349/2909/2969 3348/2630/2966 3374/2902/2994
f 3365/2817/2985 3350/2816/2968 3349/2909/2969 3366/2640/2984
